43,43,42,40,39,37,36,35,36,37,38,39,40,40,40,40,39,40,41,42,44,45,46,47,46,46,47,47,46,43,41,39,41,40,40,40,41,41,40,39,40,38,36,36,38,40,41,41,41,42,45,46,45,42,38,35,33,34,36,38,41,42,44,44,41,41,42,43,45,46,47,47,47,48,50,51,52,52,52,51,54,54,55,57,59,59,57,55,50,49,46,44,43,42,41,41,42,42,42,42,41,40,39,38,40,41,42,41,39,39,39,40,43,43,45,47,50,50,49,47,43,42,40,38,36,33,29,26,25,23,20,20,22,24,24,24,26,27,27,26,25,24,26,27,25,25,25,25,25,25,25,25,25,24,23,23,22,22,23,23,26,25,24,24,24,23,21,19,18,17,17,16,17,18,19,20,26,29,34,39,44,47,49,50,47,49,52,54,56,59,63,65,67,67,66,62,57,54,54,55,52,58,61,60,58,56,52,47,35,27,20,19,16,11,7,6,5,5,5,5,5,5,5,4,6,8,10,13,16,18,20,20,18,17,16,14,12,10,9,9,7,7,6,6,7,8,9,10,17,20,23,27,30,33,37,40,44,46,49,50,50,50,51,53,53,53,54,55,56,57,57,57,58,56,54,51,47,44,41,39,37,35,31,29,28,28,27,27,25,25,25,26,28,29,31,31,34,34,34,35,36,37,37,38,38,38,39,40,40,40,40,40,39,37,36,35,35,35,33,31,32,30,28,27,28,29,29,28,34,35,38,41,44,45,43,41,33,33,32,31,29,26,24,23,20,19,18,19,19,19,17,16,14,15,15,16,16,15,15,15,15,14,16,21,27,31,32,32,38,35,36,38,41,43,49,55,59,62,63,59,54,51,46,42,38,35,34,34,33,29,
43,42,41,40,38,37,36,35,36,37,38,39,40,40,40,40,39,40,41,42,43,44,45,46,45,46,47,47,46,43,40,39,39,39,39,39,41,41,40,38,40,38,36,36,38,39,40,40,41,42,45,46,45,42,38,36,34,35,36,38,39,40,40,40,39,39,40,40,42,43,45,45,47,48,49,51,51,52,51,51,54,54,55,57,58,58,56,54,50,49,47,45,43,42,41,41,42,43,43,42,42,41,40,39,40,41,41,39,38,37,38,40,42,42,44,46,49,50,48,47,44,43,41,39,38,35,31,28,26,24,22,21,23,24,25,25,26,27,27,26,25,24,26,27,26,26,26,26,25,25,25,25,25,25,24,23,23,23,23,23,26,25,24,24,24,23,21,19,18,18,17,17,17,18,19,20,26,28,33,38,43,46,48,49,48,49,52,54,56,60,65,68,72,72,71,67,63,60,60,61,59,64,66,66,65,64,60,55,41,31,21,18,16,12,8,6,5,5,5,5,5,5,5,5,6,7,9,12,15,17,18,19,17,16,15,13,12,10,9,9,7,6,6,6,7,8,9,10,15,18,22,26,29,32,35,38,42,44,47,48,48,48,49,50,50,50,51,53,54,55,56,56,59,58,56,53,49,46,43,42,40,37,33,31,30,29,29,28,25,25,25,26,27,28,30,30,33,33,34,34,35,36,37,37,37,38,39,40,40,40,40,40,40,38,36,36,36,35,34,32,31,29,27,26,26,26,26,26,31,32,34,38,41,42,41,39,33,32,29,26,24,23,23,23,19,18,18,19,20,20,18,16,16,16,17,17,17,17,16,16,15,16,18,23,28,33,34,34,38,35,36,39,41,45,51,58,61,63,62,56,51,47,43,39,39,35,33,33,31,28,
42,41,41,39,38,37,36,36,36,37,38,39,40,40,40,40,39,39,40,41,42,43,43,44,44,46,47,48,47,43,40,37,38,37,37,38,40,40,39,38,38,37,35,35,37,39,40,40,41,42,44,46,45,42,39,37,36,36,37,38,38,38,37,37,38,37,37,36,37,39,42,43,47,47,48,50,50,51,51,51,54,54,54,56,57,57,55,53,51,50,48,46,44,43,42,41,43,43,43,43,43,42,41,40,40,40,39,37,35,35,37,39,41,41,42,45,47,49,48,46,45,44,42,41,40,37,33,30,28,26,24,24,25,26,26,25,27,27,27,26,25,24,25,27,26,26,26,26,26,26,26,26,26,25,24,24,24,24,24,25,27,26,24,24,24,23,21,19,19,19,18,17,17,18,19,20,25,28,32,37,42,46,48,49,48,50,52,54,57,63,69,73,80,79,77,74,70,68,67,68,67,70,72,72,74,75,70,63,51,38,24,18,16,13,10,7,5,5,5,5,5,5,5,5,5,6,8,11,13,15,16,17,16,15,14,13,11,10,9,9,6,7,7,7,7,9,10,11,12,15,20,24,27,29,32,34,39,41,44,45,45,45,45,46,45,46,47,49,51,53,55,55,60,59,58,55,52,49,46,45,43,40,36,34,32,31,30,28,25,25,25,25,26,27,28,29,32,32,32,33,34,35,35,36,37,38,39,40,40,40,40,40,41,39,38,37,37,37,35,34,31,28,25,24,23,23,22,22,26,27,30,33,37,39,38,36,33,30,26,22,19,19,20,21,19,18,18,19,20,21,19,18,18,18,19,19,19,18,18,17,16,17,20,25,31,35,37,37,38,36,37,40,43,46,53,60,65,66,63,55,48,45,41,38,39,35,32,32,30,28,
41,40,40,39,38,37,36,36,36,37,38,39,40,40,40,40,39,39,39,40,40,41,41,41,43,44,46,47,46,43,39,37,36,36,36,37,39,40,39,37,37,36,35,35,37,39,39,39,41,42,44,45,45,43,40,38,37,38,38,38,38,38,37,37,38,37,35,35,35,37,40,42,46,46,47,48,49,50,50,50,54,53,53,54,55,55,54,52,53,52,50,48,46,44,43,43,43,43,44,44,43,42,41,41,40,40,38,35,33,33,35,37,39,39,40,43,46,47,47,46,46,45,44,43,42,40,36,33,31,29,27,27,27,28,27,26,27,28,27,26,25,24,25,26,26,26,26,26,26,27,27,27,26,26,25,25,25,25,26,26,28,26,25,25,25,24,22,20,21,20,19,18,18,18,19,20,25,28,32,37,41,45,48,49,49,50,51,53,58,65,74,80,86,85,83,80,77,75,74,73,73,74,75,77,81,83,78,70,61,45,28,18,17,15,11,7,5,5,4,4,4,4,5,5,6,6,8,10,12,13,14,14,13,13,12,11,10,9,9,8,6,7,7,7,8,9,10,11,10,13,18,22,25,27,30,32,36,39,42,43,42,41,41,42,41,41,43,46,48,51,54,55,59,59,58,57,54,51,49,47,45,42,39,36,34,32,30,28,26,25,25,25,25,26,27,28,30,31,31,32,33,34,34,34,36,37,38,39,40,40,40,40,42,41,39,38,38,38,36,35,31,29,25,23,22,21,20,19,22,23,25,29,33,35,35,34,31,28,24,21,18,19,19,19,20,19,19,20,22,22,21,20,19,19,20,20,20,19,18,18,17,19,23,28,33,37,39,40,40,39,39,42,43,46,53,60,68,69,65,56,49,45,42,39,39,36,34,35,33,29,
39,39,39,38,37,37,36,36,36,37,38,39,40,40,40,40,39,39,39,39,39,39,39,39,41,42,44,45,45,42,39,37,36,36,36,37,38,39,38,36,36,35,35,36,38,39,39,39,41,42,44,45,45,43,41,40,38,39,39,40,40,40,40,40,40,38,37,35,36,38,40,42,45,46,46,47,47,48,49,50,52,52,51,52,53,54,53,51,53,53,52,51,49,47,46,45,45,45,45,45,44,43,42,41,40,39,37,34,31,31,33,35,37,37,38,40,44,46,46,46,47,46,45,44,44,42,39,36,34,32,31,30,30,30,28,27,27,28,28,26,24,24,25,26,25,25,25,26,26,26,27,27,27,27,26,26,26,26,27,27,29,28,27,26,27,26,23,22,22,21,20,18,18,18,19,20,26,28,31,36,41,45,48,49,49,49,50,52,58,68,78,86,93,91,88,85,83,80,79,77,76,77,78,80,84,87,83,76,67,52,33,21,18,17,13,8,5,4,4,3,3,4,4,5,6,7,7,9,10,11,12,12,11,11,11,10,9,9,8,8,7,6,7,8,9,10,10,10,9,12,17,21,23,26,28,30,34,37,40,41,40,39,38,38,37,38,40,42,46,50,53,55,56,57,57,57,56,54,51,50,48,45,41,38,35,33,30,28,26,25,25,25,25,26,27,28,29,30,30,31,32,33,33,34,36,36,38,39,40,40,40,40,43,41,40,39,39,39,37,36,32,30,26,23,22,20,19,18,20,20,22,26,30,32,32,31,28,27,24,22,20,19,19,19,22,21,21,22,24,24,23,22,20,20,20,20,20,19,18,18,17,20,25,30,34,37,39,40,43,42,42,42,41,42,49,57,67,68,66,58,52,48,45,41,41,39,39,39,37,31,
38,38,38,37,37,37,36,36,36,37,38,39,40,40,40,40,38,38,38,38,37,37,37,37,39,40,41,42,42,41,39,38,37,36,36,37,38,38,37,35,36,35,35,37,39,40,40,39,41,42,43,45,45,44,42,41,39,40,41,42,42,42,42,42,41,40,39,38,38,39,41,42,45,45,45,45,46,47,48,49,50,50,49,50,52,53,52,52,54,54,54,53,52,51,49,49,49,49,48,47,46,44,43,42,39,39,37,34,31,31,32,33,35,35,36,38,42,45,45,45,46,46,45,45,45,43,41,38,37,35,34,33,32,31,30,28,28,28,28,26,24,24,24,26,24,24,24,25,25,26,26,26,28,27,27,27,27,28,28,29,31,29,28,28,28,27,25,23,23,22,20,19,18,18,19,20,25,27,30,35,39,44,47,49,49,48,48,51,58,69,82,91,98,95,91,88,85,83,80,78,76,79,80,81,85,87,84,79,70,57,39,25,19,18,13,8,5,4,3,3,3,3,4,5,6,7,7,8,9,10,10,10,9,9,9,9,9,8,8,8,6,7,8,9,9,9,9,9,9,11,15,17,20,23,26,29,31,34,37,38,37,35,34,34,34,35,36,39,43,47,51,53,53,54,56,57,57,56,54,53,50,47,44,40,37,34,30,27,25,25,25,25,26,27,28,29,29,29,30,31,32,32,33,33,35,36,37,38,40,40,40,40,43,42,40,39,40,39,37,36,33,30,26,23,21,20,18,17,18,18,20,23,26,29,29,29,27,26,24,22,21,20,20,20,24,24,24,25,26,26,25,24,21,21,21,21,21,20,19,18,19,23,28,32,36,38,40,41,43,42,42,41,39,38,44,52,61,65,66,62,58,55,51,47,47,45,43,44,40,34,
37,37,37,37,37,37,36,36,36,37,38,39,40,40,40,40,38,38,38,37,36,36,35,35,37,37,38,39,39,40,40,40,39,38,37,37,38,38,36,34,36,36,36,38,40,41,41,40,41,42,43,45,45,44,43,42,41,41,42,42,43,42,42,42,42,41,41,40,40,40,41,41,44,44,44,44,45,46,48,48,49,48,47,49,51,52,53,52,55,55,55,56,55,54,53,52,54,53,52,51,49,47,45,44,39,39,38,35,32,31,31,32,34,33,34,37,41,44,45,45,46,45,45,45,46,44,42,40,39,38,36,35,34,33,31,29,28,28,28,26,24,23,24,25,23,23,23,24,25,25,26,26,28,28,28,28,28,29,29,30,32,31,30,30,30,29,27,25,24,23,21,20,19,19,19,19,23,25,28,32,37,41,45,47,48,47,47,49,57,70,85,95,97,94,89,86,83,80,77,74,73,77,79,79,81,83,81,78,69,60,44,28,21,19,14,8,5,4,3,2,2,3,4,6,7,8,9,9,9,10,9,9,8,8,8,8,8,8,8,8,8,8,9,10,10,9,8,8,8,10,12,14,16,20,24,28,28,31,34,36,34,32,30,30,31,32,33,36,40,44,48,51,51,53,56,58,59,59,58,57,53,51,47,43,40,36,31,28,25,25,25,26,27,28,30,30,29,30,30,31,32,32,33,33,35,35,37,38,39,40,40,40,43,42,40,39,39,39,37,36,32,29,25,22,21,19,18,16,17,17,18,20,23,25,26,25,27,25,22,20,19,20,22,23,27,27,26,27,28,28,26,25,23,23,23,23,22,21,20,20,22,26,32,36,38,39,41,42,42,41,41,39,36,34,41,49,57,64,69,69,67,65,60,56,55,51,47,45,41,35,
37,37,37,37,37,37,36,36,36,37,38,39,40,40,40,40,38,38,37,36,36,35,34,34,35,35,36,36,38,39,40,41,40,39,38,38,38,38,36,34,36,36,36,38,40,42,41,40,41,42,43,44,45,44,44,43,42,42,42,42,42,42,41,40,42,42,42,41,41,41,41,41,44,44,43,43,44,46,47,48,47,47,46,48,50,52,53,53,55,55,56,57,57,56,55,54,57,57,56,54,51,49,47,45,38,39,38,36,33,31,30,31,33,33,33,36,40,43,44,45,46,45,45,45,46,45,42,40,41,39,37,36,35,34,31,29,28,28,28,26,24,23,24,25,22,22,23,23,24,25,25,25,28,28,28,28,28,29,30,30,33,32,31,31,31,30,28,26,25,23,22,20,19,19,19,19,22,23,26,30,35,39,43,45,48,47,46,49,57,71,86,97,94,91,85,82,79,76,72,69,68,73,77,76,76,77,77,75,68,61,47,31,22,19,13,8,5,4,3,2,2,3,5,6,7,8,9,9,9,9,9,9,7,7,7,7,8,8,8,8,8,9,10,10,10,9,8,7,7,8,10,11,13,17,23,27,26,29,32,34,32,30,28,27,29,30,31,33,37,42,46,49,50,52,56,59,60,61,60,59,55,53,49,45,41,37,32,29,26,25,25,26,28,29,31,31,29,30,30,31,32,33,33,34,34,35,37,38,39,40,40,40,43,41,40,39,39,39,37,36,31,28,24,21,20,19,17,16,16,15,16,18,21,23,23,23,28,25,21,17,17,19,23,25,29,28,28,28,29,29,27,25,24,25,25,24,24,23,22,21,24,28,34,38,39,40,42,43,40,39,39,38,34,33,39,48,57,65,72,75,75,73,68,63,62,56,49,45,40,36,
39,38,38,39,40,40,38,37,39,39,38,37,37,38,40,40,37,36,36,35,35,34,34,33,34,34,35,36,38,39,40,41,41,41,40,40,38,37,36,35,35,35,37,40,43,44,42,39,40,40,42,43,44,44,44,43,44,44,44,44,44,44,44,44,43,43,44,44,44,42,41,40,41,42,42,43,43,44,44,45,44,44,44,45,46,48,50,52,51,52,54,56,57,57,56,56,59,60,61,61,59,55,51,48,45,42,38,36,34,33,31,30,31,32,34,37,40,42,44,45,46,46,46,46,46,45,44,43,39,39,38,37,36,35,34,34,34,32,28,26,26,26,25,25,24,24,23,23,23,25,26,27,26,27,27,28,30,31,31,32,34,33,31,31,31,30,28,27,25,24,22,22,22,21,20,18,19,21,23,26,30,34,37,39,45,44,44,47,55,68,82,91,90,85,81,78,76,72,65,60,61,66,73,76,75,72,69,68,62,54,43,32,23,17,13,10,6,4,3,2,4,5,6,5,9,9,9,10,12,13,10,8,8,8,8,8,8,8,8,8,8,9,9,9,8,8,7,6,7,7,7,8,10,13,16,18,20,21,23,25,26,26,26,25,25,25,25,27,31,36,40,43,45,49,54,58,60,60,60,60,58,55,50,46,43,39,36,33,29,27,26,26,28,31,33,33,33,33,33,33,34,34,34,34,35,35,35,36,37,38,39,40,40,40,40,40,39,37,35,34,32,29,24,21,19,19,18,17,17,18,19,20,22,23,24,25,24,22,21,20,21,23,26,28,32,33,33,32,29,27,27,27,27,27,27,27,26,25,24,23,27,31,37,42,45,45,44,42,40,39,37,34,32,33,36,39,49,61,75,82,82,79,79,81,72,66,60,54,46,38,
42,40,39,39,40,40,39,37,39,38,38,38,38,38,39,39,36,36,35,35,34,33,33,33,32,32,34,35,37,38,39,40,41,41,40,40,38,37,36,35,35,35,37,40,43,43,41,38,39,40,41,43,44,44,44,44,45,45,45,45,45,45,45,45,44,44,45,45,44,42,41,40,41,41,41,42,42,43,43,44,43,43,42,43,44,46,47,49,49,50,51,53,55,56,56,57,60,61,62,62,60,56,52,49,46,42,38,35,33,32,31,29,32,33,35,37,40,43,45,46,46,46,46,46,46,45,44,44,41,40,40,39,38,37,36,36,35,32,29,27,26,26,26,25,24,24,23,23,23,25,26,27,27,27,28,29,30,31,32,32,35,34,32,32,32,31,29,28,27,25,23,22,22,21,19,17,19,20,22,25,29,32,35,37,41,41,41,43,50,62,75,84,82,78,74,70,66,60,51,45,44,51,60,66,67,65,62,60,57,51,41,31,23,17,13,10,6,5,3,3,4,6,6,7,9,9,9,10,12,13,11,8,8,8,8,8,8,8,8,8,8,8,8,8,8,7,6,6,6,6,5,6,7,9,12,13,17,18,20,21,22,23,23,22,23,23,23,25,29,34,38,41,44,48,53,57,59,60,60,61,60,57,52,48,44,40,37,34,30,28,26,27,29,32,33,34,35,35,35,35,35,35,35,35,34,34,34,35,36,37,38,39,41,41,41,40,39,37,36,35,32,29,25,23,22,21,21,20,20,20,21,21,22,23,23,23,23,22,21,20,22,24,27,29,34,34,34,33,30,28,28,28,28,28,28,28,27,26,25,24,29,33,38,43,45,45,44,42,38,37,36,33,31,32,35,38,45,58,75,86,88,85,84,84,80,74,67,60,51,43,
46,44,41,40,40,40,39,39,37,38,38,38,38,38,37,37,34,34,34,33,33,32,32,32,30,31,32,34,35,37,38,39,40,40,40,39,38,37,36,35,35,35,37,40,42,42,40,38,38,39,40,41,43,43,44,44,46,46,46,46,46,46,46,46,46,46,46,46,45,43,41,39,39,39,40,40,41,41,41,42,41,41,40,40,40,41,43,44,45,46,47,49,51,54,56,57,61,62,64,64,62,58,54,52,47,43,38,34,32,31,30,29,32,33,35,37,40,43,45,46,45,46,46,46,46,46,45,44,42,42,41,41,40,39,39,39,35,33,30,28,27,27,26,25,24,24,23,23,23,25,26,27,28,28,29,30,31,32,33,33,36,35,33,32,33,32,30,29,28,26,24,23,22,21,19,17,19,19,21,23,26,29,32,33,36,36,36,38,44,53,64,71,72,69,65,61,54,45,34,26,23,31,43,52,56,55,52,50,51,46,38,31,24,18,13,9,7,5,3,3,5,6,7,7,10,10,10,11,12,12,11,9,8,8,8,8,8,8,8,8,7,8,8,8,7,6,5,4,5,5,4,4,5,6,7,8,13,14,15,16,18,18,19,19,20,20,21,22,26,31,36,38,42,46,52,56,58,60,61,62,62,59,54,50,46,42,38,34,31,29,27,27,30,32,34,34,38,38,38,37,37,36,36,36,33,33,33,34,35,36,38,39,41,41,40,40,39,38,36,36,32,29,27,25,25,25,25,24,23,23,22,22,22,22,21,21,22,21,20,21,23,26,30,32,36,36,36,34,31,29,28,29,29,29,29,29,29,28,27,27,32,35,39,43,45,44,42,41,35,34,33,31,30,31,34,36,39,53,72,87,92,91,88,87,87,81,74,67,57,48,
51,48,45,42,41,41,40,39,37,37,38,38,38,37,36,35,33,33,33,32,32,32,31,31,30,31,32,33,35,37,38,38,39,39,39,38,37,36,35,34,35,36,38,40,41,42,41,40,37,38,39,41,42,43,44,44,47,47,47,47,47,47,47,47,48,48,48,47,45,43,40,39,38,38,38,38,39,39,39,39,39,38,37,36,36,37,38,39,41,42,43,45,48,52,55,57,61,63,64,65,63,60,56,54,48,44,38,34,32,31,30,29,31,32,34,37,40,42,44,45,45,45,46,46,46,45,45,45,42,42,42,41,41,41,40,40,36,34,31,29,29,28,27,25,24,24,23,23,23,25,26,27,28,29,30,31,32,33,34,34,36,34,33,32,32,32,30,29,28,26,24,24,23,22,20,19,19,19,20,21,24,26,28,29,32,32,33,34,37,44,53,58,61,59,56,52,45,34,22,14,10,17,27,37,43,44,43,41,43,40,34,29,24,19,14,10,7,5,4,4,6,7,8,8,11,11,12,13,13,12,11,9,8,8,8,8,8,8,8,8,7,7,7,7,6,5,4,3,5,4,4,4,4,5,6,7,9,10,11,12,14,15,15,16,19,18,19,21,24,29,34,37,40,44,50,54,57,59,61,63,63,60,56,51,47,43,38,35,32,30,28,28,31,33,34,35,40,40,39,38,37,36,36,35,32,32,33,33,34,36,37,38,39,39,39,39,38,37,36,36,33,31,29,29,29,28,27,26,23,23,22,22,21,21,20,20,21,20,20,21,24,28,32,35,37,37,36,34,31,29,29,29,31,31,31,31,31,30,29,29,32,35,38,42,43,42,40,38,32,32,31,29,28,29,32,34,33,46,64,80,89,91,90,89,90,84,78,71,62,53,
56,53,48,45,43,42,41,40,37,37,38,38,37,36,34,33,32,32,32,32,32,31,31,31,31,31,32,34,35,36,37,38,37,37,37,37,36,35,34,33,35,37,39,40,41,42,42,43,38,38,39,40,41,43,44,44,46,46,46,46,46,46,46,46,48,49,48,47,45,43,40,39,37,37,37,37,37,38,38,38,37,36,35,34,34,34,35,35,39,40,41,43,46,50,53,55,60,62,64,64,63,60,57,54,48,45,40,36,34,33,32,31,31,32,34,36,39,42,43,45,44,45,45,45,45,44,44,43,41,41,41,41,41,41,41,41,37,35,33,31,30,29,27,26,24,24,23,23,23,25,26,27,29,29,30,31,32,33,34,34,35,34,32,32,32,31,30,28,27,25,24,24,24,24,23,21,19,19,19,20,21,23,24,25,29,29,30,30,32,36,41,45,47,46,45,41,35,25,15,9,5,8,15,22,28,31,32,32,35,33,30,27,24,19,15,11,8,6,4,5,6,8,9,9,12,13,14,14,13,12,11,10,8,8,8,8,8,8,8,8,7,7,7,7,6,5,4,4,3,3,3,3,3,4,5,5,7,7,8,9,11,12,14,14,18,17,18,20,23,28,33,36,39,42,48,53,56,58,61,63,62,60,56,52,48,44,38,35,33,32,30,30,32,34,35,36,40,39,39,38,37,36,35,34,33,33,33,33,34,35,36,37,37,36,36,35,35,35,35,35,34,33,32,31,31,30,28,26,23,22,22,21,21,20,20,20,19,19,19,21,25,29,34,37,37,37,36,33,30,29,29,30,34,34,34,33,32,31,30,29,31,33,36,39,39,38,36,35,30,30,30,29,28,28,31,33,33,42,56,71,81,87,89,89,88,83,78,73,65,57,
60,57,52,48,46,43,41,39,37,37,37,36,35,34,33,32,32,32,32,32,32,32,32,31,32,32,33,34,34,35,36,36,35,35,35,35,34,34,33,32,33,35,38,40,41,42,43,44,40,40,40,40,41,42,43,44,45,45,45,45,45,45,45,45,48,48,48,47,45,43,40,39,36,36,36,36,36,37,37,37,36,35,33,32,32,32,33,34,39,39,41,43,46,49,51,53,58,60,62,63,62,59,56,53,48,45,42,39,37,36,34,33,31,32,34,37,39,42,44,45,44,44,44,44,44,43,42,41,41,41,41,41,41,41,41,41,38,36,34,33,32,30,28,26,24,24,23,23,23,25,26,27,28,29,30,31,32,33,34,34,35,34,32,31,32,31,29,28,27,25,24,25,25,26,24,23,20,19,19,19,19,20,21,21,25,26,26,26,26,27,30,32,31,31,30,27,22,16,9,6,4,4,6,10,15,19,21,22,27,25,23,22,21,18,14,12,8,6,5,5,7,9,10,10,13,14,15,15,13,12,11,11,8,8,8,8,8,8,8,8,8,8,8,7,6,5,4,3,1,2,2,2,3,2,3,3,5,6,6,7,9,11,12,13,17,16,17,19,22,27,32,35,38,42,47,51,54,57,60,62,62,60,56,53,50,45,40,36,35,33,31,31,32,35,36,36,39,39,38,37,36,35,35,34,33,32,32,32,32,33,34,34,33,32,32,31,31,31,32,32,33,33,32,32,33,31,29,27,24,24,23,22,21,21,20,20,18,18,19,21,25,30,34,37,37,37,35,33,30,30,31,32,36,36,35,35,33,32,30,29,30,31,34,36,37,35,34,32,30,31,30,29,28,28,30,32,35,40,49,61,72,80,84,85,84,80,76,73,66,60,
62,59,55,52,48,45,41,38,38,38,36,35,34,33,32,32,32,32,32,32,32,32,32,32,32,32,32,33,33,33,33,33,33,33,33,33,33,32,31,31,30,33,36,38,39,40,43,45,42,42,41,41,41,42,43,44,44,44,44,44,44,44,44,44,47,47,47,46,45,43,40,39,36,36,36,36,36,36,36,36,35,34,33,32,31,32,33,34,39,40,42,45,47,48,49,50,55,57,59,60,60,57,54,52,48,46,44,42,41,40,37,35,33,34,36,38,41,43,45,46,44,44,44,43,42,41,39,39,41,41,41,41,42,42,42,42,39,37,35,34,33,31,28,26,24,24,23,23,23,25,26,27,28,28,29,30,31,32,33,34,36,35,33,32,32,32,30,29,28,27,25,25,26,26,24,23,21,20,19,19,18,19,19,19,20,21,21,21,19,18,19,20,18,18,17,14,10,7,5,4,4,3,3,5,9,13,14,14,19,18,17,16,16,15,13,11,8,7,5,6,8,10,11,11,13,15,17,16,14,11,11,11,8,8,8,8,8,8,8,8,9,8,8,7,6,5,4,3,2,3,4,3,3,3,2,2,4,4,4,5,7,9,11,12,15,15,15,17,21,26,30,33,38,41,46,50,53,56,59,61,62,60,58,55,52,48,43,39,36,34,32,32,33,35,36,37,39,39,38,38,37,36,36,35,32,31,31,30,30,30,30,30,29,28,27,27,27,28,29,29,31,31,31,33,33,33,30,28,28,27,26,24,23,21,20,19,18,18,18,20,24,29,34,37,37,37,36,34,32,31,33,35,38,38,37,35,33,31,29,28,29,30,33,34,35,34,33,32,32,32,32,30,29,28,30,31,35,37,43,52,63,72,76,77,78,75,72,69,64,58,
63,61,57,53,50,45,41,37,39,38,36,34,32,32,32,32,32,32,32,32,32,32,32,32,32,32,32,31,31,31,31,31,32,32,32,32,32,31,30,30,28,31,34,36,37,39,42,45,44,43,42,41,41,42,43,44,42,42,42,42,42,42,42,42,46,46,46,46,45,43,41,39,36,36,36,36,36,36,36,36,34,33,32,31,31,32,33,34,40,41,43,46,47,48,48,48,53,55,57,59,58,56,52,50,48,47,45,45,44,42,39,36,34,35,37,40,42,45,47,48,44,44,43,42,41,39,38,37,41,41,42,42,42,43,43,43,39,38,36,34,33,31,28,26,24,24,23,23,23,25,26,27,28,28,29,30,31,32,33,33,37,36,34,33,33,33,31,30,30,28,27,26,26,25,23,22,21,21,20,19,18,18,18,18,16,17,18,17,14,13,12,12,12,11,10,7,4,2,2,3,4,3,3,5,9,11,12,11,15,13,12,12,13,13,11,10,8,7,6,6,8,10,11,11,14,16,18,17,14,11,11,11,8,8,8,8,8,8,8,8,9,9,9,8,7,5,5,4,6,6,6,5,4,3,2,2,3,3,3,4,6,8,10,11,14,14,14,16,20,24,29,32,38,41,46,50,53,55,59,61,62,61,59,57,54,50,45,41,36,34,32,32,34,36,37,37,39,39,39,38,38,37,37,37,31,30,29,28,27,27,27,27,26,26,25,24,25,25,26,27,28,29,30,32,34,34,31,29,32,31,29,26,24,22,20,19,17,17,18,20,24,29,34,37,38,38,37,35,33,33,35,37,39,39,37,36,33,31,29,27,28,30,32,34,35,34,33,32,33,33,33,31,29,28,29,31,33,34,38,47,57,65,68,69,74,71,68,66,60,54,
57,56,53,52,51,49,47,45,42,37,32,30,31,33,34,33,31,34,34,31,30,32,32,30,31,31,30,29,29,29,30,30,31,30,29,30,30,30,28,27,28,29,30,31,34,38,43,46,45,45,45,43,42,42,43,45,43,42,42,41,40,40,41,41,43,44,45,46,45,43,41,39,41,40,39,40,41,41,39,37,37,36,34,32,31,32,33,34,39,41,44,46,46,46,47,48,53,54,56,57,57,55,53,51,48,47,45,45,47,49,50,50,47,46,45,44,43,44,45,46,47,45,42,41,40,39,36,35,36,38,40,43,44,45,44,43,41,39,37,35,34,31,28,25,25,24,24,23,23,24,26,27,26,27,29,30,32,33,33,33,35,34,34,33,32,32,31,31,29,28,28,27,26,26,26,26,25,24,21,20,21,20,19,18,18,17,16,15,15,14,11,9,7,5,4,4,4,4,4,2,5,4,3,3,3,5,6,7,10,11,11,11,11,10,9,9,7,6,6,7,8,10,12,14,15,16,17,18,17,15,12,10,9,8,7,6,6,7,8,9,8,7,7,7,7,6,6,6,7,7,6,5,6,6,6,5,5,4,3,3,4,6,8,9,12,12,13,16,20,25,29,32,34,38,44,49,53,55,58,60,63,63,62,60,56,51,46,43,38,36,34,34,36,37,38,38,41,40,39,37,36,35,35,34,33,32,30,28,26,25,24,24,22,22,21,21,20,21,21,21,25,27,30,32,34,34,33,33,35,33,31,29,26,23,19,16,16,16,16,19,22,27,31,34,35,35,35,35,36,37,38,38,39,39,39,38,37,35,33,32,32,33,35,37,37,37,36,35,37,36,35,33,32,30,28,28,30,33,38,45,53,60,63,64,63,62,59,57,55,53,
58,56,54,53,53,52,49,47,42,38,33,30,31,33,33,32,32,34,35,33,32,34,34,32,33,32,30,29,28,28,29,30,30,29,29,29,30,30,28,26,27,28,29,30,32,37,42,46,46,47,47,46,44,43,43,44,43,42,41,40,40,40,40,40,42,42,44,45,45,44,43,42,43,42,41,41,42,41,40,38,37,36,34,32,32,32,34,35,39,41,44,45,45,46,47,48,50,52,54,55,55,54,52,51,51,50,49,50,53,55,56,56,53,52,50,48,47,46,47,47,47,44,42,40,39,38,36,34,36,37,40,43,44,44,43,43,41,39,37,35,34,31,28,26,25,24,23,22,23,24,25,26,26,27,29,30,32,33,33,33,36,35,35,34,34,33,33,32,30,29,29,28,28,27,27,27,26,24,22,21,21,21,19,18,18,17,16,15,15,14,12,10,8,6,5,5,5,5,3,2,3,2,2,2,2,3,4,4,10,10,10,10,10,9,8,8,7,6,6,7,8,10,12,14,15,16,18,18,17,14,11,9,8,7,6,5,5,6,7,8,8,8,8,8,8,8,8,9,9,8,7,6,7,7,6,5,5,4,3,3,4,5,7,9,12,12,13,16,20,24,29,31,34,37,42,47,50,53,56,58,61,61,61,59,56,51,47,44,39,37,35,34,36,37,37,37,41,40,39,38,37,36,35,35,34,33,31,28,26,24,23,22,21,21,20,20,20,21,21,22,25,27,29,32,35,36,36,36,36,34,31,29,27,24,19,16,16,17,17,19,22,27,32,36,39,39,39,39,39,39,40,40,39,39,39,38,37,35,34,32,32,33,35,37,38,38,37,37,38,37,37,35,33,32,30,29,29,31,35,42,50,56,59,59,60,58,57,54,53,51,
58,57,56,56,56,55,53,51,44,40,34,31,31,32,32,31,32,35,36,35,35,38,38,35,34,33,30,27,26,27,28,29,28,27,27,28,29,29,27,26,25,26,27,28,30,35,41,46,48,49,50,49,47,45,44,44,43,42,41,40,40,40,40,40,41,41,42,43,44,45,46,46,46,45,44,44,44,43,41,39,36,35,34,32,32,33,35,36,39,41,43,44,44,45,46,47,48,49,51,53,53,53,51,50,52,52,52,55,59,62,63,62,61,59,57,54,51,49,48,47,46,43,40,38,37,36,34,33,35,37,40,42,43,43,43,42,42,40,38,36,34,32,29,26,24,23,22,22,22,23,24,25,26,27,29,30,32,33,33,33,36,36,36,35,35,34,34,34,31,31,31,30,30,29,29,29,26,24,22,21,21,21,20,19,19,18,16,16,16,14,12,10,9,7,6,6,6,6,4,4,2,2,2,2,2,2,3,4,8,8,9,9,9,8,7,7,7,6,6,7,8,10,12,14,16,17,18,18,17,14,11,9,7,6,5,4,4,5,6,7,9,9,9,10,10,11,11,11,11,10,9,8,9,9,7,6,5,5,4,3,4,5,6,7,12,12,13,15,19,24,28,31,33,36,40,44,47,50,54,57,58,59,59,58,56,52,48,45,42,39,36,35,36,37,37,37,41,40,39,39,38,37,36,36,34,33,32,29,26,24,22,21,20,20,20,20,21,21,22,23,25,27,30,34,36,38,39,40,38,36,33,30,28,25,21,18,18,18,18,19,22,28,34,37,42,41,41,41,41,41,40,40,39,39,38,38,37,36,35,34,33,34,36,38,39,40,40,39,40,40,39,38,37,35,33,32,28,29,33,39,46,51,54,54,55,54,52,51,49,48,
57,57,57,57,58,58,56,54,47,42,36,32,32,33,32,31,31,34,36,36,38,41,41,38,36,33,29,26,24,24,25,26,26,25,25,26,27,28,26,25,24,24,24,25,28,33,40,45,50,52,54,53,51,48,46,45,45,44,43,42,41,41,41,41,42,42,42,42,43,45,47,48,49,48,46,46,46,44,42,40,36,35,34,33,33,34,36,37,38,40,42,43,43,44,46,47,47,48,50,52,52,52,52,51,50,51,52,56,61,64,66,66,67,65,63,59,55,51,48,46,45,42,39,36,35,34,32,31,34,36,39,41,43,43,42,42,43,41,39,37,35,32,29,26,23,22,21,21,21,22,23,24,26,27,29,30,32,33,33,33,35,35,35,35,35,35,35,35,33,33,33,33,32,31,31,30,27,25,23,22,22,22,21,20,20,19,17,17,17,15,13,11,10,8,7,6,6,6,4,4,4,4,4,4,4,4,4,4,6,7,7,8,7,7,6,6,7,6,6,7,8,10,12,14,17,18,19,19,17,14,10,8,7,6,5,4,4,5,6,7,8,9,9,10,11,12,13,13,14,12,11,11,12,11,9,8,7,6,5,5,5,5,6,6,12,12,13,15,19,23,27,30,34,36,39,42,44,48,52,55,56,57,58,58,56,53,49,47,45,42,38,37,37,38,38,38,40,40,40,39,39,38,37,36,35,34,33,31,29,27,25,24,22,22,22,22,23,24,25,25,29,30,33,36,38,40,41,42,40,38,35,32,29,26,23,20,19,19,19,19,23,28,34,38,42,42,42,41,41,40,39,39,38,38,38,37,37,36,36,35,34,35,37,39,41,42,42,42,42,42,42,41,40,38,36,35,30,30,33,38,43,48,50,50,50,49,48,47,46,45,
56,56,57,58,59,59,57,55,48,43,37,33,33,33,32,31,30,33,35,36,40,44,44,40,37,34,29,25,22,22,23,24,24,23,23,24,26,26,25,24,22,22,22,22,26,32,40,46,51,54,56,56,53,50,48,47,47,46,45,44,43,43,43,43,44,43,42,42,43,45,46,48,51,49,48,47,47,45,43,41,37,36,34,33,33,35,36,38,38,39,41,42,42,43,45,47,47,48,50,51,53,53,53,53,50,50,52,56,61,65,67,68,69,68,66,62,57,52,48,46,44,41,37,34,33,32,30,29,32,34,37,40,42,43,43,42,44,42,40,38,36,33,29,27,23,22,21,21,21,22,23,24,26,27,29,30,32,33,33,33,33,33,33,34,34,34,34,34,34,34,35,35,34,33,32,31,29,27,25,24,24,24,23,21,21,20,19,19,18,17,15,13,10,9,7,7,7,6,5,4,4,5,5,5,5,4,4,4,5,6,6,7,7,6,6,6,7,6,6,7,8,10,12,14,18,18,19,19,17,14,11,8,8,8,7,6,6,7,8,8,8,9,10,11,12,13,14,14,16,15,14,15,15,14,12,10,9,8,8,7,7,6,6,6,11,12,12,15,18,22,27,29,34,36,39,41,43,46,50,53,54,55,56,57,56,53,50,48,47,44,40,37,37,39,39,39,40,41,41,41,41,40,39,38,36,36,36,35,34,33,31,30,26,26,26,26,27,28,29,30,34,35,36,38,40,41,42,42,42,39,36,33,31,28,25,23,21,20,20,21,24,29,34,38,41,42,42,42,41,40,38,37,37,36,36,36,36,36,36,36,36,37,38,40,41,43,43,44,43,43,44,44,42,40,38,36,33,33,34,38,42,46,47,48,47,46,45,44,43,42,
54,54,55,57,59,58,56,54,48,42,36,32,32,32,31,30,30,32,34,37,43,48,47,42,38,36,31,27,23,22,21,22,21,21,21,23,25,25,24,23,22,21,21,21,24,31,40,46,53,55,57,57,55,52,50,49,49,48,47,46,45,44,44,44,45,44,43,43,43,44,46,47,50,49,48,47,47,45,43,41,38,37,35,34,34,35,36,38,38,39,40,41,41,42,44,46,48,49,50,51,52,53,53,53,52,52,52,55,60,65,68,69,69,68,66,63,59,54,49,46,43,39,35,32,30,29,28,27,30,32,35,39,42,43,43,43,45,43,41,39,37,34,30,27,23,22,21,21,21,22,23,24,26,27,29,30,32,33,33,33,32,32,32,32,33,33,34,34,35,35,36,36,36,34,33,32,31,29,27,26,26,26,25,24,23,22,21,21,20,19,17,15,12,11,9,8,8,7,5,4,4,4,5,5,4,4,3,3,5,5,6,6,6,6,6,6,7,6,6,7,8,10,12,14,17,18,19,19,18,15,11,9,10,9,8,7,7,8,9,10,10,10,11,12,13,14,14,14,17,16,16,17,18,18,16,14,12,12,11,10,9,8,8,7,11,11,12,14,17,22,26,28,33,35,38,41,42,45,47,50,51,52,54,54,54,51,48,47,46,43,39,37,37,38,39,40,42,43,44,45,45,44,43,42,40,40,41,41,41,39,38,37,32,32,32,32,32,33,34,35,39,39,40,40,41,42,43,43,43,40,37,34,33,31,29,27,23,22,22,23,26,29,33,36,41,41,42,42,41,40,38,37,35,35,35,34,35,36,36,37,37,38,39,40,41,42,43,44,43,44,45,45,44,41,39,37,36,35,35,37,41,43,45,45,44,43,42,40,39,39,
52,52,54,56,57,56,54,52,45,40,34,30,30,30,29,28,30,33,35,39,46,51,50,45,41,38,34,30,26,23,22,21,20,19,20,21,23,24,24,23,21,21,20,21,24,31,41,47,53,55,57,57,55,53,52,52,49,49,47,46,45,44,44,44,44,44,44,44,44,45,46,46,49,48,47,46,46,45,43,41,39,38,36,34,34,35,36,37,37,38,39,40,40,41,44,46,49,49,50,51,52,52,52,52,53,52,51,53,58,63,67,69,67,67,66,64,61,56,51,48,42,38,34,30,29,28,27,26,27,30,34,38,41,43,44,44,46,44,42,39,37,34,30,28,23,23,22,21,22,23,24,25,26,27,29,30,32,33,33,33,31,31,31,32,33,33,34,34,35,36,37,37,37,35,33,32,33,31,29,28,28,28,27,25,25,24,23,22,22,21,19,17,15,13,11,10,10,9,8,6,5,5,6,6,6,5,4,3,4,5,6,6,7,7,6,6,7,6,6,7,8,10,12,14,16,18,19,19,18,15,12,10,10,9,8,8,8,8,9,10,12,12,13,13,14,15,15,16,17,17,18,19,21,20,18,16,15,15,14,13,12,11,9,9,11,11,12,14,17,21,25,27,31,33,37,40,41,42,44,46,48,49,50,51,50,48,45,44,44,41,37,34,35,37,38,39,46,47,48,49,50,49,47,47,46,46,47,47,46,45,43,41,39,39,38,38,38,38,39,39,41,41,41,42,43,43,44,45,43,40,37,35,34,33,31,30,24,24,24,26,27,30,32,33,37,38,39,40,39,38,36,35,33,33,33,33,34,35,36,37,39,39,39,40,41,42,43,43,43,43,45,45,44,42,39,37,36,35,34,35,38,40,41,41,41,40,38,37,36,35,
51,51,53,55,56,55,52,50,43,37,31,28,28,28,28,26,31,33,36,41,48,54,53,48,42,40,37,33,29,25,23,22,19,18,19,21,23,24,23,22,21,20,19,19,24,31,41,48,54,55,57,57,55,54,53,54,49,48,47,45,44,43,43,43,42,43,43,44,45,46,47,47,48,47,46,46,46,45,43,41,40,39,37,35,34,35,36,37,37,38,39,39,39,41,44,46,49,49,50,50,51,51,51,51,53,51,49,50,55,60,64,67,66,66,66,65,62,57,52,50,41,38,33,29,28,27,26,25,26,28,33,37,41,44,45,45,47,45,42,40,37,34,31,28,24,23,22,22,22,23,24,25,26,27,29,30,32,33,33,33,31,31,32,32,33,34,34,35,35,36,37,37,37,35,33,32,34,32,30,29,29,29,28,26,26,25,24,23,23,22,20,18,17,15,13,12,12,11,9,8,7,8,8,9,8,7,6,5,4,5,6,6,7,7,7,6,7,6,6,7,8,10,12,14,16,17,19,19,18,16,13,11,10,9,8,7,7,8,9,10,14,14,14,15,15,16,16,16,17,17,18,20,22,22,20,18,17,17,16,15,14,12,11,10,11,11,12,14,17,21,25,27,29,32,36,39,40,41,42,43,45,46,48,49,48,46,43,41,42,39,34,32,33,35,37,38,49,50,52,53,53,52,51,50,50,51,51,51,50,47,45,43,43,43,42,41,41,41,42,42,42,42,42,43,43,45,46,46,43,40,37,35,35,34,33,32,25,25,26,27,29,30,31,32,34,35,36,37,37,35,34,33,32,32,32,32,33,34,36,37,40,40,40,40,41,41,42,43,42,43,44,45,44,42,39,37,36,34,33,33,35,37,38,38,39,38,36,34,33,32,
49,50,52,55,57,57,54,51,44,37,29,26,27,29,29,28,28,34,41,45,49,52,51,48,45,42,39,36,33,29,25,22,21,19,19,20,24,26,26,24,23,22,21,22,26,33,40,44,53,54,55,56,56,55,53,52,52,50,47,44,42,43,44,45,45,45,45,45,45,45,46,46,44,44,44,44,43,42,41,40,41,40,38,36,35,35,35,35,37,39,40,40,40,42,45,48,49,49,49,49,49,49,49,49,48,48,48,48,49,53,58,62,69,68,67,65,62,57,53,51,48,41,33,28,28,28,26,23,24,27,32,36,39,41,44,46,44,44,43,42,39,35,32,30,25,23,20,20,21,23,24,24,25,27,29,30,31,30,29,29,30,30,29,30,31,33,35,36,36,36,36,36,36,35,34,34,32,30,29,29,29,28,26,25,27,25,23,23,23,23,22,21,20,19,18,16,15,13,12,12,10,10,10,9,9,8,8,8,6,6,6,6,6,6,6,7,6,6,6,7,9,11,13,14,17,18,20,21,20,18,15,14,9,9,8,7,7,9,13,16,10,18,16,16,17,19,21,12,14,12,18,16,19,25,21,24,21,18,19,18,14,16,16,7,13,13,13,13,15,19,22,24,28,30,34,37,39,40,39,38,40,41,43,45,46,45,42,39,38,36,34,33,33,36,39,41,46,49,52,54,54,54,54,54,55,55,55,54,53,51,50,49,50,49,49,48,47,46,45,45,43,43,44,44,45,45,44,44,42,41,39,36,34,32,31,31,29,29,29,29,30,30,31,32,32,32,33,34,34,32,31,30,31,33,34,35,34,35,36,38,40,40,40,40,40,40,40,40,41,42,42,43,42,40,38,37,37,36,34,33,32,32,32,33,33,32,31,30,30,30,
48,49,51,55,57,57,55,52,45,39,33,30,31,32,32,31,31,37,43,47,51,55,54,51,46,43,40,37,34,30,26,23,22,20,19,21,24,26,26,24,24,22,21,22,26,33,39,43,49,50,52,54,54,54,53,52,52,50,47,44,43,43,43,44,43,43,44,44,45,45,44,44,42,43,43,43,43,43,43,42,42,41,39,38,37,36,37,37,38,39,40,40,40,41,45,47,48,48,48,48,48,48,48,48,47,48,48,48,49,52,57,61,66,67,67,65,63,59,55,52,46,40,33,27,25,25,24,22,24,27,31,35,38,41,43,45,45,45,44,43,40,36,33,31,27,24,22,21,22,23,24,24,25,26,28,30,30,30,29,28,29,29,29,29,30,32,34,35,35,35,36,36,36,34,33,32,32,31,29,29,29,29,27,25,26,25,23,22,23,23,22,21,20,20,19,17,16,14,13,13,12,11,11,10,10,9,9,9,8,7,7,7,7,7,7,7,6,6,7,8,10,12,13,14,17,18,20,21,21,19,16,14,10,9,8,9,9,11,14,15,12,10,11,19,20,15,18,22,20,23,21,21,26,31,32,26,26,24,20,19,20,18,16,17,16,16,15,16,17,19,21,23,27,29,33,36,38,38,37,36,39,40,41,43,45,43,40,37,37,35,33,32,33,35,38,40,47,50,53,55,56,56,56,57,59,59,58,57,56,54,53,52,50,49,49,48,46,46,45,44,43,43,44,45,45,45,45,44,42,41,40,37,35,33,32,31,29,28,28,28,28,29,30,30,32,33,34,34,34,33,32,31,31,32,34,34,34,34,36,37,39,39,39,39,40,40,40,40,40,41,43,43,43,41,39,37,37,35,34,32,31,31,31,32,32,31,30,29,28,28,
47,48,50,54,57,57,55,53,47,43,39,37,38,39,38,36,38,44,49,53,56,59,58,55,48,45,42,39,36,33,30,27,25,22,21,22,25,26,26,24,24,23,22,23,26,31,37,40,44,45,47,50,51,52,52,52,52,50,47,44,43,42,43,43,41,42,43,44,44,44,43,42,41,41,41,42,42,43,44,45,42,41,40,39,39,38,38,38,38,39,39,39,39,41,44,46,47,47,47,47,47,47,47,47,45,45,46,45,46,49,54,57,62,64,65,66,64,61,57,55,48,43,36,29,24,22,22,22,23,26,30,34,36,39,42,44,45,45,45,44,42,39,35,33,29,27,24,22,23,23,24,23,25,26,27,29,29,29,28,28,29,28,28,28,29,31,33,34,34,34,36,36,36,34,32,31,32,31,30,30,31,30,28,26,26,25,23,23,23,24,23,22,21,21,20,19,17,16,15,15,13,13,13,12,12,11,11,11,9,9,9,9,8,8,8,8,7,7,8,9,11,13,14,15,18,19,21,22,22,19,17,15,11,9,9,9,13,15,15,14,21,23,27,29,22,13,13,19,15,39,39,50,62,67,68,40,22,28,23,20,23,16,11,20,18,18,18,18,19,20,21,22,25,28,31,34,35,35,34,33,37,37,38,40,41,40,37,35,35,34,32,31,31,33,36,38,45,48,52,55,56,56,57,58,61,61,60,59,57,55,53,52,49,49,48,47,46,45,44,44,43,44,45,45,46,45,45,45,43,42,41,39,36,34,33,32,30,30,29,29,29,30,30,31,34,34,35,36,35,34,33,32,32,32,34,34,34,34,35,37,38,38,38,38,39,39,39,39,37,40,43,45,45,43,40,38,37,35,33,31,30,30,30,30,29,28,27,27,26,26,
48,49,51,54,56,56,55,53,49,47,45,45,46,46,45,44,48,53,57,58,60,62,60,57,48,46,43,40,39,37,34,32,27,25,22,22,25,26,26,24,23,22,22,22,24,28,33,35,37,39,41,44,47,49,50,50,50,49,46,44,42,41,42,42,39,41,42,43,44,43,43,42,42,42,42,42,43,44,45,46,42,42,41,41,40,40,39,39,38,38,38,38,39,40,42,44,45,45,45,45,45,45,45,45,42,43,43,43,43,45,49,52,58,60,63,64,64,62,59,57,54,50,42,33,25,21,21,22,23,26,29,32,34,37,40,42,44,44,45,45,43,40,37,35,32,29,26,24,24,24,24,23,25,25,26,27,28,27,27,27,27,27,26,27,27,29,31,32,33,34,35,37,36,35,33,32,32,32,31,32,32,31,29,27,26,25,23,23,24,25,25,24,22,22,21,20,19,18,17,17,15,15,15,14,14,13,13,13,12,11,11,11,10,10,9,9,9,9,9,10,12,13,15,16,19,20,22,23,22,20,18,16,13,10,9,11,16,18,17,14,25,46,65,52,33,24,16,17,25,80,94,110,122,125,118,62,32,54,49,32,32,22,12,21,20,19,19,19,20,20,21,21,24,26,29,32,33,32,31,30,34,34,35,37,38,37,34,31,32,31,30,29,30,31,34,35,40,43,48,51,53,54,55,56,59,59,58,56,54,52,50,49,47,47,46,46,45,44,43,43,44,44,45,45,46,46,45,45,44,43,42,40,38,36,34,33,32,32,32,31,32,32,33,33,35,36,37,37,37,36,35,34,32,33,34,34,34,34,35,36,36,36,37,37,37,38,38,38,36,39,43,47,48,45,42,39,38,36,34,31,29,28,27,27,26,25,24,24,23,23,
51,51,52,54,56,56,54,52,53,52,52,53,53,54,53,52,55,59,62,62,62,62,60,56,47,45,42,40,39,38,37,35,31,27,24,23,25,26,26,24,23,22,21,21,23,25,28,30,31,32,35,38,41,44,45,46,47,46,44,42,41,40,40,40,39,40,41,42,43,43,42,42,44,44,44,44,44,45,46,46,43,43,43,42,41,40,40,39,39,38,37,37,38,40,41,42,43,43,43,43,43,43,43,43,42,43,43,43,42,44,47,50,53,55,59,61,62,62,60,59,58,54,47,37,28,23,21,21,23,25,28,30,32,35,38,40,42,43,45,45,44,42,38,36,34,31,27,25,24,24,24,23,25,25,25,26,26,26,26,26,26,26,25,25,26,27,29,30,32,33,35,36,36,36,35,34,34,33,33,33,33,32,29,27,26,25,23,24,25,26,26,25,22,22,22,21,20,20,19,19,17,17,16,16,15,15,14,14,13,13,13,12,11,11,10,10,9,10,10,11,12,14,15,16,19,20,22,23,23,21,18,16,14,11,11,12,17,20,19,16,20,47,89,88,59,34,19,33,75,143,160,163,167,171,158,90,80,109,96,58,43,33,22,26,21,20,20,19,19,20,21,21,23,25,28,30,31,31,30,29,32,32,32,33,34,33,31,28,30,29,28,27,28,29,31,33,37,40,45,48,50,51,53,54,55,55,54,52,50,48,46,45,44,44,44,43,43,42,42,42,43,44,45,45,45,45,45,45,44,43,43,41,39,36,34,33,33,32,32,32,33,34,35,35,37,37,38,39,38,37,36,35,32,34,35,35,34,34,35,37,36,36,36,36,36,36,36,36,35,39,44,49,50,48,45,42,40,38,35,31,28,26,25,24,23,22,22,21,21,21,
54,53,54,55,56,56,54,52,56,56,57,58,59,60,60,60,60,63,65,63,62,62,59,55,49,46,42,40,39,38,37,36,33,30,26,24,25,26,26,24,23,22,22,22,22,24,25,26,26,27,29,32,35,38,40,41,42,41,40,39,38,38,38,38,38,38,39,39,40,41,42,42,45,46,47,48,48,48,48,47,45,45,45,45,43,42,41,40,39,38,36,36,38,39,40,40,41,41,41,41,41,41,41,41,43,44,44,44,43,44,47,49,50,51,54,57,59,60,60,59,59,55,48,40,32,27,23,21,22,24,26,28,30,32,36,38,39,41,43,44,44,42,38,36,34,31,27,25,25,25,24,24,24,24,24,24,24,25,25,25,25,24,24,24,24,25,27,28,30,31,32,33,35,35,36,36,36,35,35,35,35,32,29,26,24,23,22,22,24,25,25,25,22,22,22,21,21,21,20,20,18,18,17,17,16,16,16,15,15,14,14,13,12,11,11,11,10,10,10,11,12,13,15,16,19,20,22,23,22,20,18,16,15,13,12,14,17,20,20,20,19,32,94,123,92,38,17,58,130,183,192,181,180,187,176,123,139,156,133,82,51,39,30,28,25,23,21,19,18,19,20,21,22,24,27,30,31,31,30,29,30,30,30,31,31,30,28,26,27,27,26,26,26,28,29,30,35,38,43,46,48,49,51,52,51,51,50,48,47,45,43,42,40,40,41,41,41,41,41,41,43,43,44,44,45,45,44,44,43,43,43,42,39,37,34,32,31,31,31,32,33,34,35,36,38,39,40,40,40,39,38,37,34,35,36,36,35,35,36,37,36,36,35,35,34,34,33,33,35,39,45,50,52,51,49,46,44,41,37,32,28,25,23,22,21,20,20,19,19,20,
54,54,54,55,57,57,56,54,58,59,61,62,63,64,65,66,64,67,69,67,66,66,64,60,55,52,48,44,42,41,39,37,36,31,27,25,26,26,26,24,25,24,24,23,23,24,24,24,23,24,25,27,30,32,34,36,37,37,37,36,36,36,36,36,37,36,35,35,36,38,40,41,45,47,49,51,52,52,51,50,49,49,49,48,46,44,42,41,40,38,36,36,37,39,39,38,40,40,40,40,40,40,40,40,42,43,43,43,42,43,44,46,47,48,50,53,55,57,58,59,59,54,48,43,39,34,28,24,22,23,25,27,28,31,34,37,36,38,41,43,43,41,38,36,33,31,27,25,25,25,24,24,24,24,24,23,23,23,24,24,24,23,23,22,23,24,26,27,27,28,28,30,32,34,36,38,38,37,37,36,35,32,28,25,21,20,19,20,22,23,23,23,22,22,21,21,21,21,21,21,19,18,18,17,17,16,16,16,15,15,14,13,12,12,11,11,10,10,10,11,12,13,14,15,18,20,21,22,22,20,17,15,15,15,14,15,17,19,22,23,24,28,103,154,129,65,41,98,169,191,198,188,186,190,176,147,180,176,152,109,74,56,47,41,31,29,24,20,18,17,19,20,21,23,27,30,32,32,31,30,30,29,28,29,29,29,27,25,25,25,25,25,25,26,27,28,32,35,40,43,45,46,47,48,46,46,45,44,43,41,39,38,37,37,38,38,39,40,41,41,42,42,43,44,44,44,43,43,43,43,43,42,39,36,33,32,30,30,31,32,34,36,37,38,39,40,41,41,41,40,39,38,35,36,37,37,36,36,37,38,36,36,35,34,33,32,31,31,37,40,46,51,54,54,52,50,47,44,39,33,28,23,21,19,19,19,18,18,18,19,
54,53,54,56,58,59,58,57,60,61,63,64,64,66,68,69,68,71,72,71,71,71,69,66,63,59,54,49,46,44,41,40,37,32,28,25,26,27,26,24,26,26,25,25,24,24,24,24,21,22,23,25,27,29,31,32,34,34,34,34,34,35,35,35,35,34,33,32,33,36,38,40,44,46,50,53,55,55,54,53,52,52,51,50,48,46,44,42,40,37,35,35,37,39,38,37,39,39,39,39,39,39,39,39,40,41,41,40,39,40,41,43,46,46,48,50,53,55,57,59,59,54,49,46,45,41,34,28,22,23,25,26,27,30,34,36,34,37,40,42,42,40,37,35,33,30,27,25,24,25,25,24,24,24,23,23,23,23,23,23,24,23,22,22,22,23,25,26,25,25,26,27,29,33,36,38,39,38,38,37,36,32,28,24,19,18,17,18,20,21,21,21,21,21,21,21,21,21,21,21,19,19,18,18,17,17,16,16,15,15,14,13,12,12,11,11,10,10,10,10,11,13,14,15,18,19,21,22,21,19,17,15,15,16,16,15,16,19,23,26,28,36,119,174,160,108,87,143,194,195,203,201,199,193,169,155,201,183,164,139,106,83,71,64,37,33,27,21,17,17,18,19,21,23,27,30,32,33,32,31,29,28,28,28,29,28,26,24,24,24,24,24,24,25,26,27,29,32,36,40,41,42,43,44,41,41,41,40,39,38,36,35,34,35,36,37,38,39,40,41,41,42,42,43,43,43,43,43,42,43,42,41,39,36,33,31,31,31,32,34,36,38,40,41,40,41,42,42,42,41,40,39,36,37,38,38,37,36,37,39,37,36,35,34,32,31,30,29,38,41,46,51,54,55,54,53,49,46,40,34,28,23,20,18,19,18,18,18,18,18,
45,48,52,57,59,60,60,59,60,61,63,65,65,66,68,70,72,71,71,72,74,74,71,69,65,64,61,58,53,49,45,43,41,37,31,27,26,27,28,29,26,26,26,26,26,25,25,25,24,24,24,25,26,27,28,29,30,31,32,33,33,32,30,29,30,29,28,29,32,36,41,44,49,50,53,55,57,57,57,56,56,55,54,53,53,52,49,47,47,45,41,37,35,35,37,38,38,38,38,38,38,38,39,39,40,43,42,37,36,39,41,39,39,46,47,47,51,50,51,58,58,55,51,48,46,44,37,30,27,25,24,24,26,29,29,29,30,34,38,40,38,36,36,36,35,32,28,25,24,23,23,22,23,23,22,22,22,22,22,23,22,23,23,23,22,22,22,23,25,22,21,24,27,30,36,42,50,44,34,34,42,38,29,28,25,21,21,19,16,21,24,17,20,20,19,20,24,26,24,18,21,19,18,20,22,22,20,20,18,16,15,14,15,15,15,14,11,10,8,9,11,12,13,13,15,16,17,18,18,17,16,15,12,13,15,15,15,23,24,15,16,84,141,178,190,150,130,165,189,206,201,194,199,187,175,187,210,193,177,162,147,133,110,83,41,33,25,22,21,20,19,19,21,24,28,31,33,33,31,30,30,29,28,27,26,25,24,24,22,22,22,21,21,22,23,25,27,29,31,34,36,37,37,37,36,36,35,34,33,33,33,33,33,33,35,36,37,38,38,38,39,40,41,43,43,43,43,42,43,43,41,39,37,36,34,34,37,37,38,38,39,40,41,41,44,45,45,46,45,43,40,39,39,38,37,37,37,37,36,35,35,33,33,34,32,28,29,32,37,42,48,55,59,60,59,58,56,51,45,38,31,26,21,18,18,17,15,15,18,20,
41,43,47,52,56,58,59,59,60,62,64,65,65,66,68,70,72,71,70,70,72,71,70,68,64,63,62,60,56,52,49,47,43,38,32,28,26,27,28,28,26,26,26,26,26,26,26,26,27,27,28,28,29,30,31,32,31,31,31,31,31,30,29,28,28,28,27,29,32,36,41,44,50,51,54,56,58,58,58,58,57,56,55,55,55,54,52,50,49,46,42,38,36,36,37,38,37,36,36,36,36,36,37,37,39,42,43,41,41,43,43,40,43,47,43,41,47,50,51,58,54,54,51,47,47,47,43,38,29,27,24,24,25,27,28,28,30,33,37,39,38,36,34,34,32,29,25,22,21,21,20,20,21,21,20,20,20,20,20,20,20,20,21,20,20,20,20,20,21,20,21,26,29,32,37,43,56,55,45,40,43,39,30,28,25,19,20,21,18,20,23,20,22,21,20,21,22,22,22,22,20,20,21,22,22,21,20,19,18,16,15,14,14,15,14,13,12,11,9,9,10,12,12,12,15,15,16,17,17,16,15,14,14,13,12,12,15,17,19,22,53,108,153,188,206,171,146,171,192,205,198,190,195,187,180,194,206,194,183,175,166,159,143,121,73,51,28,19,19,20,20,22,21,23,27,30,32,32,31,30,30,29,28,27,26,25,25,24,22,21,21,20,20,21,22,23,25,26,28,30,31,32,33,33,32,31,31,30,29,29,30,30,31,32,33,35,36,36,36,36,38,38,40,41,41,41,41,41,41,41,40,39,38,37,36,36,38,38,39,40,41,42,42,43,45,45,46,46,45,43,41,39,38,36,35,35,36,36,35,33,36,34,33,33,31,28,29,33,38,42,49,55,60,61,61,60,59,54,47,40,34,28,22,19,19,17,16,17,19,21,
36,38,41,46,50,55,58,60,60,62,64,65,65,66,68,70,71,69,67,66,66,65,64,63,61,61,62,62,60,56,53,50,45,40,34,29,28,28,28,28,27,28,29,30,30,30,30,30,32,32,31,32,32,34,35,35,32,31,30,29,28,27,26,26,27,26,27,29,32,37,42,45,51,53,55,57,59,60,60,60,58,58,57,57,58,57,55,54,52,49,44,40,37,36,37,38,37,37,36,36,36,36,37,37,37,38,39,39,41,43,43,41,43,45,42,44,51,50,48,54,49,52,52,48,47,47,44,39,34,30,26,23,23,24,25,26,27,31,35,37,37,35,33,32,29,26,22,20,19,19,19,18,20,20,20,20,19,19,19,19,20,20,20,20,20,20,20,20,18,18,22,28,32,35,40,47,59,62,54,44,45,44,35,30,33,22,22,26,21,17,18,17,18,15,15,19,19,17,20,25,22,24,25,25,24,23,21,20,20,18,16,16,16,16,15,14,14,12,10,9,10,11,11,11,13,14,14,15,15,14,13,12,13,13,9,12,18,11,15,37,93,134,162,185,200,172,151,172,194,203,195,187,191,187,185,198,203,194,188,184,177,173,163,147,103,67,29,15,17,18,18,18,20,23,26,30,32,32,31,30,30,29,29,28,27,26,25,24,21,20,20,19,19,19,20,20,21,22,23,24,26,26,26,26,26,26,25,25,25,25,25,26,29,30,31,32,34,34,35,35,36,36,37,38,39,39,38,38,38,38,38,38,38,39,39,39,39,40,40,41,43,44,44,45,46,47,47,47,45,44,42,41,38,37,37,35,36,36,35,33,36,33,31,31,29,27,29,33,38,43,49,56,61,64,64,63,62,58,51,44,37,30,25,21,20,19,18,19,21,22,
35,36,38,41,46,51,56,58,60,61,63,64,65,66,68,70,69,67,63,60,57,55,54,53,55,57,59,60,59,57,54,52,45,41,35,31,29,28,28,28,30,31,33,34,36,36,36,36,35,35,34,34,35,35,36,36,34,32,29,27,25,24,24,24,26,27,28,30,34,39,43,46,52,53,55,58,59,61,61,61,59,58,58,58,59,59,58,56,54,51,46,41,38,37,37,38,39,39,38,37,37,37,38,39,40,40,39,38,40,42,43,43,36,40,51,70,76,58,46,53,43,49,51,47,45,46,44,39,37,33,27,23,22,22,23,23,22,25,30,33,34,32,30,29,27,24,21,19,19,19,19,19,21,21,21,21,21,20,19,19,22,21,20,21,21,22,21,20,19,19,22,28,33,37,46,54,58,64,56,46,50,53,44,36,38,24,24,32,30,24,22,21,23,18,18,24,24,21,22,27,24,28,30,29,27,27,24,23,24,22,19,18,18,17,16,15,15,13,10,9,9,10,9,9,11,11,12,12,12,12,11,10,9,15,12,16,21,9,21,65,123,155,172,180,184,162,153,177,192,198,194,188,190,187,186,195,197,189,187,185,178,176,171,161,125,81,35,17,19,20,17,15,20,22,25,28,30,31,31,30,30,30,29,28,27,26,25,25,21,20,19,18,18,18,17,17,16,17,18,19,20,21,22,22,22,21,21,21,21,22,23,23,27,28,29,31,32,33,33,33,34,35,35,36,36,36,36,36,36,36,37,38,38,39,39,40,41,41,42,43,44,45,46,47,47,47,47,47,46,44,43,42,41,40,38,38,38,38,37,35,34,31,28,26,24,23,26,31,38,42,49,57,62,66,67,67,65,61,54,47,40,33,26,22,21,20,20,21,23,23,
37,37,38,40,44,48,53,56,59,61,63,64,64,65,67,69,67,65,60,55,49,45,44,42,48,50,53,55,55,53,51,49,44,40,35,32,30,30,30,29,32,33,36,38,40,40,40,40,38,38,37,36,36,35,36,36,35,33,30,26,24,23,23,24,27,28,29,32,36,41,45,48,52,53,55,57,59,61,62,62,59,58,58,59,60,60,58,57,55,52,46,41,38,36,36,37,39,38,37,36,37,38,39,40,46,46,46,46,44,42,41,42,34,44,74,112,118,82,55,60,58,62,59,48,43,46,45,41,38,33,27,22,20,20,20,20,19,21,24,27,29,29,28,27,24,21,18,17,17,18,18,18,21,21,22,23,23,22,22,21,22,21,20,20,22,22,21,20,22,21,23,27,31,38,50,61,63,69,62,54,62,67,59,49,39,25,26,37,39,36,34,31,28,24,24,29,30,26,26,29,27,31,32,29,28,29,27,24,26,24,21,19,19,18,16,15,15,13,10,9,9,9,8,8,9,9,9,10,10,9,9,9,7,16,14,14,16,13,42,103,148,171,181,185,188,174,168,186,187,193,194,193,192,187,183,185,189,183,184,187,183,184,186,181,149,105,52,24,20,21,20,17,19,21,24,27,29,30,30,30,30,30,29,28,27,26,25,25,22,20,18,18,19,18,16,14,13,13,14,15,16,18,19,19,18,18,18,19,19,20,22,22,25,26,27,29,30,31,32,32,33,33,33,33,33,33,34,34,34,35,35,36,37,38,39,39,42,43,43,44,45,46,46,47,47,47,47,46,46,45,44,44,44,42,41,40,41,40,39,37,33,29,25,23,21,20,22,28,37,42,48,56,63,67,69,69,67,63,57,50,43,35,29,24,23,22,21,22,23,23,
40,39,39,40,43,47,51,53,58,59,61,62,63,64,66,68,65,63,59,53,45,40,37,36,41,43,46,48,48,47,45,44,42,38,34,32,31,31,32,31,32,35,38,41,43,44,44,44,43,42,41,39,37,36,36,36,36,34,31,27,25,24,23,23,28,29,31,34,38,42,46,48,51,52,54,56,58,60,61,62,60,59,58,59,60,60,59,57,54,51,46,40,37,35,35,36,36,36,35,34,35,37,39,40,46,47,50,50,45,40,40,44,55,72,107,148,154,113,75,69,97,97,85,67,55,53,48,40,39,35,29,25,22,22,21,20,19,19,20,23,25,26,25,24,20,18,15,14,15,16,16,16,18,20,22,25,27,28,29,29,25,23,21,22,24,25,23,21,26,25,26,29,33,40,54,66,74,79,74,70,78,81,73,69,53,41,40,44,41,38,39,37,23,25,27,28,27,28,30,33,31,34,33,30,30,34,32,27,27,25,22,20,19,18,16,14,15,13,10,9,9,9,8,7,8,8,8,8,8,8,8,9,7,13,11,9,14,30,77,136,159,171,174,181,194,190,181,185,185,188,194,196,192,187,182,178,190,183,184,188,187,189,192,190,171,132,76,32,14,15,17,17,18,20,23,26,28,30,30,30,31,30,29,28,27,26,26,25,24,21,19,19,20,19,16,13,11,11,11,12,13,14,15,16,15,15,15,16,17,18,20,21,22,23,24,26,28,29,29,30,31,30,30,29,29,30,30,31,31,32,33,35,36,37,39,39,44,44,44,44,44,45,45,45,45,45,45,45,46,46,46,46,45,44,42,42,42,42,40,38,34,30,26,24,21,18,21,26,35,40,47,55,62,67,70,71,69,65,59,53,46,39,32,27,25,23,22,21,22,22,
41,40,40,41,43,46,50,52,56,58,60,61,62,63,65,66,64,63,60,54,46,39,35,34,37,38,40,41,42,41,40,40,38,36,32,31,32,33,33,34,36,38,42,46,48,49,49,49,49,48,46,43,41,39,38,37,36,35,32,29,27,25,24,24,29,29,31,34,38,42,45,47,50,51,52,54,56,58,60,61,61,60,60,60,61,61,59,57,52,49,44,39,35,34,34,35,35,35,34,34,35,38,40,42,47,47,47,45,41,43,55,69,98,118,141,163,167,137,93,69,119,122,117,102,92,84,69,51,44,41,36,32,30,29,28,27,24,22,20,21,22,23,22,21,19,16,14,13,14,16,16,16,17,19,24,30,35,38,40,41,34,32,30,31,33,35,33,30,32,32,34,37,40,46,60,72,78,84,84,84,88,86,84,88,81,75,72,64,51,50,59,62,50,58,57,43,30,29,34,36,39,40,37,33,36,43,41,33,31,28,25,23,21,20,18,16,14,12,10,8,8,9,8,8,8,7,7,7,7,7,8,8,7,9,8,11,26,63,113,152,164,168,166,168,180,184,182,186,186,187,193,195,190,187,185,179,192,182,182,187,186,188,191,190,182,156,104,47,15,11,14,13,18,20,22,25,27,29,30,30,31,30,30,29,28,27,26,25,26,23,21,21,22,20,16,13,12,11,10,9,9,9,10,11,10,10,11,12,13,15,17,18,18,19,21,23,24,26,26,27,27,27,26,25,25,26,27,27,27,28,30,32,35,38,39,40,44,44,44,44,43,43,43,43,43,43,44,44,45,46,47,48,49,47,45,45,45,44,43,41,38,34,31,28,24,20,22,26,33,38,45,53,61,66,70,71,70,67,62,56,49,42,35,31,26,24,21,20,21,21,
40,40,40,41,43,46,49,51,56,57,59,60,61,62,64,66,64,64,62,56,48,41,37,36,36,36,37,37,38,38,37,37,36,34,31,31,32,34,35,35,39,42,46,50,53,54,54,54,54,52,49,46,43,41,40,39,36,35,33,31,28,26,25,25,28,29,31,34,37,41,44,46,49,50,51,53,55,57,60,61,63,62,61,61,62,61,59,58,51,48,43,38,34,33,34,34,36,35,34,35,36,40,43,45,54,50,46,41,40,51,79,104,135,155,163,163,164,146,101,62,109,122,132,132,129,121,99,74,51,48,44,40,39,37,35,34,28,25,22,20,21,21,21,19,19,17,15,14,15,17,18,18,17,21,27,35,42,47,50,52,45,42,40,41,44,45,43,40,38,39,42,46,48,53,65,77,73,83,88,90,91,86,88,100,102,103,102,88,71,75,93,103,106,116,107,75,45,35,37,38,47,46,41,37,42,51,49,40,35,32,29,27,25,23,21,19,14,12,9,8,8,9,8,8,7,7,7,6,6,7,7,7,6,4,9,18,44,92,136,154,171,176,170,161,163,171,183,198,189,186,191,194,188,187,188,182,189,178,179,185,187,190,195,194,185,171,127,65,24,16,16,11,17,19,21,24,27,29,30,30,31,31,30,29,28,27,26,25,27,24,22,22,23,21,17,12,13,11,10,8,7,6,6,6,7,7,8,9,11,13,14,15,15,16,18,20,22,23,24,24,25,24,23,23,22,23,24,25,24,25,28,31,35,38,41,42,45,44,44,43,43,42,42,41,42,42,43,43,45,46,48,48,52,51,49,48,48,48,46,44,42,38,34,32,27,23,24,27,32,37,43,52,60,66,70,72,72,69,64,58,52,45,38,33,27,24,21,19,19,20,
36,38,41,42,44,46,49,51,55,58,61,63,63,63,63,63,65,61,57,55,52,47,38,32,31,33,36,37,35,33,31,30,33,33,33,33,33,34,35,35,40,44,50,54,56,56,56,56,55,54,52,49,46,43,41,40,39,38,35,32,28,26,26,26,27,28,30,32,36,39,42,43,48,49,50,52,54,57,59,61,59,59,60,62,63,62,60,58,50,46,42,38,36,34,33,31,32,33,34,33,34,38,45,50,54,45,44,46,58,93,115,105,128,142,155,157,159,156,118,64,102,147,126,138,143,139,123,101,71,52,42,48,51,43,41,48,38,31,23,17,16,18,19,20,20,17,17,20,20,18,18,19,18,23,26,29,42,58,64,61,57,49,42,44,51,55,52,46,44,46,50,52,55,60,65,68,70,73,80,87,90,92,101,111,121,126,128,122,115,117,129,142,155,159,153,131,98,72,58,55,59,71,53,40,58,64,50,46,35,36,31,28,30,24,17,18,20,15,10,8,7,7,8,9,5,4,5,6,6,4,5,10,11,1,10,32,85,115,147,157,168,167,175,173,164,176,194,193,183,184,188,194,194,186,179,176,181,181,180,181,184,189,193,195,190,189,161,74,28,9,9,13,14,17,19,22,26,28,30,31,30,29,29,28,27,27,27,27,25,25,23,23,22,21,19,17,13,11,8,7,7,7,6,5,6,7,7,8,9,10,11,12,14,15,18,20,21,22,21,21,23,23,22,21,19,19,20,22,23,23,25,28,32,37,41,43,44,44,44,43,42,41,40,40,38,39,39,41,43,46,49,51,49,49,50,50,50,50,49,49,45,42,37,33,31,30,29,28,33,36,42,47,55,62,67,70,68,66,63,59,54,48,40,35,30,26,21,19,20,21,
35,37,39,41,43,46,50,53,55,58,61,63,63,63,63,64,64,60,57,54,52,47,40,35,30,31,32,34,35,35,34,33,33,33,33,33,33,34,35,35,40,45,51,56,58,58,58,58,54,54,53,51,48,45,43,42,38,37,35,31,29,27,27,27,28,29,30,32,34,37,39,41,46,47,48,50,52,55,57,59,60,60,60,62,63,63,60,58,50,47,42,39,37,35,33,32,32,33,34,34,36,40,47,51,47,39,54,80,98,116,127,121,133,144,155,156,159,161,134,90,106,150,136,148,154,152,140,122,98,78,57,49,55,60,59,54,50,43,33,25,21,21,21,22,13,14,14,15,19,23,24,23,24,26,25,28,44,68,84,87,89,74,59,57,65,71,70,65,69,69,72,74,71,68,73,81,80,79,80,83,89,101,123,141,144,147,148,145,142,143,150,156,163,167,167,157,139,123,116,114,111,118,98,82,93,91,69,59,45,41,37,34,30,26,23,20,13,13,12,12,11,9,9,7,6,5,7,10,9,5,3,5,9,6,19,63,106,137,148,154,153,169,176,167,173,198,201,178,190,191,192,192,191,189,186,183,182,178,173,170,173,183,195,202,206,197,160,71,28,12,11,12,14,16,19,22,26,28,30,31,29,29,28,28,28,27,27,27,26,25,24,23,23,22,20,18,15,13,10,8,8,7,6,5,3,4,5,6,7,8,8,8,10,12,14,17,19,20,20,19,20,20,20,18,17,17,19,20,21,22,24,28,32,37,41,44,45,44,44,43,42,41,39,39,39,39,39,40,42,45,47,48,50,51,52,53,53,53,52,51,46,43,39,36,34,33,32,31,34,37,40,47,53,60,65,68,68,66,63,60,56,49,42,37,31,26,21,19,20,21,
33,35,38,40,42,46,50,53,55,58,61,63,64,63,64,64,62,59,55,53,51,48,43,39,32,31,29,30,33,35,35,34,33,32,32,33,33,34,35,36,41,46,53,59,61,61,60,60,55,55,55,54,51,48,45,43,36,35,33,30,29,28,28,28,29,29,30,31,33,35,37,38,43,44,45,47,49,52,54,55,60,60,60,62,63,62,60,58,51,48,44,40,38,36,34,33,33,34,35,36,38,42,48,52,47,43,73,120,142,142,141,143,145,152,158,155,158,167,153,121,115,155,148,156,158,155,149,136,125,107,75,51,54,69,70,59,57,50,38,28,22,20,20,21,23,23,21,17,17,20,21,20,23,26,31,40,63,93,114,122,132,115,97,91,97,100,95,88,86,88,93,95,89,82,86,96,94,87,83,90,106,126,145,157,156,156,156,157,157,158,159,159,160,163,167,168,166,162,159,159,156,160,145,133,142,138,115,103,78,64,58,50,34,31,33,23,17,16,13,9,7,7,8,8,6,3,3,5,5,3,1,2,4,10,27,88,123,153,148,152,158,169,173,172,177,181,183,186,191,193,191,187,187,192,191,185,180,174,167,164,169,181,196,207,209,193,149,58,18,5,4,4,13,14,17,21,24,26,28,29,28,28,28,28,28,28,28,28,26,26,25,25,24,24,21,20,17,15,12,10,9,7,6,4,2,2,4,5,6,6,5,5,6,7,10,13,15,16,16,16,15,15,15,14,13,14,16,18,19,20,23,26,31,37,41,44,45,45,44,43,42,40,38,37,39,38,38,39,40,42,44,46,49,51,53,56,56,56,54,53,49,46,43,40,39,38,37,36,37,38,40,45,50,57,62,66,68,66,64,61,57,51,44,40,33,28,22,18,19,20,
34,36,38,40,42,45,49,52,55,58,61,64,64,64,64,65,59,57,53,51,49,47,43,41,38,33,28,28,31,33,32,31,32,32,32,32,33,34,35,36,41,47,55,61,64,63,62,61,56,57,57,56,53,49,45,42,34,32,30,28,28,29,28,28,29,29,30,31,33,35,37,38,40,41,42,44,46,49,51,53,58,58,59,61,62,61,59,56,51,48,44,42,40,38,36,34,34,35,35,37,39,43,46,49,51,59,97,145,163,155,152,159,160,163,165,159,158,168,163,142,126,157,157,159,159,155,155,148,140,128,98,66,56,65,70,65,60,53,42,31,24,22,22,23,23,20,21,25,24,22,29,40,25,36,53,73,100,127,143,149,158,147,136,131,130,125,112,101,102,112,121,124,121,120,122,124,119,100,84,89,112,134,144,145,147,147,148,150,152,154,154,153,153,152,155,162,167,167,164,163,167,172,166,162,170,169,155,149,123,102,92,76,47,40,39,23,22,21,17,10,7,6,7,6,6,2,2,2,2,1,2,5,5,13,39,97,134,155,154,159,166,162,151,153,166,166,171,191,183,187,186,183,189,198,195,184,175,170,165,167,173,183,196,206,212,197,154,62,21,8,9,10,10,12,14,18,21,23,25,26,27,27,28,28,28,28,28,28,27,27,26,26,26,25,24,22,19,17,14,11,10,8,6,4,2,3,4,6,6,6,5,4,4,5,7,9,10,11,11,12,10,10,11,10,9,10,13,15,16,17,20,25,30,36,41,44,45,44,44,43,41,39,37,35,35,35,35,36,38,40,42,44,46,49,53,56,58,58,56,55,54,51,48,46,45,43,41,39,40,40,41,45,49,55,60,63,67,65,64,61,58,53,47,42,37,32,25,20,19,18,
36,38,40,42,43,45,48,50,55,58,62,64,64,64,65,65,59,57,54,51,48,46,43,40,40,34,27,26,28,31,31,30,32,32,32,32,33,35,36,36,42,48,56,62,64,63,62,61,59,59,58,56,52,47,42,39,32,29,27,26,27,28,28,27,28,29,29,31,33,35,38,39,38,39,40,42,44,47,49,50,55,55,56,58,59,58,56,53,49,47,44,42,41,40,37,36,36,36,36,37,39,42,43,44,45,77,121,157,169,163,161,168,168,170,171,165,162,169,168,153,140,160,166,164,165,160,164,160,149,142,125,96,71,62,67,75,66,60,50,40,32,28,28,29,32,26,31,42,36,24,33,56,60,73,94,117,138,154,161,162,161,158,154,151,146,136,122,112,113,130,141,142,145,152,150,141,146,121,92,79,88,106,119,123,124,127,130,132,135,138,143,146,149,144,144,151,157,156,153,151,158,163,164,164,167,167,166,168,160,143,136,118,83,68,57,31,25,25,22,16,13,12,9,6,6,4,2,3,3,2,3,6,7,19,59,101,142,151,160,162,149,144,123,122,157,182,179,173,175,181,186,190,201,210,201,185,172,164,159,164,174,184,196,205,206,196,158,65,20,5,7,11,9,10,13,16,19,22,23,24,25,26,27,28,28,28,28,28,29,27,27,27,28,28,26,24,21,19,16,14,12,9,7,5,3,4,4,5,5,4,4,3,4,4,5,6,6,7,7,7,6,7,7,7,6,7,10,12,13,15,18,22,28,34,39,42,43,43,43,42,40,38,35,33,31,31,31,32,35,38,40,42,44,47,52,56,59,59,59,58,59,57,54,52,51,48,45,43,44,44,44,46,50,55,60,63,65,65,63,62,59,55,49,45,42,37,30,23,20,18,
37,40,43,45,46,47,48,49,55,58,62,64,65,65,65,66,61,60,57,54,49,45,41,39,37,33,27,25,26,29,31,32,32,32,32,32,33,35,36,37,42,48,55,60,62,61,60,59,59,58,57,54,50,44,40,37,31,28,26,25,27,29,28,27,27,27,28,30,32,34,36,37,35,36,37,39,41,44,46,48,51,51,52,53,54,54,51,49,47,45,43,42,42,41,39,37,38,37,37,38,40,42,42,41,39,93,143,167,175,173,169,173,169,170,173,171,167,172,171,158,158,165,176,171,171,163,164,156,151,149,142,124,94,69,65,73,69,64,55,45,36,31,30,31,40,38,52,71,68,53,62,85,116,124,137,150,160,166,167,166,161,160,158,155,150,144,136,131,129,142,149,146,148,156,154,145,146,134,111,87,74,77,89,97,94,98,102,105,106,110,117,122,126,120,120,127,131,129,126,127,133,136,142,145,145,149,158,166,173,169,169,158,132,115,97,71,52,43,25,10,7,13,16,13,4,4,6,7,6,2,2,5,7,26,74,104,142,144,153,148,132,124,120,137,164,174,169,167,177,185,194,202,210,210,198,183,169,155,146,152,167,181,195,205,201,190,150,57,13,0,0,2,8,10,12,15,18,20,22,23,24,25,27,28,29,29,28,28,29,29,29,28,30,29,28,27,23,21,19,17,15,12,9,7,4,4,3,3,4,3,3,3,4,4,4,5,5,5,5,5,4,5,5,5,4,5,7,9,11,12,15,20,26,32,37,40,40,40,41,41,39,36,34,32,26,27,27,29,31,34,37,39,42,45,50,54,58,60,60,60,61,60,58,57,56,53,49,47,47,47,48,50,53,57,61,63,65,65,64,63,61,57,52,48,48,43,36,29,24,22,
37,40,45,49,50,50,50,50,55,58,62,64,65,65,66,67,65,64,62,58,52,46,40,38,37,34,29,26,25,26,29,31,31,31,32,32,33,35,36,37,43,47,53,57,59,58,58,57,57,56,54,50,46,42,39,37,33,29,26,26,29,30,29,27,27,27,27,28,30,31,33,34,32,33,34,36,38,41,43,45,47,47,48,49,50,50,47,45,44,43,42,42,42,42,40,39,38,38,38,40,42,44,43,41,52,114,162,177,183,179,172,173,168,169,174,174,172,175,172,160,164,163,181,177,181,171,166,152,155,152,148,139,117,90,70,62,63,60,55,46,38,33,32,33,40,53,81,110,122,123,130,142,153,155,159,162,164,165,165,165,164,160,156,153,151,149,146,143,146,145,142,138,132,131,135,140,128,126,113,91,73,69,75,80,79,81,83,84,83,83,86,89,90,86,86,92,92,87,86,90,93,93,102,110,110,116,130,140,145,151,155,152,147,142,130,115,102,83,51,22,13,18,19,14,5,6,7,8,6,4,8,15,24,53,92,120,144,153,151,140,138,127,142,170,170,156,162,180,188,196,205,207,200,187,174,165,162,144,133,142,162,180,194,203,210,189,140,49,13,5,5,4,6,7,9,12,15,17,19,19,23,24,26,28,29,29,28,28,29,30,29,30,31,31,30,28,26,25,23,21,19,16,13,10,6,5,4,3,3,3,4,4,4,4,4,4,4,5,5,6,4,5,5,4,4,5,6,8,9,10,13,18,23,29,34,37,37,38,39,39,38,35,33,31,24,25,25,26,28,31,33,35,38,40,45,49,53,56,58,59,61,60,60,60,60,58,54,51,50,50,52,54,57,60,63,65,67,66,66,65,64,60,56,52,51,48,42,36,30,27,
35,40,46,51,53,52,52,52,55,58,62,64,65,65,66,67,68,68,66,61,54,47,40,37,39,37,32,27,23,23,25,27,31,31,32,32,33,35,36,37,43,47,52,56,57,56,56,56,55,54,51,48,44,41,38,37,35,31,27,27,30,32,30,28,27,27,26,27,27,28,29,30,30,31,32,34,36,39,41,43,44,44,45,47,48,47,45,42,43,42,41,42,43,42,41,40,38,38,38,41,44,46,45,43,75,133,175,184,186,180,170,172,170,169,174,176,174,175,172,159,158,154,181,183,195,186,180,163,162,158,152,147,136,112,79,54,58,57,54,48,42,38,38,39,70,93,123,147,162,168,166,162,161,161,162,162,162,161,161,163,164,158,151,149,150,149,145,141,136,122,113,108,97,86,96,116,119,110,91,72,65,69,76,78,85,85,84,81,77,73,70,69,69,65,65,69,65,57,57,64,62,58,66,76,76,82,95,103,99,110,112,112,124,134,134,134,140,122,90,59,43,34,18,3,12,11,11,9,7,11,25,39,57,89,115,145,155,176,163,151,149,145,159,172,167,170,182,184,197,204,210,205,184,160,145,143,155,136,126,140,164,182,192,199,207,177,120,31,5,5,5,0,3,4,6,9,11,13,15,15,22,24,26,28,29,29,28,28,30,29,29,30,32,32,31,29,29,27,25,24,22,19,16,13,10,8,6,5,4,4,6,7,3,3,4,4,5,6,7,8,5,5,5,4,4,4,6,7,8,9,12,16,22,28,33,36,35,36,38,38,37,35,32,30,24,24,24,25,26,28,30,32,33,35,39,44,48,52,55,56,59,59,60,61,62,61,58,55,51,52,54,57,60,62,64,65,68,67,67,67,66,63,58,55,53,51,46,40,35,32,
32,39,48,53,54,54,56,58,61,62,64,65,65,66,67,69,69,69,67,63,57,50,44,41,42,39,35,31,28,27,27,27,28,30,31,32,33,34,36,38,44,48,53,56,57,56,55,55,54,52,49,47,45,42,40,37,32,31,30,29,30,30,29,27,26,26,26,26,27,28,29,30,30,29,30,32,35,38,39,39,40,40,39,40,42,43,43,42,42,41,41,41,42,42,41,40,40,38,41,38,44,48,41,52,90,146,174,183,186,177,171,165,159,167,174,182,188,180,171,173,168,156,152,165,179,185,188,192,166,163,148,145,147,138,106,52,43,55,62,57,51,57,72,84,122,140,155,160,165,171,170,163,160,159,162,162,158,162,164,156,146,145,143,139,133,125,116,111,95,97,81,67,70,71,75,93,92,81,70,66,67,69,74,79,81,75,74,77,76,67,60,59,65,55,52,57,54,46,48,59,51,60,74,84,82,76,79,85,78,95,99,100,110,108,102,107,123,136,133,115,92,60,26,9,8,16,16,22,22,28,59,79,96,122,141,152,169,177,168,157,138,151,158,169,188,188,184,195,201,199,199,190,172,161,153,145,147,134,134,152,171,180,191,204,205,191,149,78,15,0,2,1,2,3,4,7,9,11,13,14,20,22,26,28,28,29,30,31,31,31,31,31,31,31,31,31,30,29,28,25,23,20,17,16,12,9,7,6,6,5,4,3,4,4,5,6,7,7,8,9,7,6,6,5,5,6,6,7,8,9,12,15,20,25,29,32,33,36,37,35,34,35,33,30,25,24,23,22,23,25,28,30,32,33,36,40,44,50,54,57,58,60,62,64,64,64,63,62,56,56,56,57,59,62,65,67,67,66,65,65,65,64,61,58,54,50,44,41,40,39,
28,34,44,50,53,55,58,61,63,64,65,66,65,66,67,69,71,71,70,67,61,54,49,45,44,41,37,32,29,28,28,29,29,30,32,32,33,34,36,38,43,47,52,55,56,55,54,53,53,51,48,46,44,41,38,36,31,30,29,28,29,29,27,26,24,23,23,23,24,25,26,27,28,27,27,30,33,35,36,36,36,36,35,37,39,41,41,40,40,40,40,41,43,44,43,42,43,40,43,41,48,51,43,52,92,152,182,189,187,175,169,164,158,163,164,168,173,170,169,178,155,155,152,149,153,164,174,178,181,170,162,160,145,140,131,87,57,51,51,62,78,98,122,140,148,157,163,163,165,167,163,157,151,154,161,162,158,155,149,138,141,132,122,113,105,96,85,77,67,69,59,56,67,70,69,77,70,62,58,64,71,74,73,71,77,77,76,73,73,74,72,69,61,65,69,72,75,79,81,82,77,88,106,119,119,111,106,107,106,121,131,136,137,129,114,107,106,118,121,111,94,71,50,42,38,41,34,39,45,55,84,99,116,137,152,160,170,169,159,152,138,161,171,171,177,179,180,190,191,204,193,158,142,158,172,170,140,125,121,138,158,172,186,199,204,200,171,105,37,9,7,3,2,2,3,5,7,10,12,14,19,21,25,27,28,28,30,31,31,31,31,31,31,31,31,31,30,30,29,26,24,21,19,18,15,12,11,9,8,7,6,4,4,4,5,6,7,8,9,9,8,7,7,6,6,6,6,6,8,9,11,15,19,24,28,30,33,36,36,34,33,34,32,28,24,23,21,21,20,22,24,26,28,29,32,36,41,47,51,54,57,59,62,64,65,65,64,64,60,59,59,58,59,61,63,64,66,66,65,66,66,65,63,61,57,53,48,45,44,44,
20,26,35,43,48,53,58,61,63,64,66,66,65,66,67,68,71,71,71,70,66,60,54,50,47,44,38,33,29,28,29,30,29,30,32,32,32,33,36,38,43,46,51,54,54,53,52,52,52,49,47,44,42,40,37,35,31,30,28,28,28,27,26,25,21,21,21,21,22,22,23,24,24,24,24,26,29,31,32,31,31,30,30,32,34,37,38,38,39,38,39,41,44,46,46,45,45,42,46,44,51,53,46,58,101,162,192,194,186,169,165,162,147,148,144,142,146,149,157,172,172,175,163,141,133,143,149,146,172,171,158,154,153,153,151,127,85,62,52,74,106,131,150,164,159,159,160,161,162,162,160,159,149,151,154,153,151,147,140,131,124,110,92,80,74,67,55,46,56,62,59,59,66,66,64,69,82,81,85,89,88,79,70,66,65,79,90,93,98,104,102,95,101,115,119,112,114,128,131,122,126,133,143,152,153,150,149,151,147,148,153,153,147,144,138,126,108,106,97,82,66,59,66,79,82,74,56,59,70,82,107,117,130,142,150,156,160,152,142,142,158,175,175,165,168,178,185,191,180,183,156,121,124,153,169,169,145,130,124,135,152,164,175,185,187,191,173,113,42,8,1,1,3,2,2,3,5,8,11,13,17,20,23,26,27,28,30,31,32,32,32,32,32,32,32,32,32,31,30,28,26,24,21,20,17,15,12,10,9,8,6,4,5,5,6,7,8,9,10,10,10,9,8,7,6,6,6,6,7,8,11,14,18,23,26,28,32,35,35,33,32,32,29,25,21,20,18,18,18,18,20,21,23,24,27,31,36,42,47,50,54,56,59,62,64,65,65,65,64,63,62,61,60,61,62,62,65,64,65,66,68,68,66,64,60,57,53,50,48,47,
14,19,27,34,41,47,52,56,59,60,62,63,63,64,66,67,69,70,70,70,68,63,57,53,48,45,38,33,29,28,29,29,30,31,31,32,32,33,36,38,44,47,51,53,53,52,52,52,51,49,46,43,41,39,36,34,32,30,29,28,28,27,26,24,21,21,21,20,21,22,22,23,21,20,21,23,26,27,27,27,26,26,25,27,31,34,35,36,38,38,38,40,43,45,46,46,46,44,49,47,51,53,51,70,121,176,197,193,181,164,159,156,146,147,142,140,144,148,158,175,179,176,163,145,142,151,155,150,160,177,152,142,165,168,156,146,112,85,69,86,118,139,145,146,152,150,151,154,155,154,156,159,146,150,148,147,145,137,124,117,88,77,64,57,55,53,47,42,66,77,83,80,74,72,80,91,104,110,116,111,92,71,61,60,63,75,90,100,108,114,117,117,131,143,142,129,129,143,147,138,145,147,150,153,155,154,154,154,159,150,151,150,142,148,153,141,127,106,79,50,29,35,71,104,115,102,79,80,89,98,117,120,132,133,134,141,147,138,133,141,169,169,164,164,175,185,182,175,172,158,132,120,130,139,146,158,143,136,134,141,151,159,166,173,177,182,166,110,43,10,6,5,3,2,1,2,3,6,9,11,15,18,22,25,27,28,30,31,33,33,33,33,33,33,33,33,33,33,32,30,29,26,25,23,20,17,14,11,9,7,5,4,6,6,7,8,9,11,12,12,12,11,10,8,7,6,6,6,7,9,11,14,18,22,25,26,31,34,35,32,31,30,27,23,20,18,17,15,15,15,16,17,19,20,23,26,32,38,43,46,49,52,55,59,62,63,64,64,66,65,64,62,62,61,61,62,63,63,64,66,69,69,68,67,62,60,56,52,49,47,
14,17,23,29,35,41,47,50,51,53,56,58,59,61,63,65,67,67,68,68,68,64,59,54,47,43,38,32,28,27,27,28,29,30,31,31,31,33,37,39,45,48,52,53,53,52,52,52,50,48,45,42,40,38,35,33,33,32,30,29,28,27,26,24,20,20,19,19,19,20,21,21,18,18,19,21,24,25,24,23,24,23,22,24,28,32,34,35,37,37,36,38,41,44,45,45,45,45,52,49,49,51,56,82,147,192,201,190,178,162,155,150,139,143,141,143,149,151,158,172,178,172,165,161,156,152,154,159,172,184,172,161,160,168,172,154,129,108,88,88,110,133,140,137,146,146,149,152,150,146,146,149,146,149,142,136,131,112,89,81,58,57,57,59,63,66,69,70,88,96,107,110,106,109,120,128,124,125,125,119,103,85,77,76,71,67,69,79,86,91,105,121,126,133,135,129,130,139,142,139,134,138,142,144,142,135,126,119,128,124,132,138,132,135,135,120,116,97,79,57,35,46,88,121,126,119,103,108,113,113,122,119,133,126,120,128,138,134,135,148,157,149,154,171,181,175,160,147,148,136,124,119,111,102,113,138,129,129,130,135,142,151,161,169,171,172,154,102,40,10,8,6,3,2,1,2,2,5,7,9,12,15,20,23,26,28,30,32,34,34,34,34,34,34,34,34,34,34,33,32,31,29,27,27,23,20,16,13,11,9,7,5,7,7,8,9,11,12,13,14,13,12,11,9,8,7,7,7,8,10,12,16,19,22,24,25,29,32,34,32,30,29,26,21,19,18,16,15,14,14,14,15,15,16,19,23,29,34,39,42,46,48,53,57,60,63,63,64,64,64,63,63,62,62,62,62,62,62,63,66,68,69,68,67,64,62,59,54,50,47,
18,20,23,27,33,38,43,46,44,46,49,52,54,56,59,62,65,64,63,64,65,63,58,54,44,41,37,32,29,27,27,27,28,29,30,30,31,34,38,41,46,49,52,53,53,52,51,51,48,46,43,40,39,36,33,31,34,32,30,29,28,27,25,23,19,18,18,17,17,18,18,19,18,18,19,21,23,24,22,21,22,21,20,22,26,30,32,33,35,34,33,35,39,42,44,44,44,44,51,49,49,50,57,86,164,203,205,191,179,162,152,143,129,133,134,139,149,152,156,167,173,168,171,173,160,140,140,153,181,174,193,192,147,153,189,167,146,130,104,87,92,112,130,136,136,140,144,146,146,144,140,137,147,142,119,103,99,83,66,69,70,77,87,95,101,106,112,117,127,121,127,136,139,146,147,139,131,122,113,111,109,104,97,93,73,63,65,78,84,83,92,109,109,115,122,124,125,126,125,122,110,112,111,106,100,94,88,82,86,88,95,98,96,97,95,86,73,75,91,94,78,86,114,129,126,126,119,129,133,127,129,122,132,124,116,122,132,132,138,154,156,146,154,168,164,153,148,145,137,123,111,98,86,93,109,112,124,124,122,122,129,142,156,164,166,165,148,99,41,10,4,2,3,3,2,2,2,4,6,7,11,13,18,22,25,28,30,32,34,34,34,34,34,34,34,34,34,34,34,33,32,31,30,29,27,24,20,17,15,12,9,7,7,8,9,11,12,14,15,15,14,13,12,10,9,8,8,8,11,12,15,18,21,23,25,25,27,31,33,31,30,29,26,21,18,17,16,15,14,14,14,14,14,16,18,21,26,31,36,39,44,46,51,55,59,61,62,63,61,61,62,62,62,62,62,63,61,61,62,64,67,67,66,65,66,65,62,57,53,49,
22,22,23,26,30,36,40,43,40,43,46,48,50,52,55,57,60,57,55,56,57,56,53,49,42,40,37,33,30,28,27,26,27,28,29,30,31,35,39,43,46,48,51,52,51,50,50,50,45,43,40,38,36,33,30,28,34,32,30,28,27,26,24,22,19,19,18,18,18,18,19,19,18,19,20,22,24,24,22,20,21,20,19,20,24,28,31,32,31,30,30,32,36,41,43,44,45,43,49,49,52,52,55,80,166,205,208,195,182,161,147,135,133,134,133,140,154,162,168,179,166,159,163,174,169,151,144,150,169,165,187,200,158,139,169,176,163,149,127,105,91,93,108,123,122,126,128,130,135,137,129,116,119,113,88,75,86,84,81,97,104,112,123,130,133,135,139,142,147,130,125,127,125,129,126,110,97,87,79,79,80,81,81,82,75,72,78,90,92,83,77,78,77,86,92,92,91,90,85,78,65,66,62,53,47,47,48,47,53,59,56,53,57,62,64,69,53,70,109,125,112,117,133,132,126,124,115,122,127,125,130,127,129,127,123,125,130,131,141,159,160,153,160,163,150,145,150,149,138,116,106,97,89,114,129,107,119,117,114,115,125,142,154,157,169,168,152,105,47,15,9,6,3,3,3,3,3,4,5,5,9,11,16,21,24,27,30,33,34,34,34,34,34,34,34,34,34,34,34,34,33,32,31,30,28,26,22,19,16,14,11,9,8,9,10,12,13,15,16,17,14,13,12,11,10,9,9,9,13,14,17,20,23,24,26,26,26,30,32,31,31,30,26,21,17,16,15,15,14,13,13,13,13,14,16,19,23,28,33,35,39,42,46,51,55,57,59,59,59,60,60,61,61,61,61,61,61,60,61,63,65,65,63,62,64,64,62,58,53,50,
22,22,21,24,28,33,38,40,39,42,44,46,48,49,52,54,54,51,48,48,50,50,47,44,41,40,37,35,32,29,27,26,26,27,28,29,31,35,40,44,45,47,50,51,50,49,49,49,43,41,38,36,34,31,28,26,33,31,29,27,26,25,22,21,21,21,20,20,20,20,20,21,19,19,20,22,24,24,22,20,21,19,18,19,22,26,29,30,27,27,27,30,35,40,44,45,47,41,47,50,55,54,52,73,160,202,209,197,183,159,141,127,130,128,123,130,148,160,170,182,189,172,165,174,177,161,139,127,158,174,173,190,186,133,126,172,171,161,148,132,107,88,94,111,117,118,115,114,121,125,111,91,71,77,69,76,103,109,109,126,122,128,136,140,139,136,135,135,134,113,102,94,80,81,84,73,58,58,59,57,53,53,63,75,85,84,82,80,75,64,51,42,52,63,67,60,58,63,60,50,33,39,44,41,38,37,36,34,30,42,39,36,47,52,54,65,69,87,125,137,121,127,141,134,129,119,100,102,108,112,126,128,128,133,133,133,135,135,146,167,150,150,164,168,156,153,150,135,114,94,102,103,87,107,128,106,103,103,103,110,129,149,157,155,160,159,143,95,36,6,3,5,4,3,3,4,4,4,4,5,7,10,16,20,24,27,31,33,33,33,33,33,33,33,33,33,34,34,34,34,33,33,32,31,28,25,21,18,16,13,11,9,9,9,10,12,14,15,17,17,14,13,12,11,10,10,10,10,14,16,19,21,24,25,26,26,25,29,32,31,31,30,27,22,15,15,15,14,13,13,13,12,13,14,15,18,22,26,30,33,35,38,42,47,51,53,54,54,58,59,59,60,60,60,60,60,60,60,61,62,63,63,61,59,61,62,61,58,53,50,
24,23,23,24,27,31,35,37,40,40,42,44,46,47,48,48,45,43,40,37,36,37,39,40,37,36,34,32,30,28,27,26,27,26,26,27,30,35,40,43,48,48,48,47,46,45,44,43,43,41,39,36,33,31,30,29,32,31,30,28,27,26,25,25,23,22,21,20,20,20,20,21,23,23,24,24,24,23,22,21,19,18,17,19,22,25,26,27,21,21,22,27,33,39,44,46,44,47,51,47,55,54,49,69,150,192,204,194,176,155,139,118,118,114,113,123,143,159,159,151,179,179,189,196,191,185,165,134,137,159,171,182,189,161,133,138,163,167,153,161,130,108,98,103,106,124,116,112,106,98,100,80,61,54,78,94,117,108,111,133,125,134,140,140,140,139,128,115,104,77,55,55,58,52,46,46,47,52,51,50,54,52,48,51,64,73,88,81,67,48,32,46,76,84,87,84,88,93,84,68,47,38,36,41,40,41,40,35,38,42,46,66,67,82,95,116,105,126,142,143,143,145,138,125,102,93,65,71,81,79,101,115,120,129,132,129,133,145,153,153,146,151,155,151,150,150,128,92,92,89,109,115,79,76,99,75,61,54,76,93,117,138,136,148,162,169,146,87,34,13,10,7,6,5,5,4,4,4,4,4,8,12,17,22,25,28,31,33,33,33,34,34,34,34,33,33,34,34,34,34,33,32,30,30,27,25,22,20,18,15,12,11,12,11,12,14,16,18,17,16,16,15,13,12,12,12,13,13,15,17,21,24,25,26,28,29,28,30,32,33,32,29,26,24,17,17,16,15,14,14,13,13,14,15,15,17,20,24,27,29,34,37,41,44,46,47,49,51,54,55,57,58,58,58,59,60,58,58,60,61,62,62,62,61,60,59,57,55,53,51,
26,26,25,26,28,32,35,38,39,40,42,44,45,46,46,45,40,38,35,32,31,32,34,35,34,33,31,30,28,26,25,24,26,25,25,27,30,35,39,42,47,47,47,46,46,45,44,44,43,42,39,36,34,32,31,30,33,32,30,29,27,26,26,26,25,24,23,22,21,21,21,22,23,23,24,24,24,23,21,20,18,17,17,18,20,23,23,23,20,20,21,26,33,39,43,45,45,48,51,47,53,52,48,71,148,185,195,189,180,166,154,134,104,100,104,118,130,134,135,136,147,162,173,187,197,184,163,159,136,160,155,143,159,165,150,140,162,168,155,162,138,122,112,113,105,118,113,116,115,109,111,96,96,73,73,74,104,109,114,129,135,136,131,119,110,103,90,77,61,55,50,48,44,40,42,48,61,72,79,88,101,102,89,81,55,55,64,62,56,47,44,65,104,115,120,118,119,124,118,106,80,72,74,80,78,75,71,63,63,78,95,125,133,149,152,162,145,146,143,139,137,130,109,88,76,86,65,56,55,51,72,91,114,129,139,138,135,138,141,140,137,144,156,154,134,122,124,125,148,128,108,104,85,65,70,69,37,41,60,63,80,115,136,159,166,166,135,73,25,10,8,5,6,6,5,4,4,4,4,5,8,11,16,21,25,28,31,33,33,33,34,34,34,34,34,33,34,34,34,34,33,31,30,29,26,24,21,19,17,15,12,11,12,11,12,14,16,18,18,17,16,15,14,13,13,13,14,14,16,19,23,25,27,28,29,31,29,30,31,32,31,29,26,24,19,19,18,17,16,15,15,15,15,15,17,19,21,25,28,29,32,35,39,42,44,45,48,49,53,55,57,58,57,57,58,59,57,58,59,61,61,61,61,61,60,58,56,53,50,49,
30,29,28,28,29,32,36,38,39,40,42,44,44,43,42,41,35,33,31,28,28,29,30,31,31,30,29,28,27,25,24,24,24,24,24,26,29,34,38,41,44,44,44,44,44,44,44,44,43,42,40,37,35,33,32,31,33,33,31,29,28,27,27,27,27,26,25,23,22,22,22,23,24,25,25,26,25,24,22,21,18,17,17,18,20,21,21,20,18,19,21,25,32,39,43,45,46,49,51,48,54,54,54,81,155,183,184,175,165,149,135,114,107,100,101,110,110,102,104,114,118,139,148,172,206,192,165,171,161,168,154,142,150,153,149,154,153,162,154,159,144,134,128,122,111,115,112,123,130,127,129,121,129,96,74,59,93,112,119,124,126,118,101,80,67,61,53,44,35,46,50,42,35,43,61,74,94,108,117,127,145,149,131,113,69,52,52,52,49,45,47,70,99,111,120,121,125,132,132,126,114,109,117,126,125,121,114,105,114,131,143,164,165,174,164,160,134,127,119,111,101,85,67,54,86,106,86,66,62,50,52,64,86,108,129,136,133,132,134,135,151,150,155,153,140,133,136,137,115,111,88,97,119,109,102,109,82,90,94,71,66,96,126,152,163,155,114,53,13,9,10,5,7,6,5,5,5,5,5,5,8,11,15,20,23,27,30,33,32,33,34,34,35,35,35,34,34,34,34,33,32,31,29,28,25,23,20,18,17,15,12,11,12,12,12,13,16,18,18,17,16,16,15,14,14,15,15,15,18,21,25,27,29,30,31,33,29,30,31,31,30,29,26,25,22,21,21,20,19,19,18,18,17,18,19,21,24,27,29,30,31,33,37,40,41,43,46,48,53,54,56,57,57,56,57,58,56,57,58,59,60,61,61,61,60,57,54,50,47,45,
33,32,30,29,30,33,35,37,39,40,41,42,42,40,38,37,33,31,29,28,27,28,30,31,30,30,29,28,27,26,25,25,23,23,24,25,29,33,37,39,41,41,41,41,42,42,43,44,44,43,41,38,36,35,34,33,34,33,31,30,28,27,27,27,28,27,25,23,22,23,24,24,27,27,27,27,26,25,23,22,19,18,18,18,20,20,20,19,18,18,21,26,32,39,42,44,45,48,52,49,56,59,66,99,161,184,181,174,165,149,136,119,114,107,100,96,90,85,89,98,103,111,116,147,193,198,171,160,181,175,158,149,154,153,144,144,137,151,149,150,142,136,135,126,120,109,105,120,135,137,137,136,146,120,99,72,95,107,105,99,96,86,67,49,41,41,39,35,33,44,45,37,42,69,99,115,127,140,142,141,152,158,144,128,90,57,49,51,48,43,41,56,78,88,98,106,116,128,136,137,131,128,136,145,141,133,123,112,125,140,144,153,146,149,128,112,82,89,99,96,77,60,65,80,136,143,121,105,108,89,64,63,89,110,133,144,144,142,143,145,148,146,144,138,137,144,135,110,89,109,101,110,137,139,131,123,107,112,106,84,79,103,133,154,148,133,89,34,8,12,15,7,7,7,6,6,5,5,6,6,7,10,14,18,21,25,29,32,31,32,33,34,35,35,35,35,35,34,34,33,31,30,28,27,23,21,19,18,16,15,13,11,13,12,12,13,15,17,17,17,16,16,16,16,16,16,16,17,19,22,26,28,30,31,32,33,30,31,31,31,30,29,27,26,25,25,25,24,24,23,22,22,21,21,23,25,27,29,31,32,31,33,36,39,41,43,46,48,52,54,56,56,56,55,56,57,55,56,57,58,59,60,60,61,60,57,53,48,44,43,
35,33,31,30,31,33,35,37,39,39,40,40,39,37,35,33,31,30,29,28,28,29,30,31,29,29,28,28,27,26,25,25,24,24,24,26,28,32,35,37,38,37,37,37,38,40,41,42,44,42,41,39,37,36,35,35,33,32,30,29,27,26,26,26,27,25,24,22,22,24,26,27,28,28,28,28,27,25,23,22,19,18,17,17,18,19,18,17,19,20,22,27,34,39,42,44,45,47,51,49,56,61,74,113,167,186,182,174,162,144,132,119,108,106,97,86,82,87,89,87,88,83,89,114,154,187,186,163,175,176,155,131,140,159,148,122,129,143,144,142,139,132,138,128,124,102,94,108,125,132,131,135,149,141,136,107,108,95,75,64,52,48,42,38,39,40,36,31,40,44,44,47,67,100,124,132,141,154,152,142,146,150,143,134,93,51,40,45,44,43,38,45,56,60,69,81,96,112,123,128,126,121,127,133,127,119,111,101,101,116,118,126,120,124,101,82,69,88,111,116,97,86,109,144,173,164,148,145,155,138,110,110,148,156,166,170,164,155,152,152,137,143,148,142,135,139,135,119,129,141,140,137,126,123,126,112,94,89,77,74,83,104,128,141,123,104,64,23,7,14,16,8,8,8,7,6,6,6,7,7,8,10,12,15,18,22,27,30,29,30,32,33,35,35,36,36,35,35,34,33,31,29,27,26,22,21,18,18,17,16,14,12,13,12,11,12,14,15,16,16,15,16,16,17,17,17,17,17,19,22,26,28,29,31,32,33,32,32,31,31,30,29,28,28,27,28,28,28,28,27,26,25,24,25,27,28,30,32,33,33,32,35,37,40,41,44,47,50,52,54,56,56,55,55,56,56,55,56,56,57,58,60,61,61,61,58,53,48,45,43,
36,35,33,32,32,34,36,38,38,38,38,37,35,34,33,32,30,29,28,28,28,29,30,31,29,29,28,27,26,25,24,24,25,25,25,26,28,31,33,35,35,34,34,34,35,36,38,39,41,40,39,37,35,34,34,34,31,30,29,27,26,25,24,24,25,24,22,22,23,26,29,31,30,30,30,30,28,26,24,22,19,17,15,15,16,17,17,17,22,22,25,30,35,40,43,43,46,47,50,47,53,59,76,121,165,179,171,163,152,132,122,112,111,111,103,90,88,93,87,73,74,72,80,92,117,165,195,187,179,180,167,143,130,136,141,139,132,141,141,137,139,130,137,126,125,101,96,102,116,124,123,133,136,138,150,132,123,90,61,52,38,44,55,69,79,79,68,58,65,65,70,82,99,114,122,124,143,153,152,145,149,149,139,131,89,47,40,44,41,42,39,39,37,38,43,55,69,80,89,95,95,91,99,110,114,119,124,122,115,119,108,106,96,101,85,73,86,97,114,122,113,108,131,161,170,158,160,166,174,172,166,180,190,187,183,179,169,155,148,148,155,148,152,158,151,146,151,155,151,147,156,160,127,110,124,117,107,97,78,81,93,103,116,113,92,72,40,15,8,12,12,9,9,9,8,7,7,7,7,8,8,9,11,12,15,18,23,27,27,28,30,32,34,35,36,36,35,35,34,32,30,28,26,25,21,20,18,17,17,17,15,13,14,13,11,10,12,14,14,14,14,15,16,17,18,18,18,18,19,22,25,28,29,30,32,33,34,33,32,31,30,30,30,30,29,30,31,31,31,30,29,28,28,29,30,32,33,34,34,34,34,36,39,41,43,45,49,52,53,55,56,56,56,55,56,56,56,56,56,57,58,60,61,62,62,60,56,52,48,46,
38,37,35,33,34,35,38,39,38,37,36,34,32,32,31,31,30,30,29,29,30,31,32,32,31,30,29,28,27,26,25,24,27,26,27,27,29,30,32,33,32,32,31,31,31,33,35,36,38,37,35,34,32,32,31,31,29,28,27,25,24,23,22,22,23,22,22,22,25,29,33,36,36,36,36,35,33,31,28,27,22,19,16,15,16,18,20,21,25,25,28,32,37,42,43,44,45,46,49,46,52,60,81,131,157,166,157,157,158,147,143,137,121,116,105,95,92,90,79,66,73,81,82,84,105,141,174,193,190,184,182,171,144,126,134,150,141,139,135,130,140,127,132,118,121,104,107,105,109,118,118,134,126,122,138,132,130,93,65,63,61,69,85,104,116,113,100,88,87,86,94,106,105,98,106,123,142,143,138,137,144,138,117,102,74,45,50,54,43,43,39,33,34,35,41,50,55,58,63,69,65,60,67,79,89,105,121,128,132,131,115,110,95,96,80,73,83,80,82,86,86,87,102,120,133,126,150,158,158,175,187,203,190,183,179,177,168,156,153,158,171,155,151,156,154,152,157,160,154,153,157,158,129,109,118,110,110,114,98,99,104,106,109,90,59,39,18,9,8,8,9,11,10,9,8,8,7,8,8,8,8,9,9,10,12,15,20,24,25,27,29,31,33,34,35,36,35,35,34,32,30,27,25,24,21,20,18,18,18,18,16,15,15,13,11,10,11,12,12,11,13,14,15,17,18,18,18,18,20,22,26,29,30,31,33,34,36,35,33,32,31,31,31,32,31,32,33,34,33,32,31,31,31,32,33,34,35,36,36,35,36,37,40,41,43,46,50,53,54,55,57,57,56,55,56,57,56,56,56,57,58,60,62,63,64,62,59,56,52,50,
39,38,36,35,35,37,40,41,38,37,34,32,31,31,31,32,32,32,31,31,32,33,34,35,34,33,32,31,29,28,27,26,28,28,28,28,29,30,31,32,31,31,29,29,30,31,33,34,35,34,33,31,30,29,29,29,28,27,25,24,22,22,21,21,23,22,22,23,27,32,36,40,42,42,42,41,39,36,34,32,26,23,19,17,19,22,24,25,27,27,30,34,39,42,44,44,43,45,49,47,53,63,88,140,165,168,153,152,156,147,143,135,120,108,96,91,88,82,74,69,76,91,82,80,107,123,140,173,186,183,179,170,159,155,143,123,147,136,128,124,138,123,126,109,112,104,114,107,103,111,113,134,131,114,123,123,129,95,69,72,67,70,79,92,99,93,79,67,83,83,93,100,86,73,95,133,140,130,117,118,128,116,84,62,51,35,56,63,47,43,38,29,30,33,41,48,46,42,44,51,58,48,46,50,53,66,83,90,106,115,118,131,122,117,93,82,65,56,49,49,52,58,70,82,94,91,126,134,131,158,173,177,185,180,180,183,179,170,172,181,176,174,170,159,149,155,162,157,156,165,152,133,116,112,117,104,97,118,109,102,95,88,81,50,36,17,3,4,7,6,9,16,10,9,9,8,8,8,8,9,8,9,9,9,11,14,18,22,24,25,28,30,32,34,35,36,35,35,34,32,29,27,24,23,21,20,19,18,19,18,17,16,16,13,10,9,10,10,10,10,12,13,15,17,18,18,18,18,20,23,27,29,31,32,33,35,37,36,34,32,31,32,32,33,31,32,34,35,34,33,32,31,32,33,34,36,37,37,36,36,36,38,40,41,43,46,50,53,54,56,57,57,56,56,56,57,57,56,57,57,59,61,63,64,64,63,61,58,55,53,
39,39,39,40,39,39,38,38,37,37,35,33,30,28,28,28,31,31,31,33,35,36,36,36,36,34,33,32,32,32,30,29,30,29,28,28,29,31,33,34,33,31,29,27,27,28,30,32,30,29,27,26,26,26,27,28,26,26,26,25,23,20,17,16,18,18,20,23,27,32,37,40,41,44,46,47,44,41,38,37,32,28,22,18,19,21,24,26,32,33,34,36,38,41,43,44,43,47,42,42,51,61,94,143,171,170,164,157,153,148,136,123,110,98,94,92,79,74,85,95,88,82,81,83,91,111,127,128,161,171,181,177,168,167,160,142,144,141,138,131,125,126,118,100,104,97,108,96,87,112,124,116,125,109,94,87,82,73,59,50,45,50,52,51,51,57,66,72,86,98,105,82,62,87,125,133,130,106,95,106,109,85,55,40,37,47,53,58,62,53,42,42,26,41,52,55,53,45,42,51,54,43,51,34,42,60,46,60,65,75,81,100,112,116,127,126,98,67,49,44,37,33,39,45,58,75,83,85,98,121,149,174,176,179,178,174,178,186,182,170,175,174,169,154,143,150,154,145,137,130,117,107,104,106,107,104,118,117,109,100,94,79,50,21,6,5,4,1,2,5,8,10,10,9,9,8,8,7,7,6,6,6,7,7,9,13,17,19,23,24,28,31,33,34,34,34,35,34,33,31,28,26,25,24,23,21,19,18,18,17,16,15,13,12,10,9,9,9,10,10,11,12,13,15,17,19,20,21,23,23,24,26,28,31,33,34,35,35,35,35,35,35,35,35,35,34,34,34,34,35,36,36,36,36,37,38,38,38,37,37,38,40,42,44,46,48,51,54,59,59,58,57,57,57,57,57,57,57,58,58,59,59,59,59,61,62,61,59,56,54,
39,39,39,40,39,39,38,38,37,37,35,31,28,26,26,27,29,30,31,33,35,36,37,37,36,35,33,33,33,33,31,30,31,30,30,29,30,32,34,35,33,31,28,26,25,25,27,28,26,25,23,22,22,24,26,27,28,28,27,26,24,21,18,16,18,18,19,21,24,29,34,37,43,46,50,52,50,47,44,43,37,33,27,24,22,24,27,28,32,33,34,36,38,39,40,41,36,41,45,55,61,60,87,135,172,175,168,156,150,142,133,132,109,99,100,102,91,83,84,86,66,54,55,77,97,102,102,107,125,139,159,168,167,168,163,150,149,149,142,127,110,99,101,110,100,89,84,85,108,129,116,108,89,76,64,56,47,40,46,60,60,62,73,87,92,92,105,123,119,107,91,73,77,111,132,119,100,80,74,88,92,73,51,43,38,43,46,51,58,53,48,51,32,47,56,57,55,47,44,51,47,41,52,42,51,60,34,37,46,50,48,59,67,77,107,123,134,113,96,85,69,56,47,38,40,51,56,60,79,102,125,144,154,165,179,186,178,167,165,170,169,171,171,162,151,149,139,119,97,99,102,103,94,84,85,92,107,100,90,80,72,58,35,16,6,4,3,3,2,5,8,10,10,9,9,8,8,7,7,6,6,6,5,6,8,12,15,17,20,22,25,28,31,32,33,33,35,34,32,30,28,26,24,23,23,21,19,18,17,17,15,14,12,11,10,9,8,8,9,10,11,12,13,15,16,18,19,20,21,22,23,24,26,29,31,32,34,34,34,34,34,34,34,34,34,34,34,34,35,35,36,37,36,36,37,38,38,38,38,37,40,42,44,46,47,50,53,56,58,58,57,57,56,56,56,56,56,56,57,58,58,59,59,59,62,63,62,60,57,55,
39,40,40,40,40,39,38,38,39,37,34,29,24,23,23,25,27,28,30,33,35,37,38,38,37,36,34,34,35,35,33,32,33,32,32,32,33,34,36,37,34,31,27,24,21,21,21,22,21,19,18,17,19,22,25,28,30,30,30,29,26,22,19,17,18,18,17,18,20,25,29,32,42,47,53,56,56,54,51,49,44,39,34,30,28,29,30,30,33,34,35,37,37,37,36,36,39,36,39,52,56,50,73,116,151,167,166,158,159,149,134,132,123,108,101,99,91,89,92,91,69,58,49,69,105,114,111,120,111,114,128,139,141,144,148,145,135,144,141,131,117,94,91,112,121,114,96,87,112,119,97,101,60,42,30,30,29,32,57,88,120,123,130,133,128,122,128,139,114,82,63,74,101,121,114,89,72,59,58,71,73,56,43,42,45,46,44,47,56,55,55,63,44,55,59,56,52,43,39,43,38,38,55,57,73,81,53,49,42,37,28,33,38,43,72,91,117,118,122,119,107,94,75,52,37,37,31,34,55,79,98,112,126,146,167,172,163,154,157,164,163,164,167,164,157,150,130,101,81,75,75,78,72,66,76,94,89,81,74,68,56,38,21,11,6,4,3,3,3,5,8,10,9,9,9,8,8,7,7,7,6,5,5,5,7,10,12,14,17,18,22,25,28,30,31,31,34,33,31,29,27,25,24,23,23,21,19,17,16,16,14,13,12,11,9,8,7,7,8,9,11,11,12,14,15,17,18,18,19,19,20,22,24,27,29,30,33,33,33,33,33,33,33,33,34,34,34,34,35,36,37,37,37,37,38,39,39,39,38,38,42,44,46,48,49,52,55,58,58,58,57,57,56,56,55,55,54,55,55,56,57,58,59,59,63,63,63,61,58,56,
40,40,40,40,40,39,38,38,39,37,33,27,22,20,20,22,24,27,30,33,35,37,38,39,38,37,36,36,36,36,35,34,35,35,35,35,36,37,38,39,36,33,28,23,20,18,18,18,18,17,15,15,17,22,27,30,33,33,33,32,30,26,22,20,20,19,17,16,17,20,24,27,38,44,51,57,58,57,55,53,50,46,40,36,34,33,32,31,34,35,37,37,37,35,34,32,39,35,39,52,59,56,65,84,121,149,155,150,160,159,142,132,135,119,109,103,98,98,99,95,75,79,61,57,87,101,93,93,104,96,100,111,113,115,119,118,117,132,129,125,125,104,88,101,117,117,110,97,105,105,80,75,39,20,17,40,63,80,107,136,153,161,152,124,103,98,92,80,63,45,56,95,117,102,76,61,53,48,51,61,60,47,40,42,43,40,35,37,44,43,45,55,47,55,54,48,48,46,45,50,57,63,80,89,109,120,103,102,80,64,39,37,34,28,39,47,63,85,112,125,127,126,109,81,65,55,36,31,45,64,78,90,101,127,142,138,142,158,163,155,154,150,150,150,149,146,128,100,84,68,54,52,56,64,76,88,73,72,74,73,56,29,12,10,5,4,3,2,3,5,8,9,9,9,8,8,8,8,7,7,6,5,5,5,7,8,10,11,15,16,19,23,26,28,30,31,32,32,30,28,26,24,23,22,23,21,18,17,16,15,13,12,11,10,8,7,7,7,7,8,10,11,11,13,14,15,16,16,17,18,19,20,23,25,27,28,32,32,32,32,32,32,32,32,33,33,33,34,35,36,37,38,38,39,40,40,41,40,40,40,43,44,47,48,50,52,56,58,59,59,58,58,57,56,55,55,53,53,54,55,56,58,59,60,63,64,63,62,59,57,
41,41,41,41,40,39,38,37,39,37,32,25,20,18,18,19,22,26,30,33,35,36,38,40,38,37,36,37,38,38,37,36,37,37,37,38,38,39,40,41,38,35,30,24,20,17,16,16,18,17,16,16,19,24,29,32,35,35,36,36,34,31,27,25,23,21,19,17,16,18,20,22,33,39,48,55,58,58,57,56,54,51,46,42,39,36,33,31,35,36,37,37,36,34,32,31,29,33,47,67,82,87,78,64,100,140,158,149,152,159,151,141,136,131,131,129,120,112,99,81,64,83,80,78,99,103,89,87,86,77,84,102,109,108,103,95,105,125,120,109,114,103,88,93,91,92,111,111,107,108,78,43,23,23,47,91,127,144,157,170,144,142,119,83,61,55,45,31,30,54,90,114,105,73,51,50,39,43,49,52,49,44,41,42,41,39,34,36,40,35,36,48,46,52,49,47,56,66,74,82,100,110,122,128,140,146,138,139,132,113,79,63,43,25,28,31,35,59,89,106,116,128,126,108,100,89,66,53,55,58,61,68,77,101,120,127,141,162,166,155,151,142,139,139,141,144,131,109,110,101,88,81,88,100,102,96,70,72,77,75,53,22,7,9,5,4,3,3,4,5,7,9,9,9,8,8,8,8,8,7,6,6,6,6,7,8,9,10,14,16,18,21,24,27,29,30,31,30,29,27,25,24,22,22,22,20,17,15,15,14,13,11,10,9,8,7,6,7,7,8,9,10,10,11,12,13,14,14,16,16,17,19,21,24,26,27,32,32,32,32,32,32,32,32,31,31,32,33,34,35,37,38,40,40,41,42,42,42,41,41,42,44,46,47,49,52,55,57,59,59,60,59,58,57,56,55,53,53,54,54,56,58,60,61,63,64,64,62,59,58,
41,41,41,41,40,39,38,37,38,36,32,26,20,17,17,17,21,25,31,34,35,36,38,40,38,37,36,37,38,39,38,37,38,38,39,40,40,41,42,42,39,36,31,25,21,18,17,17,19,18,17,18,20,25,29,32,35,37,39,40,39,37,33,31,27,25,23,20,19,18,19,19,30,36,45,52,57,58,58,59,57,54,50,46,43,39,35,32,34,35,35,35,34,33,31,30,26,29,44,63,85,106,105,83,85,130,170,173,160,157,153,141,141,140,143,137,123,111,96,76,64,75,81,93,108,104,99,109,96,86,91,107,115,116,110,100,87,114,123,116,113,105,96,98,90,90,115,107,79,70,50,23,36,67,113,155,176,177,167,159,131,108,80,58,40,26,23,27,44,96,122,99,67,48,43,47,45,55,56,48,44,48,49,43,46,46,44,46,45,34,33,46,61,66,60,57,70,87,98,106,120,136,145,147,150,147,142,143,150,148,129,111,83,53,47,42,29,37,54,67,78,101,121,125,118,113,99,87,79,64,52,52,58,75,106,136,152,154,156,159,160,151,147,147,149,154,147,130,109,106,92,79,82,93,92,81,72,68,65,56,35,11,2,7,4,4,3,3,4,6,7,8,8,9,8,8,8,8,8,8,7,7,7,7,8,9,10,11,14,15,17,20,23,26,28,29,29,29,28,26,24,23,22,21,20,18,16,15,14,14,13,11,11,10,8,7,6,7,7,8,9,9,10,10,11,11,12,12,14,15,16,17,20,22,24,25,30,30,30,30,30,30,30,30,29,30,30,31,33,35,36,37,39,40,41,41,41,41,41,41,40,42,44,46,48,50,54,56,59,59,60,59,58,57,55,54,53,53,53,54,56,59,61,63,64,65,65,63,61,59,
42,42,42,41,40,39,38,37,36,35,32,26,21,17,16,16,20,25,31,34,35,35,37,39,38,37,36,37,39,39,39,38,38,39,40,41,42,42,43,43,39,36,31,25,21,19,18,18,18,18,17,18,21,24,27,29,35,38,41,43,44,42,39,37,31,30,27,25,22,20,18,17,26,32,41,48,53,56,58,59,59,57,53,50,46,42,37,33,32,32,32,31,31,31,30,30,32,27,34,48,66,98,118,112,79,99,145,172,160,150,146,131,138,137,132,116,98,94,91,80,74,70,69,75,83,89,97,107,128,121,124,130,131,132,128,117,89,108,125,127,118,108,104,105,101,98,106,89,58,39,29,38,74,117,163,185,187,176,148,119,98,74,49,37,27,21,30,43,82,114,108,65,38,34,39,48,62,76,73,55,55,74,79,69,69,70,70,70,62,45,42,56,78,81,72,67,81,97,106,111,118,136,142,144,145,139,138,138,145,154,149,144,128,104,88,67,44,36,36,41,46,66,98,119,118,119,116,112,106,85,65,61,54,62,89,124,143,144,146,154,155,146,144,145,148,157,160,151,134,116,93,82,89,99,94,81,66,54,40,28,16,6,3,5,4,4,3,4,4,6,7,8,8,8,8,8,8,8,8,8,7,8,8,9,10,11,12,12,14,15,16,19,21,24,26,27,28,28,27,25,24,22,21,20,18,17,15,14,14,14,13,12,11,10,9,7,7,7,8,8,8,9,9,9,10,10,11,11,12,13,14,15,17,20,22,23,28,28,28,28,28,28,28,28,28,28,29,30,32,34,35,36,37,38,39,39,40,40,39,39,40,42,44,45,47,50,53,55,57,58,58,58,57,55,54,52,52,52,52,54,56,60,63,65,66,67,67,65,63,62,
42,42,42,41,40,39,38,37,35,34,32,27,21,17,16,16,20,26,32,35,34,34,36,39,37,36,36,37,39,39,39,38,39,39,40,41,42,43,43,43,38,35,30,25,21,19,18,18,17,17,17,18,20,22,25,26,35,38,42,45,46,45,42,41,33,32,30,28,24,21,18,17,23,29,37,44,50,53,56,57,60,58,55,52,49,44,38,35,30,29,29,29,29,29,30,30,32,26,35,49,59,86,115,122,84,64,93,136,137,135,139,127,122,122,116,98,79,80,84,78,75,77,79,82,97,128,146,141,142,145,156,162,157,151,140,124,118,112,116,120,109,101,104,107,113,102,95,95,99,81,65,93,97,138,171,178,176,167,132,92,64,54,39,28,29,45,65,77,109,105,74,42,34,31,35,51,71,87,84,65,74,107,120,108,117,119,119,115,103,81,76,91,79,82,74,69,84,101,108,112,121,137,139,140,142,137,139,140,147,148,138,141,146,138,121,91,81,60,47,44,38,44,72,98,114,118,120,124,123,105,86,82,60,62,72,94,120,139,144,142,131,124,122,124,130,145,157,157,155,122,92,93,112,116,99,78,55,39,20,9,8,8,6,4,4,4,3,4,5,6,7,8,8,8,8,8,8,8,8,8,8,8,9,10,11,12,13,13,14,14,15,17,20,22,24,25,28,27,26,25,23,22,21,20,17,16,14,13,14,14,13,13,12,11,9,8,7,8,8,9,8,8,9,9,9,10,10,10,10,11,12,13,16,18,20,21,26,26,26,26,26,26,26,26,27,27,28,29,31,33,35,36,36,36,37,38,38,38,37,37,40,41,44,45,47,49,53,55,56,56,57,57,56,54,51,51,52,52,52,54,56,60,64,66,68,69,69,67,65,64,
45,45,43,42,41,40,39,39,38,35,31,25,21,18,17,16,19,23,29,33,34,34,35,36,37,35,34,35,38,40,40,38,38,39,40,41,42,42,43,43,38,35,30,24,20,18,18,19,18,18,19,19,21,22,24,25,34,39,43,43,44,46,47,45,39,37,35,34,32,29,25,22,22,25,31,40,48,53,55,56,58,56,55,55,55,50,42,35,33,30,26,22,22,24,28,31,29,37,49,61,70,80,96,111,114,80,61,86,116,116,112,124,109,102,97,95,91,84,78,76,78,89,90,95,121,150,168,177,171,174,171,164,164,162,147,128,113,110,107,120,112,90,92,97,116,114,110,116,125,125,128,141,133,147,153,165,166,142,103,59,40,43,28,24,37,68,104,112,115,81,48,35,29,27,40,59,102,103,100,100,116,139,146,139,142,140,139,135,124,112,110,115,86,72,83,60,57,91,104,126,126,135,141,141,141,143,143,143,143,150,148,146,153,154,145,139,120,103,84,88,73,50,61,81,97,111,122,132,123,113,117,107,94,74,72,88,100,110,122,129,111,111,114,120,128,138,153,165,157,148,136,128,128,130,125,117,74,36,7,2,4,4,4,0,1,1,2,3,5,5,5,4,7,7,7,7,7,8,9,10,8,9,10,11,12,13,13,14,16,17,18,19,21,22,23,24,24,24,25,24,23,20,19,17,15,15,15,15,14,13,12,11,10,10,9,8,8,7,7,7,6,6,7,7,8,9,9,9,11,11,11,12,13,14,15,16,19,21,21,23,24,24,23,23,24,25,26,28,30,31,32,33,37,37,38,38,38,38,38,38,41,42,43,44,46,48,50,52,55,52,50,51,53,54,53,51,52,53,55,58,61,65,68,69,68,68,69,69,68,67,
46,45,44,42,41,40,40,39,40,37,32,27,22,19,17,16,18,23,28,32,33,34,34,35,36,34,33,34,37,38,38,38,38,39,40,41,42,43,43,43,39,35,30,24,20,18,18,19,17,18,18,19,21,23,25,27,34,39,43,43,44,47,49,47,46,44,41,39,37,33,29,26,23,25,30,37,44,49,52,53,58,56,55,56,56,52,46,40,35,32,29,26,25,27,30,32,47,45,49,59,71,84,96,105,115,110,89,72,80,96,106,112,112,106,101,97,92,87,85,87,96,92,92,113,146,164,167,168,170,167,159,151,144,136,124,115,99,104,108,123,117,92,81,73,95,123,143,145,140,130,124,128,131,149,151,142,115,82,66,50,27,28,19,32,59,89,118,122,92,62,36,29,30,37,58,82,117,124,127,128,138,153,156,149,145,142,132,123,124,129,127,119,81,63,76,62,55,75,89,120,127,134,135,136,144,147,145,147,150,157,154,150,156,158,152,149,149,140,126,132,125,101,91,83,88,101,114,129,129,126,130,118,111,91,83,86,90,100,117,127,136,136,137,141,145,150,160,170,171,164,153,145,144,148,148,145,104,54,17,11,8,3,2,3,5,4,3,2,2,3,4,4,5,6,6,7,7,8,9,10,11,12,13,14,15,16,17,17,18,18,19,20,21,22,22,23,22,22,23,22,21,19,18,16,14,13,14,13,13,12,11,10,11,11,10,9,8,8,8,7,6,7,7,8,8,9,9,9,11,11,11,12,12,13,13,14,16,18,18,19,20,20,20,19,21,22,24,26,28,30,31,31,34,35,36,37,39,40,40,40,42,42,42,43,44,45,47,48,51,49,47,47,49,51,51,51,51,53,56,59,63,66,69,70,69,70,70,70,69,68,
45,45,44,43,42,42,41,41,42,39,34,28,22,19,16,16,17,21,26,30,32,33,34,35,35,34,33,34,36,37,38,37,39,40,41,42,43,43,43,43,39,35,30,24,20,18,18,18,17,17,18,19,21,24,27,28,33,38,42,43,45,49,51,51,54,52,49,46,44,40,36,33,28,28,30,34,40,46,50,52,58,57,56,56,57,55,51,47,39,37,33,30,27,26,26,26,36,35,39,49,62,77,93,105,113,132,123,86,63,65,74,81,92,92,95,96,92,86,84,86,79,86,110,138,147,135,130,137,158,134,112,106,108,108,112,118,114,112,107,122,129,114,95,70,77,114,141,138,118,97,94,105,136,160,168,156,109,58,42,36,22,24,24,50,85,109,122,111,64,42,25,27,38,56,85,112,127,135,137,133,136,146,151,148,143,145,137,125,129,139,130,108,75,57,74,73,59,60,71,107,122,134,131,130,141,142,136,140,144,155,155,153,159,162,158,156,161,166,160,163,159,140,121,96,90,99,108,126,133,135,137,120,116,99,87,80,77,90,116,131,142,142,144,146,146,147,152,158,170,170,166,159,156,158,160,159,115,58,17,13,10,1,1,4,5,4,3,2,2,4,7,9,4,5,5,5,6,8,9,10,13,14,15,17,19,20,20,20,21,21,21,21,21,21,21,21,19,20,20,20,19,17,16,15,12,12,12,12,11,11,10,9,12,11,11,10,9,9,9,8,7,7,8,8,9,9,9,10,12,12,12,12,12,12,12,13,16,16,16,17,17,17,17,17,18,19,20,23,25,27,29,30,31,32,34,37,39,41,42,42,42,41,41,41,41,42,43,43,46,44,42,42,45,48,50,51,51,54,57,62,66,69,71,72,71,71,72,71,71,70,
44,44,44,44,44,43,42,42,43,40,34,27,22,17,15,14,16,19,24,28,31,33,34,34,34,34,34,34,35,37,38,38,40,40,41,42,43,43,43,43,39,35,29,24,20,19,18,18,19,19,19,19,21,24,26,28,33,38,42,44,47,52,55,54,58,56,53,51,49,47,44,41,34,32,31,33,39,45,50,53,58,57,56,57,59,58,57,54,48,45,40,35,29,23,19,18,23,31,42,51,56,66,86,104,108,122,126,111,78,46,46,70,92,95,98,99,95,90,92,98,96,102,118,124,109,100,119,145,117,82,59,70,91,103,114,126,133,132,118,120,125,124,122,105,75,86,89,79,61,47,60,89,126,143,153,152,113,57,30,18,21,34,42,70,103,119,113,84,46,32,25,35,57,82,110,131,138,141,135,126,126,137,146,148,136,140,136,128,131,136,123,103,62,56,79,83,63,50,54,81,109,129,132,126,128,118,107,114,121,136,143,147,158,164,164,164,167,181,181,182,174,161,152,134,115,117,117,129,135,137,135,112,104,93,87,81,76,87,110,123,134,135,139,143,144,143,147,152,158,166,171,168,162,158,156,155,125,73,35,28,23,12,4,1,4,4,4,3,3,4,5,7,3,3,4,5,6,8,9,10,12,14,16,18,20,22,22,22,23,23,23,22,21,21,20,20,17,18,18,18,17,16,15,14,11,11,11,11,11,10,9,9,12,12,11,11,11,10,10,10,8,9,9,9,10,10,10,11,13,13,14,14,14,14,14,14,16,16,16,17,17,17,17,17,16,16,18,20,23,26,28,29,29,31,34,37,39,41,42,42,41,40,40,39,39,40,40,41,42,41,39,39,42,46,50,52,51,54,59,64,69,72,73,74,74,74,74,74,73,72,
41,42,43,44,44,44,44,44,43,39,33,27,20,16,13,12,15,17,21,26,30,32,33,33,34,35,35,35,36,37,38,39,40,40,41,42,43,43,42,42,39,34,28,23,21,20,19,18,22,21,20,20,21,23,26,27,33,38,43,44,48,54,58,58,59,57,55,54,53,52,50,48,40,37,33,33,37,43,49,52,56,56,56,58,60,61,61,60,58,55,51,44,37,30,25,22,23,31,42,49,48,49,59,71,89,90,101,112,92,51,42,69,103,104,105,104,101,102,111,122,110,102,101,97,88,95,111,116,65,46,44,67,90,98,106,118,125,136,126,116,108,111,128,129,112,103,79,59,62,81,105,127,131,129,118,112,85,44,28,20,22,49,65,86,109,119,102,60,36,30,33,52,80,105,125,137,138,137,132,126,128,136,139,137,127,117,111,118,129,129,114,98,46,55,82,85,62,44,40,49,87,115,129,121,104,82,70,76,88,103,112,120,137,153,161,166,170,187,191,195,189,178,174,160,149,145,135,138,139,139,134,107,85,80,86,93,92,94,100,100,114,116,123,130,134,135,140,146,154,165,174,173,167,161,158,155,153,114,82,68,57,42,22,3,6,5,5,4,4,3,1,0,3,3,3,4,5,7,8,9,13,15,18,21,23,24,25,25,25,24,23,22,21,20,19,18,17,17,17,17,16,15,14,14,10,10,11,11,11,10,9,9,11,11,11,11,11,12,12,12,10,11,11,11,11,11,11,12,13,14,15,16,17,17,17,17,17,16,16,16,16,16,16,16,15,16,17,19,21,24,27,29,29,31,34,37,39,40,40,40,39,39,39,38,38,39,39,40,39,38,38,38,41,45,50,53,51,54,60,65,70,74,75,76,77,77,77,76,75,74,
37,39,41,43,45,46,46,46,43,39,33,26,20,16,13,12,14,15,19,24,29,32,33,33,34,35,36,36,35,36,38,40,39,40,41,41,42,42,41,41,37,32,26,22,22,22,21,20,24,23,21,20,21,23,25,27,34,39,43,45,49,55,60,60,61,59,57,56,56,55,54,53,46,42,36,33,35,40,45,48,53,54,56,58,60,62,62,63,65,63,60,56,51,46,42,39,37,37,41,49,55,55,53,53,65,73,88,105,103,70,40,35,58,68,84,99,105,106,110,116,101,94,95,91,81,86,82,59,45,44,51,62,67,70,84,100,110,117,108,105,105,108,118,111,105,96,67,50,80,124,141,137,152,137,105,82,51,24,25,29,39,71,87,99,108,106,84,44,36,40,53,78,105,124,134,137,136,137,138,138,139,138,128,117,103,84,82,107,128,117,85,61,41,57,82,85,63,43,35,32,61,88,113,107,78,54,47,46,54,65,67,72,92,115,129,139,162,184,193,202,205,201,195,175,172,167,152,148,144,142,135,106,67,58,71,96,109,107,99,90,101,104,110,117,121,124,130,136,151,160,168,169,168,167,166,163,161,134,110,98,87,73,50,25,13,8,3,3,6,7,6,3,4,4,4,4,5,6,7,8,14,16,19,23,26,28,28,28,25,25,23,22,20,19,18,17,17,16,16,15,14,13,12,12,9,9,10,10,10,10,9,9,9,9,10,11,12,13,13,14,13,13,13,13,13,13,13,13,14,14,16,18,19,19,19,19,16,15,14,14,13,13,13,14,15,15,16,18,20,23,26,27,29,31,34,37,39,39,39,39,39,38,37,37,36,37,37,37,35,36,36,37,39,43,48,51,52,55,59,65,70,75,77,79,80,80,79,79,78,76,
34,36,39,42,45,47,47,47,43,39,34,27,21,16,14,13,13,14,17,22,28,32,33,32,33,34,35,35,34,35,37,39,39,39,40,41,41,41,40,40,36,31,24,22,22,23,23,21,24,23,21,20,21,24,27,29,35,40,44,46,50,56,61,62,65,63,60,59,59,58,57,56,55,49,42,37,36,38,41,43,50,53,56,59,61,62,63,63,67,66,64,62,59,57,55,53,59,56,59,70,80,84,84,84,74,91,103,113,119,98,49,12,16,35,67,95,109,108,104,103,118,106,102,89,68,72,76,57,53,56,55,48,44,53,71,85,92,97,89,94,101,105,109,98,103,88,69,77,119,152,153,142,147,129,88,56,30,18,33,45,69,90,100,109,105,88,68,40,50,64,87,110,128,139,141,140,143,142,138,132,126,117,102,89,65,53,58,86,103,87,53,31,46,58,74,80,61,42,36,29,40,55,85,88,58,44,44,33,34,39,35,34,49,66,76,82,119,157,175,181,191,208,218,201,195,192,176,167,157,150,140,111,66,41,41,73,100,107,103,95,108,109,111,115,115,115,120,126,136,145,154,162,168,172,171,167,142,117,103,104,102,93,80,65,43,29,13,5,6,9,9,7,4,4,4,4,4,5,5,6,12,15,19,23,27,28,29,28,25,24,23,21,20,18,17,16,16,15,14,13,11,10,10,9,7,8,8,9,9,8,8,8,7,7,9,10,12,14,15,16,15,15,15,15,15,15,15,15,14,15,17,19,19,19,18,17,16,15,14,12,12,12,12,12,15,15,15,16,18,21,24,25,27,30,33,36,39,40,39,39,39,38,36,35,34,33,33,33,30,32,34,35,36,39,44,47,53,55,59,64,70,75,79,81,82,81,81,81,79,78,
32,34,38,42,45,47,48,48,43,40,34,28,22,18,15,14,13,13,16,21,27,31,33,32,31,33,35,34,33,34,36,38,38,39,40,40,40,40,40,39,35,30,24,21,23,24,24,22,23,22,20,20,21,24,28,30,36,41,45,46,50,57,61,62,69,66,63,61,61,60,59,58,63,56,47,40,38,38,40,41,49,52,56,59,61,62,62,63,67,66,64,62,60,59,58,57,61,63,69,77,84,89,98,107,109,120,120,122,133,121,74,31,36,51,76,101,114,115,114,114,110,95,97,94,77,76,74,51,59,62,57,47,49,64,73,73,68,87,92,93,84,83,104,114,109,79,67,103,146,151,141,144,135,112,67,38,27,33,67,85,85,95,100,113,106,80,64,47,68,89,115,135,145,148,147,144,135,127,111,94,79,67,56,47,38,33,38,53,61,54,43,38,48,53,62,71,56,35,33,28,28,32,63,73,48,45,51,33,31,34,27,22,29,37,35,34,51,107,132,130,140,179,215,211,217,216,202,189,173,161,149,118,81,37,19,45,78,94,98,98,106,104,103,102,98,95,98,103,120,130,144,159,172,178,174,166,130,102,92,105,109,104,101,99,83,60,30,11,5,4,2,0,5,5,4,4,4,4,5,6,10,13,17,22,25,27,27,27,24,23,22,21,19,18,16,16,15,14,13,11,9,9,9,7,6,6,7,7,7,7,7,6,5,6,8,10,12,14,16,16,16,16,16,16,16,16,16,16,15,16,17,19,19,18,16,15,17,16,14,13,12,12,12,13,15,14,14,15,17,19,22,24,26,28,32,36,39,40,40,40,39,38,36,34,32,30,29,29,26,28,31,33,34,36,41,44,53,55,58,63,69,75,80,82,83,83,82,82,80,79,
32,33,36,41,46,49,49,48,45,39,31,25,22,20,17,14,12,13,15,18,23,29,34,37,34,34,33,33,33,33,34,34,33,34,36,37,36,34,32,30,27,26,25,23,22,22,21,21,22,23,22,21,20,23,29,34,36,39,43,45,48,54,61,67,70,70,68,66,63,63,64,66,70,63,53,44,38,36,37,39,47,49,53,57,61,65,67,68,71,72,75,77,77,75,73,71,79,84,92,97,101,105,111,115,123,125,128,129,129,121,84,37,35,48,108,130,122,126,116,108,96,101,104,91,73,70,73,67,55,67,54,42,53,56,60,82,93,83,87,92,83,85,93,91,102,99,106,129,147,137,123,124,114,82,51,30,25,49,81,88,94,101,107,102,89,78,77,81,93,121,141,144,151,160,146,121,108,80,54,45,40,33,29,31,25,30,32,37,46,46,41,44,61,76,57,70,61,51,38,28,26,23,37,47,35,32,36,32,21,29,26,20,23,24,22,23,24,41,48,48,75,135,192,219,231,224,220,213,196,178,159,140,115,68,28,15,39,80,95,103,103,104,98,94,90,81,81,93,104,126,141,151,163,172,174,179,158,118,99,102,103,108,113,106,98,80,56,35,19,9,5,6,4,6,5,2,1,3,4,2,11,14,19,22,23,24,24,25,23,22,21,19,17,16,15,14,12,11,10,9,8,8,8,8,4,5,5,6,7,8,8,9,5,6,9,12,14,16,18,18,16,18,18,19,19,20,19,19,19,17,17,19,20,18,18,19,15,14,14,15,15,12,13,16,14,14,16,18,18,17,20,25,24,27,32,36,37,38,40,42,41,37,33,30,28,26,24,23,26,26,27,29,31,35,38,40,48,54,61,67,70,74,78,81,80,80,79,78,78,78,
31,32,35,40,45,48,49,48,44,38,31,25,23,20,17,14,11,12,13,16,21,26,31,34,33,33,33,33,32,32,32,31,31,32,33,34,33,32,29,28,24,23,22,22,21,21,21,22,21,22,22,20,20,23,29,34,39,41,44,46,48,52,58,63,69,69,68,67,65,64,65,66,68,64,56,47,39,36,35,37,40,47,56,65,71,74,77,79,85,87,91,96,99,101,102,102,103,104,105,110,115,120,123,124,117,118,122,122,121,116,85,43,36,60,112,135,132,132,124,113,96,108,112,93,67,64,70,67,57,67,52,37,46,54,62,82,103,100,100,95,88,89,93,90,117,124,128,129,132,134,124,108,90,73,53,36,32,52,80,92,102,108,110,102,89,85,94,106,133,138,148,160,164,147,112,82,43,34,27,25,23,20,24,32,25,29,31,40,56,62,60,63,95,107,81,67,54,50,49,40,27,22,32,42,39,39,40,33,31,31,29,22,18,21,23,22,15,14,16,19,27,61,130,193,194,209,228,230,214,197,181,163,143,100,56,22,20,48,81,114,112,106,92,82,77,69,68,78,92,114,133,147,163,172,175,180,172,145,127,118,108,108,106,92,90,82,69,55,40,23,10,2,2,3,5,5,5,3,4,5,9,12,16,19,20,21,21,22,22,21,20,18,16,15,14,13,11,11,10,9,8,8,7,7,5,5,6,6,6,6,6,6,5,6,8,11,14,16,19,20,20,20,20,20,21,20,20,19,19,17,17,19,20,18,18,19,18,15,15,16,15,14,14,17,16,15,16,18,18,18,20,26,26,29,34,37,38,38,40,41,40,37,32,29,27,26,24,23,24,24,25,27,30,34,37,40,47,53,60,65,69,72,76,79,77,77,77,77,78,78,
29,31,34,38,43,47,48,47,42,37,30,26,23,21,18,15,11,11,12,14,18,22,26,29,31,32,33,33,32,31,28,27,26,27,28,29,28,27,25,23,19,19,19,19,19,20,21,22,19,20,20,19,19,23,29,35,41,44,46,47,48,50,55,59,67,68,69,69,67,66,67,67,68,66,61,51,40,35,35,37,38,50,67,81,89,95,99,102,106,107,111,115,119,122,125,126,119,114,109,110,116,120,119,116,116,117,120,119,117,114,90,55,65,99,127,141,138,130,129,118,107,115,112,87,62,62,65,57,61,70,54,36,43,56,67,83,95,116,127,125,122,113,94,80,106,123,146,149,138,133,114,79,70,69,54,38,39,54,76,96,105,109,108,97,89,99,125,148,159,160,161,157,138,103,62,34,26,25,22,18,15,16,21,25,20,30,40,59,85,98,100,102,117,122,93,54,46,48,64,60,37,33,42,57,65,68,65,53,33,27,31,28,17,19,24,16,23,13,11,12,4,13,66,126,123,164,217,241,231,214,198,182,175,136,98,58,37,42,60,91,111,106,89,74,69,63,63,72,78,99,119,137,156,166,171,178,180,168,152,128,104,96,91,80,81,81,78,68,53,34,15,2,1,1,1,6,6,1,1,3,6,9,13,16,17,17,18,18,20,19,18,16,15,14,12,12,10,10,9,8,7,7,6,6,6,6,6,5,5,5,4,4,6,7,8,10,14,17,21,23,23,23,23,23,22,21,20,19,18,16,16,19,19,18,18,19,20,18,18,19,19,18,18,20,20,18,17,19,19,20,24,29,30,33,36,39,39,39,40,40,39,36,32,28,26,25,24,23,22,22,23,25,28,32,37,39,45,51,58,63,66,69,73,76,76,77,78,79,81,82,
28,29,31,36,41,44,45,45,39,35,29,26,24,22,19,15,11,11,11,13,15,19,22,24,29,31,33,33,32,29,25,23,21,22,23,23,23,21,20,19,15,15,15,16,17,19,20,21,17,18,18,18,18,22,29,35,42,45,48,48,48,49,53,56,65,67,70,71,70,69,69,70,70,69,64,54,42,37,38,42,50,64,84,99,109,115,122,127,127,127,127,127,127,127,128,128,130,123,116,114,116,117,116,113,119,120,122,120,116,113,94,65,90,130,140,146,141,129,134,126,124,120,104,79,64,71,68,48,59,69,60,47,56,74,87,98,99,133,150,150,153,139,107,86,97,107,142,161,143,125,99,62,54,58,43,32,45,64,84,108,112,113,107,94,91,113,151,181,168,177,164,121,76,47,27,13,16,16,15,17,22,28,26,20,26,46,68,91,115,127,128,131,123,113,83,38,38,42,66,72,54,55,66,85,100,104,97,86,52,43,52,53,35,33,36,22,19,18,20,21,20,21,29,39,53,101,178,233,242,227,212,200,192,165,142,105,67,43,38,60,106,112,105,89,77,66,64,72,74,90,106,125,145,155,163,174,180,178,166,137,101,80,76,78,81,82,77,65,54,44,31,21,13,2,2,5,8,2,1,2,4,7,10,12,13,13,14,15,17,16,15,15,14,13,12,11,9,9,8,8,7,6,5,5,5,5,5,4,4,4,4,4,7,7,8,11,14,19,23,26,27,26,26,25,23,22,20,19,16,14,15,17,17,17,19,24,25,27,30,34,35,34,32,32,30,26,23,23,23,24,28,33,35,37,40,42,42,42,41,41,39,36,31,27,25,24,22,22,20,20,21,23,26,31,36,39,44,50,57,62,65,67,71,74,77,80,83,87,89,91,
27,27,29,33,37,40,41,41,36,32,28,26,25,23,20,16,14,13,12,12,14,16,19,20,26,28,31,32,31,27,23,20,17,18,18,18,18,16,15,14,12,12,13,14,15,17,19,20,16,17,17,17,17,22,29,34,41,44,48,49,49,49,52,55,62,65,69,71,72,71,71,72,72,71,65,55,45,42,46,52,72,84,99,111,117,122,129,135,138,136,133,131,128,126,125,124,122,120,116,113,112,112,113,114,121,120,122,118,112,108,92,67,74,116,132,146,146,135,140,132,133,124,107,85,77,88,87,68,64,73,74,71,82,99,112,118,126,146,148,143,152,150,133,125,126,122,134,134,112,100,85,54,35,38,29,32,59,85,103,121,125,123,114,102,105,131,167,192,191,173,130,73,32,18,16,14,12,16,18,20,24,28,27,25,54,79,101,115,126,131,132,136,134,100,65,31,36,37,59,78,74,79,86,98,112,118,115,112,96,84,92,93,75,73,78,65,42,52,64,76,88,87,66,42,53,84,155,225,248,240,230,226,206,190,175,131,74,35,28,54,102,125,133,119,98,78,68,71,74,82,92,109,129,140,153,169,177,182,179,157,117,78,67,77,82,81,72,60,57,62,61,55,31,12,2,4,8,6,3,5,3,6,8,10,10,11,12,13,14,14,14,14,12,12,12,12,10,9,9,9,8,7,6,5,4,4,4,4,4,4,5,5,7,8,9,12,17,22,27,30,30,30,29,27,25,23,20,19,16,15,15,16,17,19,25,32,39,46,55,63,66,65,60,56,46,39,32,29,28,27,31,36,41,42,43,45,46,45,43,42,40,36,30,25,23,22,21,20,19,18,19,21,24,29,35,38,43,48,55,60,63,66,70,73,79,84,90,95,98,100,
25,25,26,29,33,36,37,37,33,30,27,26,26,24,20,17,16,14,13,12,12,13,15,16,23,25,28,29,28,24,20,16,14,14,14,14,14,13,12,11,11,11,11,12,14,15,17,18,15,16,16,16,16,20,27,33,41,44,48,50,49,49,51,53,59,62,66,69,70,71,72,73,72,71,66,59,54,55,62,69,92,99,107,113,115,118,122,126,128,128,126,124,123,121,121,120,110,112,114,113,111,111,115,118,125,121,119,115,108,105,92,70,47,77,107,134,142,138,135,124,129,126,121,108,101,110,116,108,96,99,102,102,106,114,122,124,133,132,129,132,145,151,150,151,144,141,128,97,71,71,63,33,28,30,33,45,73,98,112,119,127,127,123,121,135,161,184,195,200,139,70,33,21,16,14,15,20,21,19,14,12,22,42,60,91,111,122,124,128,130,131,135,127,81,47,30,40,44,58,88,91,98,96,95,105,112,116,123,122,112,115,118,112,119,133,133,123,133,151,171,182,176,158,142,136,141,180,231,252,248,243,241,230,208,188,148,102,66,44,51,94,127,148,142,124,102,86,81,70,70,72,86,105,117,133,155,167,179,187,179,146,96,68,73,76,75,64,54,61,79,85,80,48,26,6,2,4,4,3,3,3,5,7,8,8,8,9,11,11,11,11,12,12,13,13,13,12,12,12,12,11,10,8,6,4,4,4,4,4,5,5,5,7,8,11,15,20,25,30,32,33,33,32,30,27,25,23,21,19,17,17,18,21,27,38,48,61,72,86,96,101,100,94,87,72,61,49,41,36,33,34,37,46,46,47,49,50,49,47,45,41,36,30,24,21,19,18,17,17,17,17,18,21,27,32,35,40,45,53,58,62,65,69,73,79,86,96,103,107,108,
25,24,24,26,29,32,33,32,31,29,27,26,27,25,21,17,16,15,13,11,10,11,12,13,18,20,23,24,23,20,16,13,12,12,12,12,11,11,10,10,11,11,11,12,12,14,15,15,15,16,16,15,15,19,26,31,41,45,49,50,49,48,49,51,55,58,62,65,67,68,70,72,73,72,71,69,71,77,84,90,103,106,110,113,114,115,117,119,117,117,117,117,116,116,115,115,115,119,124,125,123,123,125,128,124,117,111,106,102,102,93,74,50,47,76,104,119,132,129,121,126,124,127,128,127,133,139,134,133,126,126,126,122,121,126,128,128,114,118,138,145,137,128,122,112,115,102,71,50,45,35,19,31,35,49,64,79,100,115,116,127,130,134,146,169,189,192,183,155,95,34,13,17,17,12,10,18,20,24,30,38,56,91,121,120,129,128,124,129,131,123,117,93,54,31,33,44,54,52,84,95,104,97,90,98,104,110,122,123,118,117,122,130,142,159,172,184,197,215,228,233,230,225,221,221,214,224,244,251,251,248,241,242,216,194,170,149,121,78,56,94,126,149,150,145,130,108,94,70,65,61,71,87,96,113,137,152,172,185,188,174,131,90,79,75,71,57,47,59,85,96,89,71,52,26,9,4,3,2,2,1,3,5,5,5,7,8,9,8,9,10,11,12,14,15,15,16,17,17,17,15,14,12,10,6,5,5,5,5,4,4,4,7,9,13,18,23,28,32,34,37,36,35,33,31,28,26,24,23,21,20,23,28,38,53,66,84,96,111,121,127,128,122,114,103,89,72,59,49,41,39,41,50,49,50,52,53,53,50,47,42,37,30,23,20,18,16,15,16,15,15,16,18,23,28,31,36,42,50,56,60,64,68,72,80,89,102,111,114,114,
24,24,23,25,27,29,30,30,30,28,26,27,27,26,22,18,16,15,12,10,9,9,10,11,15,17,19,21,20,17,14,11,12,12,11,11,10,10,9,9,12,12,11,11,12,13,13,14,15,16,16,15,15,18,25,30,42,46,50,51,49,47,48,49,52,55,58,61,64,66,69,71,74,75,76,80,86,94,102,106,105,107,111,114,117,118,119,119,116,116,116,116,115,114,113,112,115,118,123,124,123,121,120,121,118,108,100,95,92,96,90,73,67,34,52,74,95,128,134,133,128,120,123,135,144,150,148,137,147,134,133,136,131,129,137,141,140,114,121,146,139,112,90,74,70,71,63,52,40,26,19,26,32,38,59,74,79,100,122,123,135,139,146,164,188,200,185,162,95,69,34,12,10,16,15,9,49,53,70,94,110,120,135,151,136,136,126,120,127,125,105,88,61,35,23,37,44,55,39,63,86,99,94,87,96,101,103,115,122,121,117,121,133,142,154,171,196,218,236,240,245,254,254,248,251,247,248,249,250,253,253,241,240,220,206,186,169,146,103,80,106,132,148,152,155,145,118,96,80,71,63,70,83,89,105,129,144,168,182,189,192,164,120,97,84,76,57,43,58,87,100,93,96,80,52,25,10,6,5,3,1,2,3,4,4,5,6,7,7,8,9,10,12,14,16,17,20,20,21,20,19,16,15,13,8,7,6,6,5,4,3,3,7,10,14,20,25,30,34,36,39,39,38,36,33,31,28,27,27,25,25,28,34,45,63,78,97,109,124,134,140,141,136,128,126,110,90,73,59,49,45,45,52,51,51,53,55,55,52,49,43,38,30,23,19,16,15,14,14,14,13,14,15,20,25,28,34,40,48,54,58,62,67,71,82,92,106,116,120,119,
23,24,24,25,26,27,27,28,30,29,28,27,26,24,20,17,17,16,14,13,12,11,9,8,12,12,13,13,13,12,10,9,7,8,8,8,9,10,10,10,11,11,12,12,12,12,12,12,12,13,14,12,11,14,21,26,37,42,48,53,53,50,47,46,50,52,55,58,60,62,63,63,60,64,77,94,100,90,70,56,54,64,77,85,88,92,99,105,115,116,118,118,117,114,110,108,114,114,115,118,121,122,120,118,108,102,96,96,98,97,90,84,57,46,52,56,72,105,120,126,124,109,116,117,127,138,129,137,132,130,131,129,128,140,149,145,150,131,135,156,144,97,71,77,56,55,49,40,31,28,30,33,40,45,47,55,75,96,116,135,131,138,147,190,209,208,193,122,55,45,60,35,17,32,37,61,116,140,166,176,174,166,158,152,143,131,126,135,107,100,72,45,25,20,35,41,60,70,45,43,78,93,96,90,88,90,95,105,113,111,104,102,106,114,137,167,194,228,238,239,242,244,252,250,252,249,248,250,254,254,254,248,247,229,215,205,186,161,135,112,110,113,135,154,164,147,116,113,94,74,63,71,79,84,99,118,140,155,170,182,193,188,155,117,85,68,52,51,67,90,108,117,118,104,87,60,28,9,3,1,2,3,3,3,4,5,6,6,6,7,7,9,12,16,18,19,23,27,28,27,25,23,19,15,11,8,6,5,5,4,6,10,12,9,11,18,26,31,34,38,44,43,42,42,41,38,33,28,28,28,28,33,40,54,73,89,109,122,134,140,146,152,152,147,139,127,110,94,76,60,51,49,54,55,57,59,61,59,56,53,48,42,33,25,21,19,18,17,14,13,13,15,18,19,22,26,26,35,45,51,55,60,68,75,85,92,107,121,125,122,
23,23,24,25,26,27,27,28,29,28,27,27,26,24,20,18,17,16,14,13,13,12,10,8,11,12,12,12,12,11,10,9,7,8,8,8,9,10,10,10,10,10,11,12,12,12,12,12,11,13,13,12,11,13,19,25,34,39,46,51,53,51,49,48,49,52,54,54,54,56,60,64,76,79,84,83,72,58,49,47,48,58,71,80,83,85,89,93,102,104,108,112,116,118,120,120,117,118,119,121,121,118,112,108,107,105,105,106,106,99,88,80,73,52,43,41,54,76,96,124,121,103,101,94,99,113,120,140,137,125,118,116,120,138,154,156,151,158,159,145,120,95,74,62,56,56,56,55,54,52,50,48,43,43,39,45,69,94,117,136,141,152,163,200,213,207,194,131,53,58,91,80,71,98,121,156,178,197,210,203,185,170,163,159,143,139,127,122,105,79,49,35,35,34,46,63,82,77,50,44,68,84,87,81,85,91,94,97,85,83,75,69,63,63,87,124,170,210,227,226,222,226,244,250,249,254,254,255,250,249,253,253,250,239,233,225,206,178,141,108,79,80,109,142,165,167,144,135,120,97,73,65,71,81,93,102,115,132,152,171,191,201,188,167,124,98,71,67,89,116,135,141,134,122,107,83,50,25,10,1,1,2,3,3,3,4,4,4,5,6,6,8,12,16,19,20,25,29,31,30,29,28,24,18,14,10,8,7,6,4,6,9,11,9,11,19,27,31,36,40,45,44,45,45,45,42,37,34,32,31,33,38,45,58,77,93,111,124,137,144,151,158,158,153,146,136,121,104,86,68,59,56,58,59,60,62,63,62,58,56,50,44,36,28,23,21,19,18,16,14,13,14,15,16,18,23,26,34,43,49,53,60,70,77,89,97,112,126,131,128,
22,23,24,25,26,27,28,28,28,27,26,26,26,24,21,19,17,16,14,13,13,12,11,9,11,11,11,11,10,9,8,8,7,8,8,8,9,10,10,10,9,10,11,12,12,13,13,12,11,12,13,12,11,13,18,22,29,34,42,48,51,51,50,50,49,51,53,52,51,54,62,68,76,77,75,68,55,43,42,47,55,63,73,78,78,75,74,74,83,86,91,98,104,110,114,117,121,121,121,121,119,116,111,108,108,108,110,110,106,97,87,79,72,56,50,55,67,67,73,111,117,102,96,88,91,109,131,159,155,134,121,121,130,149,165,168,162,164,157,133,101,75,65,65,72,73,76,80,79,71,58,49,41,38,30,35,61,92,120,143,148,165,181,214,220,214,205,159,118,120,148,150,158,188,203,221,220,225,223,211,198,187,173,160,156,153,133,116,116,86,68,77,67,69,68,88,101,82,58,41,49,70,81,82,87,92,92,95,95,82,61,44,31,24,37,67,111,144,153,142,128,144,196,230,241,251,253,250,252,253,252,252,251,246,241,234,219,195,156,116,70,55,77,108,135,159,158,151,137,114,83,64,66,80,90,92,93,111,132,150,171,192,200,197,170,140,108,103,124,150,161,161,145,135,124,107,78,50,25,4,2,3,4,5,4,3,3,3,3,4,5,7,11,16,20,23,28,33,36,36,35,34,29,24,18,14,11,9,7,5,6,9,10,8,12,20,28,34,39,44,47,47,49,50,50,47,42,39,38,38,40,46,53,65,82,97,113,127,141,149,156,164,164,159,155,147,135,119,98,79,68,66,63,63,64,66,66,65,62,59,53,48,40,33,28,24,22,20,19,16,13,14,14,14,15,19,23,30,38,44,49,58,71,80,94,103,120,135,142,141,
23,23,24,25,26,27,28,28,27,26,25,25,25,24,22,20,17,16,14,14,14,13,12,10,11,10,10,10,9,8,7,7,7,8,8,8,9,10,10,10,8,9,10,11,12,13,13,13,11,11,12,11,11,12,15,18,23,29,37,44,49,50,51,51,49,49,50,51,54,59,65,69,62,59,58,59,56,51,50,51,58,63,69,72,71,67,65,64,69,72,78,85,92,99,104,106,110,110,110,111,113,114,114,114,109,109,106,102,96,90,86,84,67,63,64,73,89,77,68,103,120,111,105,101,106,125,151,175,170,149,139,145,156,167,172,167,162,147,127,105,80,63,66,79,93,93,95,95,88,71,52,40,34,32,25,30,58,91,124,149,151,171,193,221,227,223,223,198,198,194,208,209,215,233,230,227,231,227,217,208,204,201,188,174,163,148,135,116,120,94,96,110,103,109,90,98,103,84,67,42,30,48,65,78,84,79,78,86,105,89,58,33,26,25,27,36,37,52,57,52,38,54,119,167,198,227,245,251,254,254,250,250,253,249,244,234,222,210,177,136,69,37,42,60,84,131,164,174,162,140,107,77,62,60,65,68,82,99,118,132,148,169,187,195,197,176,153,146,158,171,171,163,144,130,122,114,98,76,46,17,5,4,4,6,6,4,4,5,3,3,5,7,11,17,23,27,32,38,41,41,41,39,34,28,21,17,13,11,9,6,7,10,10,9,13,22,31,36,43,48,50,51,53,55,54,51,47,44,45,46,49,54,60,70,85,99,113,128,143,152,160,167,166,161,158,153,143,128,107,86,74,70,66,66,66,68,68,67,64,61,55,51,44,37,32,28,25,23,22,18,15,14,14,12,14,18,19,25,32,38,44,56,71,83,98,109,127,143,152,154,
24,25,25,26,27,28,28,28,26,25,24,24,24,23,22,20,17,16,14,14,15,14,13,12,11,10,10,9,8,7,7,6,7,8,8,8,9,10,10,10,9,9,10,11,12,12,12,12,11,11,12,11,11,12,14,15,19,25,34,42,48,50,52,53,51,49,48,51,57,62,62,60,53,52,54,56,55,51,50,53,51,54,57,61,63,65,66,67,62,65,69,76,82,88,92,94,88,91,97,102,106,109,110,111,107,105,102,97,91,87,87,87,78,73,65,61,76,75,70,100,125,120,107,103,114,137,164,177,167,153,152,164,174,179,173,159,142,126,96,68,63,76,87,88,102,100,98,94,81,61,44,36,27,29,26,34,61,93,124,150,157,176,198,221,227,227,231,223,222,224,236,232,228,235,231,223,220,206,190,186,192,198,196,191,158,129,126,116,108,88,97,94,106,116,93,90,96,88,80,53,32,28,31,50,64,54,48,58,87,92,79,61,66,80,85,84,67,61,63,77,61,42,54,60,106,172,223,244,253,252,248,254,254,253,249,241,231,220,188,148,88,47,39,40,52,99,149,176,174,155,128,96,64,45,46,59,75,89,109,124,139,157,177,191,199,195,186,178,177,176,170,161,138,120,110,110,108,96,69,38,12,5,2,4,6,4,4,5,3,4,6,8,11,17,25,31,36,42,46,47,46,43,37,31,24,19,15,13,11,7,7,10,9,10,15,24,33,39,46,53,53,55,57,57,56,53,51,49,54,54,57,62,66,72,85,96,113,128,144,153,161,167,166,160,156,151,143,130,110,89,75,70,66,66,66,67,68,67,65,63,57,53,48,42,38,33,29,26,23,19,16,15,14,12,12,16,17,22,29,34,42,55,73,86,104,117,133,147,155,159,
27,27,27,27,28,28,28,28,26,25,23,23,23,23,21,20,17,15,14,14,15,15,14,13,12,11,10,8,7,7,6,6,7,8,8,8,9,10,10,10,9,10,11,11,11,11,11,11,12,12,12,12,12,12,12,13,17,23,32,40,46,49,52,53,52,48,45,49,56,58,53,47,48,53,58,57,50,48,56,68,64,63,62,63,66,70,72,73,66,65,63,63,64,66,68,70,78,85,96,104,108,108,105,104,102,102,101,98,94,91,88,87,85,76,64,49,56,63,65,88,121,122,104,100,118,151,180,179,154,151,159,172,181,183,171,149,124,93,66,63,77,90,99,104,106,98,89,80,65,46,34,31,25,29,31,44,74,104,130,151,172,185,204,220,227,227,227,229,232,230,232,234,236,238,223,196,158,124,104,125,164,184,177,164,123,89,83,83,77,77,89,80,77,86,74,70,82,89,87,74,60,29,8,20,39,33,23,28,58,89,107,108,122,145,161,168,173,154,152,175,163,124,85,41,42,109,162,196,234,250,248,254,250,252,253,248,237,222,188,148,96,54,40,37,42,73,113,149,174,166,151,124,84,51,47,59,73,83,99,118,134,150,167,179,189,195,196,188,180,174,166,158,133,112,99,102,108,106,87,61,23,9,1,0,4,3,2,3,3,4,6,7,11,17,26,32,38,44,50,51,51,48,42,35,28,22,18,15,11,7,6,9,9,10,16,25,33,39,47,54,56,57,59,59,58,56,56,56,62,63,65,68,69,72,81,91,109,124,141,151,159,166,164,158,151,145,137,126,110,90,74,67,65,65,65,66,68,67,65,64,59,56,52,48,44,39,34,30,24,21,18,16,14,12,11,13,16,21,27,33,41,56,75,89,111,122,135,144,148,151,
30,29,29,29,29,28,28,28,27,25,23,22,22,22,20,19,17,15,14,15,16,16,15,14,13,12,10,8,7,7,7,7,7,8,8,8,9,10,10,10,10,11,11,11,11,10,10,9,12,12,12,13,13,13,12,11,13,18,27,35,41,44,47,49,48,45,43,46,52,53,50,45,51,55,60,62,61,63,75,88,90,86,81,79,80,81,81,80,79,73,66,59,57,59,64,67,86,92,101,108,109,108,106,105,102,101,101,99,97,94,90,87,86,76,76,67,63,66,70,88,113,129,117,117,138,169,189,168,143,152,168,178,181,179,159,129,98,66,54,78,102,106,107,115,101,86,70,60,48,34,26,26,27,30,35,56,95,127,148,163,186,194,209,223,233,232,225,230,243,237,232,237,237,221,177,121,74,45,46,97,149,155,126,100,64,45,33,46,59,73,69,61,53,47,45,45,61,75,76,87,82,50,16,10,22,21,12,13,27,60,90,110,133,160,187,209,227,217,219,236,230,213,187,135,93,124,131,148,207,244,245,247,250,248,248,243,232,220,197,168,136,92,68,65,73,89,114,153,167,176,179,162,125,88,65,58,78,80,90,109,126,141,153,163,175,185,191,186,178,170,158,145,124,103,91,93,100,106,97,80,39,18,2,1,4,4,1,1,2,3,5,6,9,15,24,32,38,45,52,55,56,54,48,41,32,26,20,16,11,5,3,5,7,9,15,24,31,37,46,54,57,58,60,60,60,60,63,65,70,70,72,73,72,72,78,86,99,116,134,145,154,161,159,153,147,140,131,122,109,91,75,66,64,64,64,65,67,67,66,65,61,59,56,53,49,45,39,35,29,26,23,21,18,13,11,12,13,18,24,30,39,54,73,88,111,121,131,135,137,139,
31,31,31,30,29,29,28,28,27,25,23,22,22,21,20,18,16,15,14,15,16,16,15,14,13,12,10,8,7,7,7,7,7,8,8,8,9,10,10,10,11,11,11,11,11,10,9,8,13,13,13,13,14,13,12,11,9,14,22,29,35,39,42,43,43,42,41,44,49,52,51,49,62,59,61,69,78,85,91,95,100,96,91,90,91,92,91,90,91,84,75,69,70,77,88,95,95,98,101,103,103,104,106,108,105,102,99,96,95,94,92,90,94,81,89,88,77,78,87,107,112,142,140,143,160,180,182,143,137,155,176,182,178,169,141,104,63,62,65,81,109,130,124,108,88,68,50,43,38,31,27,29,30,31,37,65,112,148,167,177,191,197,213,227,241,240,228,235,235,242,244,243,222,178,115,49,28,32,71,131,154,123,79,56,36,42,31,56,82,89,51,39,48,28,28,28,42,56,60,91,82,67,38,16,12,12,10,12,14,33,59,91,126,156,190,222,241,249,253,250,232,234,235,195,195,198,162,142,186,227,239,250,253,249,241,233,225,223,215,200,162,105,59,42,43,41,48,85,124,154,183,187,170,144,113,89,83,79,84,103,123,138,149,158,165,176,183,182,177,168,149,130,113,95,85,86,92,101,100,90,52,26,4,1,6,6,2,1,1,2,3,5,7,13,23,31,38,46,53,57,59,58,52,46,36,29,22,17,10,4,1,2,5,7,14,23,30,36,44,52,57,59,60,61,61,63,68,71,75,75,76,76,73,71,76,83,90,107,126,138,148,156,154,148,146,137,127,120,110,93,76,66,63,63,63,65,67,68,67,66,62,61,59,56,53,49,43,39,35,32,29,27,22,15,13,12,11,14,21,27,36,51,70,85,107,116,125,127,128,131,
32,31,30,30,32,34,34,33,29,29,28,26,24,21,19,18,16,15,14,14,15,15,13,12,14,12,10,10,10,9,8,6,7,7,8,8,8,9,9,9,11,11,11,10,10,10,10,10,13,13,14,14,14,14,13,12,11,13,16,20,25,30,35,37,38,40,43,45,48,51,55,57,64,74,83,88,95,104,109,110,111,110,108,108,109,108,101,95,94,96,93,87,89,100,107,107,109,111,110,106,107,108,105,100,95,100,101,96,97,100,96,87,96,85,82,70,70,81,87,100,116,137,157,166,174,177,161,139,137,171,190,181,165,139,100,71,53,67,82,91,106,128,122,94,59,44,29,24,26,29,30,31,29,33,41,55,95,133,155,188,187,203,219,226,233,241,240,234,248,239,239,231,200,123,70,28,39,60,122,182,200,119,60,49,48,92,99,111,128,95,66,71,82,60,29,21,29,31,48,83,85,61,50,44,25,15,15,8,15,15,28,58,92,123,171,224,242,249,249,247,252,252,218,177,187,217,222,199,189,206,230,248,253,252,215,195,187,221,222,195,165,101,62,36,23,25,26,45,90,143,173,173,176,173,159,150,120,96,89,104,117,129,145,156,161,181,184,179,178,158,130,120,109,93,90,90,79,80,88,86,65,37,11,5,6,3,2,3,2,3,3,4,6,13,23,30,36,44,51,55,58,58,54,48,37,30,24,19,12,5,3,4,3,6,13,22,27,33,42,51,54,57,60,62,64,68,75,79,77,78,78,76,74,76,81,86,97,104,117,131,142,147,148,148,139,135,129,119,106,90,75,66,64,63,64,66,68,69,69,68,65,63,61,59,57,54,50,47,40,39,37,35,31,25,18,14,13,14,19,26,35,49,69,86,104,117,125,124,123,127,
32,31,30,32,34,36,36,36,33,32,31,29,27,25,23,21,19,17,16,15,16,16,16,15,14,12,11,10,10,10,8,7,7,7,8,8,8,9,9,9,11,10,10,10,10,10,10,10,13,14,15,15,15,14,14,13,14,14,16,18,21,25,27,29,35,38,41,44,46,50,56,59,60,73,89,100,109,114,115,112,120,117,113,111,110,107,100,94,97,97,95,94,98,103,105,104,109,111,110,105,102,103,102,100,104,100,97,94,90,88,89,92,86,92,108,103,96,99,102,116,137,149,166,176,169,152,140,137,159,177,178,161,143,117,82,59,55,67,83,91,101,115,108,83,52,40,29,26,27,28,28,29,29,34,47,67,111,151,175,207,204,217,229,234,237,242,243,241,236,243,235,206,145,83,78,28,32,79,151,203,207,149,114,120,130,170,168,165,172,142,113,109,105,74,33,18,23,24,39,74,82,66,62,58,37,20,13,4,6,11,33,70,99,118,163,220,235,250,249,248,251,245,214,185,165,197,225,224,208,209,229,247,245,242,207,161,152,177,206,209,180,134,90,39,13,21,27,41,98,143,168,168,174,179,176,176,162,143,129,122,120,131,148,154,162,175,179,182,184,163,136,128,116,104,93,83,72,70,76,78,72,48,23,11,7,3,2,2,2,3,2,2,4,9,19,25,35,43,52,56,59,60,56,50,40,33,26,21,13,6,3,3,2,5,11,20,26,32,41,50,55,59,63,66,68,70,75,79,76,76,76,75,76,79,85,89,98,102,110,123,136,143,142,140,134,131,125,116,105,92,79,71,66,66,65,66,68,70,70,69,66,64,62,60,58,55,52,49,46,45,43,40,36,30,23,18,17,18,21,27,35,47,65,80,99,112,122,123,124,128,
33,32,32,33,36,39,39,39,37,37,36,34,32,29,27,26,23,21,19,18,18,19,19,18,15,13,11,10,10,10,9,8,8,8,8,8,8,9,9,9,10,10,10,10,10,10,11,11,14,14,15,16,16,16,15,14,15,15,16,17,19,21,23,24,30,34,38,40,42,48,57,64,75,84,94,102,107,110,110,108,106,102,98,97,97,95,93,91,83,83,88,99,107,111,112,114,108,110,109,103,99,99,100,101,95,86,80,80,78,77,87,101,114,118,128,118,108,111,116,132,151,158,166,163,146,129,129,139,178,177,164,145,125,95,63,47,67,87,117,133,135,128,105,73,47,39,32,31,31,30,30,31,29,40,69,101,143,174,186,207,212,222,233,238,237,238,240,243,231,242,222,177,92,39,79,40,44,103,170,217,216,194,182,199,191,221,210,196,191,162,133,118,111,81,37,20,26,29,40,67,83,70,68,70,57,39,21,4,11,28,53,77,91,104,140,185,223,247,251,248,252,247,219,201,169,174,204,230,229,227,234,236,241,248,216,127,87,84,146,200,193,165,126,70,33,27,26,34,68,117,159,177,186,184,173,165,176,172,165,151,140,146,154,151,162,169,174,183,186,166,139,127,122,117,98,77,68,65,67,74,78,61,38,19,8,3,3,2,3,3,3,2,4,8,16,23,34,42,52,58,62,62,58,52,43,37,29,23,15,7,2,2,1,3,9,17,24,30,40,48,55,59,64,67,69,70,74,77,74,73,72,74,79,85,90,92,97,97,102,112,125,132,132,129,128,124,119,111,103,92,82,75,71,69,68,68,69,71,71,71,68,66,63,61,60,58,55,53,52,50,48,45,41,35,28,24,24,23,26,30,35,45,60,73,91,104,115,117,118,120,
34,33,33,35,38,40,41,41,41,41,40,38,36,33,31,30,26,24,22,20,21,22,21,21,18,16,13,11,11,11,10,9,8,8,9,9,9,9,9,9,9,9,10,10,10,11,11,11,14,15,17,18,18,17,16,15,15,15,16,18,20,22,24,25,30,33,36,39,43,53,68,78,93,98,103,107,108,107,104,102,99,94,90,89,87,85,85,87,89,89,96,106,109,105,105,109,108,107,104,100,98,98,99,99,92,85,79,80,84,90,102,114,130,121,120,109,108,119,127,141,147,153,146,128,119,128,142,149,183,175,160,144,124,88,57,48,41,67,107,135,138,126,99,69,42,35,30,29,29,28,29,31,43,54,88,123,157,180,185,199,211,220,232,238,238,236,237,241,240,234,206,155,87,46,86,81,105,139,176,221,226,231,224,235,225,240,228,218,203,167,136,116,112,90,43,19,26,41,56,75,89,72,63,70,75,64,39,16,22,50,69,69,67,75,95,118,183,226,245,245,252,252,230,214,187,165,178,208,220,233,242,232,225,229,190,93,36,26,87,170,197,180,153,119,84,51,29,29,68,106,147,172,184,185,179,174,171,172,173,166,156,158,159,151,159,166,174,182,185,170,141,119,117,119,99,76,72,69,68,78,81,70,49,24,7,2,5,5,4,4,4,3,5,9,17,24,33,42,52,59,63,64,60,54,46,39,32,25,16,6,2,1,1,2,7,15,22,28,37,46,54,57,61,64,65,67,71,75,72,70,69,73,81,89,93,94,94,94,97,105,114,121,122,121,124,120,114,108,100,91,83,78,76,74,71,70,71,72,73,73,70,68,65,62,61,60,58,57,55,53,51,48,44,39,33,28,30,29,30,34,38,44,56,67,82,94,107,113,116,119,
36,35,35,37,40,42,43,43,45,44,43,41,39,37,35,34,30,28,26,25,25,26,25,24,22,19,15,13,12,12,11,10,9,9,9,9,9,9,9,9,8,9,9,10,11,11,12,12,15,16,18,20,20,19,18,16,15,16,16,18,19,21,23,24,28,30,33,38,48,63,82,95,96,99,105,110,111,107,101,97,95,88,81,76,69,63,62,66,74,77,86,96,98,94,98,106,109,103,98,96,96,95,92,89,86,86,84,85,94,108,114,113,106,101,106,104,110,127,135,148,145,138,124,112,119,140,156,161,182,172,155,140,117,79,56,58,78,92,116,130,129,124,107,83,52,45,39,37,37,37,39,43,55,58,89,119,146,171,186,205,215,221,229,234,236,238,239,239,245,227,197,141,124,116,129,145,177,176,185,224,234,244,237,243,246,247,239,236,208,158,127,108,110,97,53,20,30,55,74,87,91,76,63,65,75,71,52,37,37,58,70,66,54,41,39,51,107,177,231,245,251,251,236,223,194,167,165,178,188,216,240,236,220,195,135,63,14,12,38,110,186,182,159,139,123,94,64,48,72,95,133,164,178,181,179,174,181,171,166,165,160,160,158,150,150,160,173,181,186,182,156,124,106,108,91,74,75,74,74,85,85,79,62,35,12,2,3,5,2,3,4,4,5,10,18,24,33,42,52,58,62,64,60,54,46,40,33,26,18,8,4,2,4,4,7,14,20,26,34,41,53,55,57,57,58,62,68,73,70,67,65,70,79,88,92,92,90,93,98,103,108,113,117,120,123,120,114,107,100,92,85,80,80,77,75,73,74,75,75,75,72,69,65,62,61,60,59,58,57,55,53,51,48,44,38,35,35,34,35,38,41,47,56,65,72,82,95,105,112,116,
37,37,37,39,43,46,47,47,49,49,48,46,44,42,40,38,36,35,34,33,33,33,31,29,26,23,19,15,14,13,11,10,10,10,9,9,9,9,9,9,8,8,9,10,11,12,12,13,15,17,19,21,22,21,19,18,18,17,17,16,16,16,17,17,16,18,22,30,43,61,78,89,90,84,80,79,79,80,82,85,79,73,67,64,57,50,52,58,68,74,85,95,100,104,111,118,105,98,92,93,95,91,85,80,78,86,92,98,111,124,122,112,104,102,109,103,104,119,132,151,148,130,120,130,143,150,158,168,175,159,136,114,90,61,54,68,108,112,120,120,115,112,96,69,57,47,39,37,37,38,40,43,39,45,86,123,146,170,188,207,215,214,208,205,214,228,234,233,233,219,194,143,170,195,188,195,194,181,190,224,235,241,245,252,253,245,240,232,181,119,94,80,76,81,63,47,59,75,82,90,87,80,65,59,65,62,52,50,65,70,78,81,63,26,10,14,35,116,206,246,248,246,242,234,203,173,153,153,172,206,227,221,196,154,98,49,4,4,11,76,162,174,144,120,132,141,130,106,90,97,127,161,175,177,175,168,180,169,167,173,173,169,155,137,130,139,159,177,189,195,180,151,108,100,84,73,73,73,78,89,95,93,83,60,32,10,2,2,1,2,3,4,7,11,19,25,34,42,51,56,60,61,58,53,46,40,34,29,21,12,7,6,6,4,6,11,17,22,29,35,48,49,51,51,52,57,64,70,66,63,61,65,73,80,84,85,85,91,98,104,107,111,115,119,121,118,113,108,102,95,88,84,82,80,78,77,77,78,78,77,72,69,64,60,59,59,58,58,58,57,55,54,53,50,46,43,41,39,40,43,46,49,57,64,64,70,78,84,87,89,
37,37,38,42,47,51,53,54,55,55,54,52,50,48,46,44,44,43,43,43,43,41,39,36,31,27,22,17,15,13,12,11,10,10,10,10,9,9,9,9,7,8,9,10,11,12,13,13,15,17,20,23,23,22,20,19,19,18,17,15,14,13,12,12,10,11,14,22,34,47,57,62,67,58,49,49,51,55,62,69,73,69,69,71,69,67,74,85,103,107,109,109,110,111,109,105,94,90,90,95,97,92,86,83,91,99,111,124,132,131,122,112,111,102,100,90,92,110,124,144,142,135,138,152,159,156,160,170,164,144,113,87,69,55,64,89,114,122,130,131,132,134,113,77,42,31,22,20,22,22,22,23,25,38,93,138,157,174,187,201,204,192,169,154,170,204,223,223,211,200,190,171,206,226,217,201,171,166,193,222,234,236,251,254,254,250,244,215,137,71,59,51,47,60,69,80,92,84,77,88,82,76,58,51,60,57,45,43,75,85,89,86,70,41,20,19,8,60,156,230,244,245,249,243,217,186,155,151,171,196,206,203,148,100,73,37,3,1,26,96,155,170,129,105,132,163,176,163,152,133,138,160,170,178,187,187,171,169,173,178,180,178,152,118,101,100,126,162,182,193,193,180,132,106,85,77,69,70,83,93,108,111,112,99,68,31,8,4,2,4,5,6,9,13,21,26,36,43,50,53,56,58,55,51,45,40,35,31,25,17,12,12,7,5,5,8,13,17,23,28,38,40,42,44,45,50,56,62,61,59,57,59,64,70,74,76,78,84,92,100,106,109,112,114,112,111,108,105,102,96,90,86,83,81,80,80,81,81,80,79,72,68,62,58,57,56,56,56,58,57,56,56,56,54,52,50,46,44,44,47,50,52,57,63,63,64,65,65,64,61,
37,37,39,44,50,55,58,59,60,59,58,57,54,52,50,49,49,49,49,50,50,48,44,41,34,29,24,19,16,14,12,11,10,10,10,10,9,9,9,8,7,7,8,10,11,12,13,14,16,18,21,23,24,23,21,19,19,18,17,15,14,13,13,14,13,13,14,22,31,38,41,40,33,33,40,52,60,60,60,61,68,66,68,74,75,75,85,98,98,100,98,95,97,98,90,78,84,84,89,98,100,96,92,92,101,104,116,130,128,110,93,86,89,75,72,73,90,115,123,133,130,144,157,158,157,159,165,169,158,136,103,79,68,67,85,114,144,149,151,144,143,144,117,74,45,33,23,23,25,25,23,21,32,46,102,145,158,172,187,203,193,173,136,114,136,185,216,218,196,181,183,203,226,217,215,182,158,161,200,223,238,235,252,247,251,250,241,194,96,32,32,30,53,59,69,91,98,75,67,91,81,69,45,42,62,62,39,28,59,87,92,72,65,67,57,42,10,22,106,203,238,246,252,243,220,203,177,165,169,176,187,204,142,77,62,25,7,1,33,95,172,177,129,110,136,160,181,184,171,147,153,176,181,179,177,168,177,178,175,167,168,173,149,108,79,68,96,147,172,183,193,195,159,118,92,82,68,69,87,97,117,123,134,130,98,51,18,9,5,7,8,9,12,15,22,28,37,43,49,52,54,56,53,49,45,40,36,33,27,20,16,16,8,5,5,7,10,13,18,23,28,32,36,38,40,44,49,54,57,56,54,55,58,63,67,69,72,77,84,95,103,108,108,107,103,103,102,101,99,96,90,86,83,82,81,82,83,82,81,79,72,68,62,57,55,54,54,54,56,55,55,55,56,56,54,52,50,48,47,50,52,53,57,62,66,65,64,64,62,60,
37,39,42,47,52,58,62,64,66,65,63,61,59,57,55,55,56,57,56,54,54,53,47,40,37,33,27,22,18,15,13,11,10,10,10,10,9,9,9,8,8,9,10,10,11,12,14,16,15,17,21,24,25,24,22,21,18,18,19,18,17,15,12,11,12,13,13,15,22,29,30,26,31,37,48,56,56,53,54,59,57,57,59,64,65,66,73,81,80,79,76,73,70,70,70,70,73,84,96,98,93,90,93,99,112,119,128,126,109,88,78,78,77,93,102,119,127,122,128,129,119,143,154,162,148,160,166,178,164,121,101,73,47,73,114,136,151,150,154,161,156,132,98,75,43,23,16,22,20,18,27,37,65,104,128,146,151,164,184,167,133,107,95,80,91,143,185,201,143,135,186,225,218,215,192,154,149,163,182,224,248,240,243,252,252,248,232,180,70,19,24,49,84,79,90,92,94,78,56,81,68,45,45,45,61,63,56,22,40,80,95,74,74,74,91,86,32,6,58,182,235,237,254,246,230,224,202,169,146,161,187,199,165,88,53,33,20,15,27,90,185,211,185,115,93,139,179,180,183,179,184,185,172,165,167,167,167,174,178,175,178,184,160,119,81,67,78,120,157,178,188,192,183,148,110,89,78,73,80,93,110,108,121,134,124,92,49,14,8,10,13,15,17,21,24,26,38,42,47,52,55,55,53,52,45,41,36,33,32,29,23,18,11,10,9,7,8,11,14,16,21,24,29,34,38,39,38,37,44,46,45,44,50,60,68,69,74,79,83,85,90,96,97,96,89,86,86,89,91,90,89,90,85,84,84,86,87,86,84,82,74,70,64,59,56,55,53,53,56,56,56,56,56,57,57,58,57,56,54,53,54,57,61,63,65,66,67,66,64,62,
40,42,47,52,58,63,67,69,70,69,68,66,63,61,60,59,59,60,59,56,56,55,49,42,37,33,27,22,18,15,12,10,10,10,10,9,9,9,8,8,7,9,10,10,10,11,14,16,16,18,20,22,24,23,22,21,24,23,22,20,18,15,12,11,13,14,16,21,30,40,42,40,60,59,60,59,52,44,42,44,45,43,45,50,55,58,64,70,62,58,51,45,43,47,57,65,88,91,93,93,92,93,98,103,115,122,123,112,101,95,92,89,86,103,114,120,113,117,133,124,130,157,167,159,148,165,175,179,153,134,102,55,53,98,127,138,142,142,144,147,140,117,81,54,37,25,25,28,19,16,29,43,90,125,142,151,158,172,174,137,78,39,38,50,50,63,95,134,102,116,181,223,216,201,170,136,146,171,189,218,239,241,249,252,245,248,225,167,62,16,28,73,108,100,101,94,87,65,42,64,58,39,46,45,54,61,64,32,31,62,91,77,78,77,93,102,65,29,49,151,219,236,248,241,241,239,221,178,159,166,195,211,182,110,71,40,17,6,12,66,168,231,216,114,61,98,147,161,200,193,192,188,173,159,152,147,156,171,184,181,178,186,182,162,109,87,70,95,141,166,177,193,184,179,150,106,81,82,88,85,94,93,108,126,128,110,72,35,14,15,16,17,19,24,28,31,40,43,48,53,55,54,52,51,45,41,37,35,33,30,25,21,15,13,11,9,9,9,12,14,19,22,27,32,35,36,35,34,33,32,30,31,41,57,68,72,81,82,82,81,83,87,88,85,84,81,81,84,87,87,87,89,91,89,87,87,87,86,84,82,76,72,64,58,55,53,51,50,53,53,53,54,55,56,57,58,57,57,55,55,56,59,62,64,66,67,67,66,64,62,
41,45,51,58,64,69,72,73,74,73,71,69,67,65,64,63,62,62,60,58,57,55,49,42,37,32,26,21,17,14,12,10,9,9,9,9,9,8,8,8,7,8,9,10,10,11,14,16,17,18,19,21,22,23,23,23,28,26,24,22,19,17,16,15,12,16,21,27,37,48,52,50,53,49,44,42,38,33,32,34,40,37,38,43,48,51,53,56,57,58,58,57,58,67,82,95,99,95,90,89,94,101,107,111,126,130,121,102,92,94,91,81,80,87,102,118,110,113,137,136,139,164,171,146,144,163,182,179,159,132,81,41,74,129,142,146,148,152,153,151,145,125,89,58,49,38,33,25,12,18,46,70,104,134,148,154,165,177,155,96,48,18,24,35,33,39,48,63,64,105,181,223,223,205,162,130,135,177,202,220,236,245,253,249,241,246,219,151,49,19,49,105,121,111,101,86,73,49,35,57,48,36,52,48,45,56,72,44,20,42,93,88,83,71,72,90,92,60,48,114,196,233,246,244,240,245,240,197,184,169,193,210,200,147,117,87,66,59,65,107,206,240,236,184,120,81,108,171,195,189,184,176,161,139,117,104,106,133,168,184,185,189,188,177,137,104,67,76,121,149,163,184,192,189,171,138,105,87,85,88,91,88,97,113,126,124,95,56,24,22,20,20,23,28,34,38,43,46,50,53,54,53,51,49,44,42,38,37,36,33,29,25,23,20,15,11,8,9,9,10,16,19,23,27,30,31,31,31,31,26,23,27,43,65,81,87,96,94,88,82,81,84,84,82,81,77,76,79,81,82,84,87,91,89,87,86,86,86,85,84,80,74,66,58,53,50,48,47,49,49,50,51,53,55,57,58,57,57,58,59,60,62,64,65,66,67,68,67,64,63,
41,46,53,61,68,73,75,76,75,74,73,71,69,66,65,64,63,63,60,57,55,53,47,40,36,32,26,20,17,14,11,9,8,8,8,8,8,8,8,8,6,8,9,10,10,12,14,16,19,19,19,20,21,22,24,24,27,25,23,22,21,21,22,23,31,31,29,26,27,28,25,21,20,15,14,18,23,26,29,32,38,41,45,51,55,57,59,60,59,67,78,86,90,95,101,106,91,88,86,88,95,103,108,111,125,124,114,99,92,91,83,71,70,89,95,106,119,132,147,144,149,161,165,135,141,156,183,183,172,101,47,51,103,143,145,151,146,152,154,151,148,136,106,75,60,48,39,30,22,35,65,84,96,118,139,157,172,173,129,62,32,23,34,31,23,32,28,19,48,111,187,218,224,209,161,127,118,171,206,226,239,244,249,242,243,243,216,139,32,34,87,124,114,105,86,66,52,35,35,64,47,40,61,52,39,49,75,55,14,22,83,89,87,68,46,53,90,88,71,97,169,219,237,246,242,240,244,209,201,164,185,208,203,179,170,157,149,152,161,191,222,245,245,218,160,84,80,145,190,191,186,176,158,124,86,64,60,89,136,173,189,193,185,169,142,104,75,81,107,133,153,165,188,187,181,163,135,110,99,99,98,91,89,98,115,127,106,68,32,28,25,27,30,33,38,42,46,49,52,54,54,52,49,47,44,43,41,40,39,38,35,32,31,27,21,14,11,9,8,9,14,16,19,22,26,27,28,28,35,29,27,37,59,83,99,104,108,104,94,85,83,86,88,86,82,78,74,76,77,78,80,83,83,83,83,84,86,87,87,86,81,75,66,58,52,48,46,44,45,45,46,48,51,54,56,57,57,58,60,62,64,65,66,66,67,68,69,67,65,63,
43,47,55,64,71,76,78,79,77,76,74,72,70,68,66,66,64,63,60,56,54,52,46,39,35,31,25,20,16,13,10,8,8,8,8,8,8,8,8,8,7,8,10,10,11,12,15,17,20,20,20,20,22,23,25,25,26,25,23,21,21,22,24,25,23,23,21,17,16,17,15,12,9,7,10,18,27,31,33,35,39,48,58,63,65,67,72,76,74,80,89,95,98,96,93,91,79,82,87,92,96,99,101,101,109,103,99,99,100,97,91,88,87,119,102,92,127,151,149,137,160,155,153,134,144,152,179,186,162,73,48,88,126,144,145,149,139,147,151,150,150,146,126,104,88,81,78,77,79,91,100,98,79,91,124,157,172,155,97,41,22,15,31,31,23,34,39,38,44,121,196,213,213,200,155,125,115,166,203,227,238,238,243,241,246,235,213,132,24,54,119,118,95,88,63,46,37,28,42,75,53,50,70,57,40,44,72,64,28,12,52,62,80,77,44,30,64,95,101,100,142,192,219,240,251,236,239,214,204,162,187,218,205,202,209,209,209,213,220,236,249,254,255,243,189,96,76,138,175,188,190,180,157,110,58,32,52,75,119,159,180,189,186,173,134,95,87,96,98,123,152,153,167,194,202,178,155,146,133,115,106,98,94,98,113,127,110,74,39,34,31,33,36,37,40,44,49,51,53,54,54,51,49,47,45,44,44,44,44,43,41,40,38,34,28,22,16,13,12,12,15,16,18,21,24,26,28,28,33,30,34,52,78,100,111,115,111,107,97,87,84,87,90,91,87,81,77,76,76,75,76,79,77,78,79,83,85,86,84,83,78,73,65,58,52,48,45,43,42,43,44,46,49,52,54,55,56,58,61,64,66,67,67,67,68,69,69,68,65,63,
45,49,57,66,73,78,80,81,79,78,77,75,72,70,69,68,65,64,60,56,54,53,47,40,34,30,24,19,15,12,9,7,7,7,7,7,7,8,8,8,7,9,10,11,12,14,16,18,21,21,21,22,23,24,26,26,28,26,23,21,19,18,19,19,10,13,13,13,17,23,28,28,18,19,25,36,44,46,45,45,52,61,68,67,63,64,69,73,86,86,87,89,90,90,90,90,85,91,98,101,101,98,96,95,100,95,96,103,108,107,107,110,115,110,81,95,134,133,129,141,157,142,136,135,146,151,166,178,140,86,96,133,144,151,153,149,142,147,151,151,152,152,144,133,134,127,124,126,132,141,133,111,61,64,107,150,163,138,80,41,36,25,28,27,46,95,114,105,64,128,196,214,213,198,160,141,134,175,203,225,235,235,245,249,243,229,207,130,31,72,123,92,68,64,39,35,41,40,63,92,66,64,76,61,49,44,66,70,61,26,32,30,59,82,65,29,31,68,104,107,125,169,206,236,247,230,240,226,204,169,194,219,219,225,233,236,236,237,241,247,253,242,238,247,212,122,79,110,142,173,188,182,159,106,50,28,46,76,123,159,174,181,179,167,125,93,92,101,99,122,154,156,160,186,205,197,176,159,146,138,125,121,119,118,123,127,109,77,48,40,36,39,41,41,42,46,51,53,54,55,54,51,48,46,46,46,47,49,49,48,48,47,45,42,37,32,27,23,20,19,18,19,21,23,26,28,29,30,29,31,44,69,95,112,117,118,112,110,102,91,84,85,90,93,88,82,77,76,75,74,74,76,76,76,76,78,79,79,77,75,72,69,63,58,54,50,47,44,42,42,43,45,47,49,52,53,56,58,61,64,66,68,68,68,69,70,70,69,66,63,
45,49,56,64,71,76,79,81,80,79,78,76,74,72,70,69,63,62,58,54,52,51,46,39,34,29,23,18,14,11,9,7,6,6,6,7,7,7,8,8,8,10,11,12,13,15,18,20,21,22,23,24,25,26,27,27,28,26,23,20,17,14,13,13,21,21,19,15,15,20,24,25,33,36,45,56,62,61,59,58,63,67,66,58,52,53,57,60,74,77,81,84,86,89,94,97,99,101,103,103,100,96,94,93,98,104,109,113,114,116,117,117,118,79,66,112,136,121,130,149,136,124,118,134,145,155,157,164,133,121,140,155,158,163,158,155,145,146,146,145,143,142,143,143,153,148,144,142,143,145,125,92,45,46,95,143,163,148,102,79,65,42,32,25,52,118,157,162,125,136,175,206,218,201,162,144,153,188,205,218,227,232,243,245,234,229,201,132,54,81,100,65,53,50,27,37,59,64,84,101,85,82,82,66,60,43,54,69,66,52,48,26,38,71,87,51,26,33,83,110,118,153,194,228,234,223,234,217,176,166,202,217,233,237,236,237,235,235,243,246,246,251,248,234,207,155,100,71,120,167,194,190,166,111,57,41,41,78,131,169,184,188,176,155,121,103,89,95,113,133,151,165,169,172,188,204,196,168,148,145,140,136,134,129,123,120,106,83,58,47,40,42,44,43,45,50,53,53,55,55,54,51,49,47,47,49,50,52,52,53,53,54,50,49,47,43,39,34,31,29,29,29,29,29,29,30,31,32,31,37,55,83,106,115,115,112,111,112,106,91,80,77,82,86,83,78,75,75,75,74,74,76,74,72,69,68,68,68,68,67,66,64,61,58,56,53,49,46,42,42,43,44,46,48,49,50,55,57,60,63,66,67,68,68,70,71,71,69,66,64,
43,47,54,61,68,73,77,78,80,79,77,75,73,71,69,69,60,59,56,51,50,49,44,37,33,29,23,18,14,11,8,7,6,6,6,6,7,7,7,8,9,10,12,13,14,16,18,21,22,22,24,25,27,27,27,27,26,24,22,19,15,13,11,10,6,8,8,7,12,21,29,33,48,52,60,69,72,68,65,65,60,60,55,45,42,48,56,58,68,78,91,99,100,100,103,106,105,101,97,93,91,90,90,89,93,110,122,121,120,125,123,115,104,77,88,125,130,140,162,144,117,112,108,135,147,164,157,158,140,144,150,151,164,167,153,159,158,156,153,149,143,140,144,152,153,157,163,162,156,145,110,67,38,40,93,144,173,174,142,128,97,54,46,46,42,70,133,199,189,144,147,188,214,195,147,122,155,192,204,208,217,226,235,229,228,233,197,135,77,85,76,50,57,53,28,46,77,80,90,94,100,95,87,69,68,42,45,65,42,65,75,39,28,58,102,78,42,20,66,112,116,141,179,212,232,220,218,185,131,152,208,226,236,235,224,220,218,218,230,234,241,226,222,216,169,95,53,53,108,162,192,186,157,98,45,33,53,86,135,174,197,207,190,159,118,114,86,87,129,144,146,171,174,176,182,193,202,194,162,131,135,131,128,121,112,111,106,94,65,52,42,43,45,44,47,53,53,54,55,55,54,51,49,47,49,49,52,54,54,55,56,57,54,54,52,50,47,42,39,36,37,36,35,33,33,34,33,33,34,42,61,88,108,111,106,102,106,108,103,87,71,66,69,74,78,73,71,73,75,74,75,77,70,66,61,58,59,60,62,63,61,60,59,58,57,54,51,48,43,43,43,44,45,47,48,49,55,56,59,62,65,67,68,68,70,71,71,69,66,64,
38,44,54,63,69,73,76,77,78,78,78,77,75,72,69,68,63,58,53,50,48,45,41,37,33,27,21,19,15,10,7,8,8,8,7,7,7,8,9,9,12,12,12,13,15,18,21,22,23,23,24,24,25,26,26,27,26,26,25,21,15,11,11,12,9,12,13,13,22,36,44,44,55,61,68,72,72,71,71,72,65,59,51,47,46,47,48,47,62,67,76,87,98,103,104,102,96,92,90,93,95,91,87,85,101,107,105,110,130,139,127,114,106,88,105,149,141,149,145,133,113,103,118,148,158,152,147,145,139,127,139,166,175,167,158,152,146,142,143,146,145,142,146,154,157,157,157,156,149,127,90,59,40,54,91,143,183,196,190,182,141,98,56,48,58,73,116,169,195,176,114,105,180,214,162,113,141,178,196,210,207,209,231,222,215,225,184,137,122,86,46,44,68,33,32,62,79,84,89,90,102,95,88,71,73,45,46,62,59,38,74,68,30,52,91,103,74,40,56,112,124,131,175,201,214,217,205,147,129,191,228,215,223,222,206,202,221,223,213,215,207,209,197,172,107,37,21,28,72,118,174,184,167,119,51,34,43,81,136,173,193,215,209,176,129,98,105,92,120,145,149,165,176,180,184,190,199,197,176,151,134,129,122,111,102,105,101,86,73,53,45,48,44,41,47,51,50,51,53,54,54,53,51,50,49,48,48,50,53,57,62,64,59,60,60,58,54,51,51,52,49,47,44,42,40,38,36,33,33,48,70,88,97,99,99,98,98,101,97,80,59,49,53,62,71,71,72,73,76,78,81,82,75,70,61,54,51,52,58,63,61,63,63,61,60,60,57,51,43,40,41,44,44,42,45,50,50,52,55,58,61,63,65,67,71,70,69,68,67,65,
34,40,50,59,66,70,73,75,78,78,78,78,76,73,71,69,62,58,53,49,47,44,40,36,33,26,21,18,15,10,7,8,8,8,7,7,7,8,9,9,11,11,12,13,15,18,21,22,24,24,25,26,27,27,28,28,28,27,23,18,14,11,11,12,9,10,11,14,26,43,58,66,59,64,72,76,78,78,78,79,83,80,75,73,75,78,80,81,72,75,81,88,95,97,96,93,106,101,96,91,84,79,79,82,83,102,117,129,141,141,128,120,86,87,120,147,149,146,145,129,102,104,125,146,146,142,148,154,136,121,137,170,175,157,152,158,148,141,135,138,144,149,153,156,158,161,164,161,147,114,69,34,32,64,112,158,193,212,216,215,193,168,133,105,82,71,102,152,199,207,172,145,182,210,187,159,159,195,205,202,205,210,217,216,217,209,171,140,126,86,48,46,78,49,49,72,82,81,86,88,92,90,86,71,78,57,58,71,74,46,56,69,57,51,70,101,95,63,68,109,130,147,183,205,211,205,197,173,172,195,203,205,206,201,196,187,187,204,213,202,196,192,177,158,104,37,18,23,38,108,179,188,172,136,77,55,37,68,129,180,200,211,211,197,151,114,116,107,136,155,154,165,170,176,182,190,199,201,185,165,142,118,100,95,96,101,101,92,77,55,45,47,44,43,48,51,51,52,53,54,55,54,53,52,51,51,50,51,54,58,62,64,62,64,64,62,59,57,57,58,55,53,51,48,46,44,41,38,41,52,68,81,87,89,90,91,92,93,88,72,56,49,55,63,73,73,75,77,80,83,86,88,80,74,64,54,48,49,53,59,60,62,64,63,63,63,58,53,47,44,43,44,43,40,41,44,49,51,54,57,60,63,65,66,70,70,68,67,65,64,
28,35,44,53,60,65,69,71,75,75,76,76,74,72,69,67,60,56,51,48,46,43,38,34,31,25,20,17,14,10,8,8,8,8,7,7,7,8,9,9,11,11,12,13,15,18,21,22,24,25,26,27,28,29,30,31,31,27,21,16,13,12,12,12,6,5,7,12,19,31,46,59,65,70,77,83,87,89,89,90,83,81,78,78,81,85,88,90,89,90,92,94,95,94,90,87,96,93,87,77,66,62,70,80,89,112,133,147,150,134,111,101,72,97,136,139,150,141,141,124,101,108,126,137,135,138,148,153,137,133,151,175,173,158,155,158,155,152,146,143,145,151,154,152,153,159,164,161,144,108,61,26,23,54,101,150,197,229,234,225,222,212,194,180,161,135,124,134,179,217,223,200,200,213,200,176,157,191,209,199,204,208,201,209,205,184,157,139,116,78,57,66,88,66,66,82,83,75,75,78,87,94,91,75,80,65,61,65,77,63,44,63,82,65,68,99,108,94,92,109,133,160,191,215,200,206,204,183,184,195,186,186,145,119,118,120,115,141,158,136,147,157,146,136,119,90,74,62,45,107,173,189,177,141,84,56,30,44,104,173,200,203,209,212,162,117,112,111,147,163,161,169,167,172,176,182,192,200,196,187,156,124,101,93,87,88,94,98,82,58,44,45,44,44,48,49,48,49,51,53,53,53,53,52,54,53,52,53,55,59,63,65,65,66,67,66,64,63,63,63,63,61,58,56,53,50,46,43,48,54,63,71,76,80,84,87,92,91,85,73,63,61,67,74,79,79,81,83,85,88,90,91,87,83,73,61,51,49,52,57,58,62,65,66,67,67,62,56,56,52,49,47,43,39,38,39,45,47,51,55,59,62,63,64,68,67,66,64,63,61,
23,29,37,46,53,58,63,66,68,69,70,71,70,67,65,63,57,53,49,46,44,41,36,32,29,24,18,16,14,10,8,9,8,8,7,7,7,8,9,9,11,11,12,13,15,18,21,23,24,25,26,27,29,31,32,32,32,27,21,16,15,15,13,12,13,12,16,22,25,26,35,47,61,65,71,79,86,89,90,90,79,78,77,77,79,83,86,88,98,98,98,97,95,91,86,83,76,75,74,69,63,64,76,90,117,133,146,152,146,120,91,78,80,116,140,131,143,140,132,117,113,112,118,125,132,144,150,143,141,155,173,177,170,169,160,143,138,144,146,140,138,141,143,141,152,154,155,151,136,105,62,29,21,44,88,142,192,220,220,210,204,205,205,213,217,195,157,134,165,201,230,231,227,230,213,181,123,138,177,187,191,200,193,203,190,170,154,134,98,68,71,90,89,76,74,83,81,67,59,58,83,103,101,84,83,72,61,58,68,83,54,55,81,84,88,86,97,109,115,114,139,177,205,234,226,203,191,183,189,186,137,90,40,27,35,45,41,53,73,76,43,52,50,75,110,119,117,110,95,117,156,186,187,147,88,52,38,40,93,165,196,197,200,203,168,118,104,107,147,162,166,173,174,175,173,173,180,193,201,203,182,149,120,106,96,95,100,100,85,59,43,41,41,43,46,44,43,44,46,48,49,49,49,49,52,52,52,53,56,60,65,67,67,68,69,69,69,68,67,67,67,65,63,60,58,54,50,47,49,53,58,64,70,77,84,88,93,91,86,80,76,76,81,86,87,87,88,89,90,91,92,92,94,92,86,75,63,56,57,59,60,63,65,66,69,71,68,64,66,62,56,52,47,43,40,39,41,43,46,50,55,59,60,60,63,63,61,60,58,57,
20,25,32,39,46,51,56,59,61,63,64,66,65,63,60,58,52,49,46,44,42,39,34,30,28,22,17,15,13,9,8,9,8,8,7,7,7,8,9,9,10,11,11,13,15,19,21,23,23,24,25,27,29,31,33,34,32,28,22,19,18,18,16,14,14,14,18,25,27,26,34,44,48,50,56,64,72,76,77,75,70,70,70,72,76,81,87,91,95,96,96,95,92,88,84,81,75,76,79,81,81,86,98,110,133,147,150,141,125,101,83,81,95,131,135,134,139,145,121,111,118,115,116,120,131,150,156,144,152,166,180,180,174,171,152,123,118,123,126,128,137,149,153,150,155,155,152,145,131,100,58,24,23,49,100,158,194,202,201,203,201,215,223,226,228,215,195,185,172,182,204,220,224,226,213,187,113,87,122,154,162,181,185,187,174,159,147,126,92,75,84,95,85,78,75,80,79,64,49,44,73,104,107,94,87,82,66,61,60,85,68,56,68,90,102,75,85,107,119,115,151,199,216,237,234,198,201,197,154,107,59,27,35,74,85,63,35,11,18,52,57,50,38,72,116,120,124,137,134,138,156,185,195,166,110,58,46,56,111,177,200,196,191,186,176,129,110,113,148,161,171,179,187,186,181,177,178,185,194,199,202,171,138,118,109,111,109,98,85,59,41,37,37,40,41,37,39,40,41,42,44,45,45,46,47,47,48,51,55,61,66,69,71,72,73,74,75,75,73,72,69,68,66,64,62,59,55,52,50,52,57,63,69,77,85,89,87,85,84,82,82,83,85,86,90,90,91,92,93,94,94,94,96,97,95,88,78,69,64,63,64,65,66,66,69,74,74,72,71,67,61,55,50,47,43,39,37,37,39,43,49,53,54,54,57,56,55,54,53,51,
19,23,29,35,40,45,50,53,55,56,59,61,61,59,56,54,48,45,43,41,41,38,33,29,26,20,16,14,13,9,8,9,8,8,7,7,7,8,9,9,10,10,11,13,16,19,22,24,22,23,25,28,30,33,34,35,34,30,25,21,19,20,20,21,23,23,25,28,30,33,41,48,48,48,51,57,65,68,67,64,58,59,61,65,71,80,89,96,92,95,98,98,96,92,89,88,91,90,92,94,96,100,109,119,128,145,142,117,93,80,83,95,109,133,132,146,145,145,114,109,115,117,123,126,133,151,164,160,168,167,178,189,183,163,132,104,102,94,89,101,127,150,156,151,156,158,157,151,135,102,58,25,24,40,88,154,199,208,204,204,198,215,222,221,222,218,215,218,199,195,203,214,213,206,195,181,152,100,100,128,143,162,170,162,147,133,121,110,98,94,94,88,81,80,74,75,80,68,50,44,69,101,103,93,84,82,61,55,50,60,62,62,68,87,100,84,93,100,110,110,158,211,208,211,218,211,208,150,69,42,53,70,96,161,159,109,77,33,11,39,111,138,118,97,103,106,112,118,149,166,174,183,186,173,125,53,33,55,118,183,203,199,188,173,158,128,117,124,155,164,181,188,195,196,195,191,187,185,184,185,188,175,157,131,104,96,98,94,83,58,40,34,32,35,36,31,35,36,37,38,39,40,41,41,41,41,43,47,52,59,65,69,75,75,77,79,80,80,78,76,70,69,68,68,67,64,60,57,55,56,58,63,69,76,83,87,83,83,82,83,84,85,85,84,86,88,90,92,94,96,97,97,95,97,98,95,88,79,71,67,67,68,67,67,71,77,79,78,72,68,61,54,50,48,43,38,32,31,31,34,40,45,48,48,49,49,48,47,47,46,
20,23,27,32,36,40,45,48,48,50,53,55,55,53,50,48,44,42,40,40,40,37,33,28,24,19,15,14,12,9,8,9,8,8,7,7,7,8,9,9,10,10,11,13,16,19,22,24,23,24,26,29,32,35,37,38,37,33,26,21,18,20,26,30,45,48,50,52,56,62,66,67,64,62,61,65,70,72,67,62,60,60,61,63,68,77,88,96,93,98,102,104,103,99,97,96,99,96,94,92,90,93,103,114,118,132,122,94,80,86,100,113,124,130,139,154,153,132,111,113,118,120,127,133,139,156,170,170,176,172,180,190,180,150,109,74,62,52,50,68,98,121,132,135,154,161,164,156,134,99,58,29,17,21,53,115,175,204,207,203,220,229,229,227,230,229,227,230,213,212,210,206,199,188,178,172,171,146,120,130,148,153,158,157,135,122,108,104,105,102,93,86,79,83,75,73,81,75,59,56,75,101,94,87,78,79,55,48,44,43,53,65,79,86,84,92,100,93,104,111,163,220,210,204,230,215,151,65,47,76,83,86,90,136,131,110,105,63,28,54,121,200,203,146,105,92,105,121,148,168,172,175,174,170,136,61,27,38,92,162,196,198,178,149,121,115,124,137,163,166,182,185,192,196,200,200,196,188,182,179,160,155,155,145,118,96,90,88,80,58,41,34,29,31,32,27,31,31,31,32,33,34,35,36,35,36,38,42,49,56,62,66,73,73,74,76,79,78,76,73,68,68,68,69,69,67,64,61,59,58,58,61,66,73,80,84,86,85,84,84,84,84,85,85,84,86,88,91,93,95,96,96,94,95,97,97,94,87,77,70,67,69,69,70,74,80,82,80,72,69,61,53,50,48,43,36,29,26,24,26,32,38,41,42,42,42,42,42,41,41,
21,23,27,31,34,38,42,45,42,44,48,50,50,48,46,44,42,40,38,39,39,37,32,28,23,18,14,13,12,9,8,9,8,8,7,7,7,8,9,9,10,10,11,13,16,19,22,24,24,25,27,30,33,36,38,40,39,35,27,20,16,20,29,37,42,51,59,65,73,82,82,76,78,74,71,73,76,76,69,63,56,56,54,52,54,61,70,78,92,97,103,106,104,101,98,97,97,94,89,83,78,81,95,109,112,119,103,82,89,114,129,133,138,129,146,156,155,116,111,120,128,123,126,135,146,163,173,169,172,178,185,180,165,139,91,41,29,30,41,64,87,106,124,139,156,164,166,151,122,84,48,24,8,15,38,80,132,174,196,203,213,216,208,193,184,177,179,189,189,190,178,163,159,160,158,159,145,168,142,141,163,155,158,172,151,137,119,112,108,96,85,87,78,85,77,71,81,78,67,67,82,102,89,85,80,86,60,53,50,46,54,65,89,86,65,84,95,85,106,119,172,233,231,231,233,203,113,49,86,105,64,53,76,97,103,116,119,66,39,82,127,212,237,191,111,40,52,109,137,146,147,165,175,177,156,93,44,30,64,136,187,194,162,119,100,111,132,149,169,163,175,173,187,190,196,199,197,191,186,184,147,127,129,152,156,135,105,83,79,58,42,34,28,29,30,25,27,27,27,27,28,29,30,31,33,34,36,40,46,53,59,63,67,67,68,71,73,73,69,66,66,66,67,68,69,67,64,62,60,58,57,58,64,72,79,83,87,86,84,82,81,82,83,84,85,86,88,90,91,92,92,92,96,95,96,97,96,90,81,73,67,69,71,72,76,81,82,80,74,71,62,54,50,49,43,35,27,23,20,21,27,34,38,38,38,38,38,38,38,38,
21,22,23,26,30,34,37,39,40,40,41,41,40,39,38,37,35,35,36,38,38,37,33,30,24,18,13,11,10,7,7,9,7,7,8,8,8,9,9,9,12,12,14,16,18,21,24,25,27,28,29,31,33,35,37,39,33,30,26,23,22,23,29,33,50,58,70,81,88,90,90,90,89,86,81,78,76,72,65,58,55,60,66,71,74,76,79,81,87,84,82,83,83,82,83,86,80,74,74,83,91,95,102,111,119,112,100,96,112,135,142,137,129,134,147,160,133,111,98,135,134,124,136,128,157,151,167,162,172,187,185,171,151,105,55,33,28,29,25,38,74,110,130,141,137,152,155,138,106,63,31,22,14,21,42,47,76,117,136,166,162,168,119,118,118,138,145,113,82,137,98,59,57,81,131,127,117,128,120,137,168,177,176,173,175,171,153,123,101,91,83,74,75,81,79,75,74,69,69,78,99,87,97,90,76,78,75,68,66,65,71,74,87,92,79,82,98,96,110,144,188,229,244,235,236,198,77,58,112,97,82,74,79,118,115,112,117,51,54,104,156,236,243,206,103,23,29,85,124,146,146,157,176,190,173,112,47,28,81,155,194,197,153,99,85,95,113,136,172,182,163,165,166,170,183,184,194,189,166,180,159,125,113,128,141,147,138,117,84,61,39,27,23,28,28,19,22,22,21,21,21,22,22,23,28,24,25,34,43,50,54,57,60,60,61,60,60,61,62,62,66,66,67,71,74,75,71,67,68,65,60,56,58,67,78,85,87,86,84,83,82,82,83,83,83,85,86,86,85,86,89,92,91,95,98,97,96,94,87,79,74,73,73,76,81,83,83,81,76,70,61,55,51,47,41,37,28,24,20,21,25,30,31,31,32,33,33,34,35,36,
23,23,25,27,30,33,36,37,37,38,38,38,38,37,35,35,35,35,37,39,39,37,33,30,24,18,12,11,10,7,7,9,7,7,8,8,9,9,10,10,12,13,14,16,19,22,25,26,23,25,27,30,33,36,37,38,41,37,30,26,25,31,40,47,54,61,71,78,81,80,79,79,84,81,77,74,74,77,79,81,84,85,86,87,86,85,85,84,77,75,76,79,78,74,72,73,79,83,91,101,113,122,124,123,106,101,108,128,141,139,133,132,115,138,164,153,114,102,110,141,118,135,146,133,146,161,171,161,192,186,175,162,135,88,46,28,20,31,28,28,60,104,129,137,135,144,140,119,86,47,21,17,15,29,39,34,46,66,73,83,61,75,64,66,63,76,64,47,63,104,53,26,39,36,52,49,65,100,116,136,164,180,195,199,194,190,170,136,105,88,78,70,71,79,78,73,71,68,70,80,94,83,93,88,77,81,78,74,78,77,82,82,93,98,88,94,109,102,114,146,186,221,234,228,237,197,75,82,137,116,102,106,127,105,120,137,88,61,96,121,190,243,253,196,85,40,47,88,141,156,156,159,166,186,180,123,58,55,119,182,201,193,148,95,73,85,107,131,169,184,168,167,161,162,172,176,190,190,169,178,166,132,116,132,154,159,143,121,93,66,40,25,20,25,27,18,19,19,18,18,17,18,18,19,22,20,23,33,42,48,50,53,52,52,52,54,57,58,58,57,68,69,71,75,77,77,73,69,67,66,63,59,58,64,75,84,84,84,84,83,83,82,82,82,83,84,85,85,84,85,87,89,89,94,96,96,96,95,89,82,75,74,74,77,81,84,83,82,78,71,62,55,51,47,42,38,25,21,18,19,23,26,27,26,26,26,27,27,28,28,
26,26,26,27,29,32,34,36,35,35,35,35,34,33,32,32,35,36,38,40,40,37,32,28,22,17,12,11,10,7,7,9,8,8,8,9,9,10,10,11,13,13,15,17,20,23,25,27,25,27,30,34,37,40,43,44,47,44,39,35,36,43,53,60,65,71,77,78,75,72,71,71,82,81,80,80,82,87,94,100,102,101,101,100,100,98,96,95,99,92,86,83,83,84,89,96,108,118,126,126,128,130,121,108,103,106,121,142,149,140,131,130,111,142,177,140,100,104,130,143,117,141,143,135,144,169,172,164,197,180,170,157,116,67,37,27,20,27,24,25,48,82,112,133,141,146,137,114,80,41,18,19,26,63,74,62,46,33,29,22,38,47,46,30,23,40,31,37,77,106,63,66,96,66,39,27,17,54,85,125,160,181,203,214,210,209,194,162,127,100,83,73,71,79,77,71,70,68,70,80,85,75,84,81,76,80,77,77,77,79,86,83,89,93,84,90,103,95,106,141,185,223,236,227,234,188,48,68,137,146,141,143,121,150,154,118,58,74,101,136,238,239,240,168,73,69,95,136,153,159,160,152,146,176,188,139,71,75,142,200,205,187,141,93,57,72,100,126,165,187,176,174,160,156,159,165,183,189,174,175,180,155,130,136,161,168,149,132,98,69,40,22,14,17,19,13,15,14,13,13,12,12,12,14,14,14,18,30,40,45,47,49,51,51,52,56,60,62,62,59,68,71,76,80,82,81,78,75,70,69,67,62,58,62,73,84,83,83,83,83,83,82,81,81,83,84,84,83,83,83,84,86,86,89,91,93,94,94,90,85,78,76,75,78,82,84,84,82,79,73,64,57,52,47,41,37,25,23,21,22,24,26,26,24,23,23,23,23,23,23,
27,27,27,27,29,31,34,35,33,33,33,33,32,31,31,30,35,36,38,41,40,36,30,26,21,15,11,11,10,7,7,8,8,8,9,9,10,11,11,12,12,13,14,16,19,22,24,26,27,28,30,33,37,42,46,49,47,48,48,49,51,56,62,67,72,77,81,81,79,79,83,87,88,89,92,97,100,101,103,106,105,104,103,104,103,101,97,94,92,86,81,81,85,91,101,110,118,127,133,130,125,119,112,104,112,128,142,143,142,142,134,124,123,144,175,130,103,120,150,141,130,138,134,132,154,168,170,170,180,171,173,158,106,59,38,29,28,21,19,31,44,53,85,128,144,148,142,122,86,41,17,20,33,84,100,101,86,60,49,27,27,41,27,2,6,34,47,57,101,97,53,63,94,78,64,51,9,17,37,94,148,176,199,207,201,204,198,178,146,113,86,71,74,79,75,68,70,70,70,75,77,70,77,76,75,79,74,77,71,78,88,84,86,86,75,81,89,85,95,128,180,230,240,218,207,176,28,24,78,126,144,146,147,134,86,50,63,91,118,208,252,247,216,124,47,67,112,142,154,153,157,139,125,168,196,159,91,80,141,202,204,175,128,89,44,63,99,126,161,189,187,185,168,158,151,155,172,183,176,169,185,181,153,134,148,158,145,134,99,72,46,27,13,12,13,10,11,11,10,9,8,8,8,9,8,8,12,24,35,41,46,50,55,57,61,65,68,69,70,70,69,73,80,85,88,88,86,84,78,74,67,62,60,64,75,86,86,85,84,83,82,82,81,81,84,84,84,83,82,82,82,83,82,83,85,88,90,91,89,87,82,80,78,79,82,84,83,81,78,74,68,62,55,48,40,35,29,28,27,28,30,30,29,27,26,26,26,25,24,24,
28,27,27,27,29,31,34,36,33,33,32,32,31,31,31,31,34,35,37,39,38,34,28,23,19,14,10,10,10,7,7,8,8,9,9,10,11,12,13,13,12,13,14,15,18,20,22,23,25,24,24,26,31,37,44,48,48,51,54,57,61,66,71,75,76,80,84,86,89,94,103,109,99,96,98,107,113,113,111,112,111,111,111,110,107,101,94,89,76,77,84,93,99,101,104,107,118,120,123,121,111,101,103,111,127,142,152,149,142,138,131,122,135,144,166,127,112,135,158,141,129,137,142,128,163,162,170,171,170,167,170,154,109,72,49,29,29,22,22,34,40,40,71,119,138,143,140,122,83,36,14,21,54,90,98,106,100,75,59,34,59,85,46,13,22,40,66,57,94,69,40,49,61,68,76,50,20,12,9,51,110,162,200,204,202,204,204,194,169,133,99,79,71,75,69,64,70,73,71,72,74,68,73,73,76,77,68,75,79,87,96,88,88,89,79,86,86,88,94,114,165,223,229,195,171,154,39,12,18,58,91,110,98,65,74,71,83,110,172,244,245,253,191,100,61,88,136,139,152,148,152,125,109,163,200,175,101,78,138,209,204,156,108,84,37,57,100,130,159,188,195,199,182,170,153,149,158,170,173,161,171,192,175,137,130,136,130,122,100,76,53,36,19,13,13,11,9,8,7,6,6,5,5,5,5,4,8,17,28,37,46,53,57,64,71,73,72,72,76,80,78,81,86,91,95,95,94,93,89,77,66,61,62,67,77,87,90,89,86,83,81,81,82,82,85,84,84,83,83,83,82,81,81,80,81,84,88,89,89,89,87,84,81,80,82,82,81,79,76,74,72,67,60,50,40,34,34,33,33,34,34,34,32,31,32,31,30,29,27,26,
29,28,27,27,28,31,34,36,34,33,32,31,31,31,31,31,33,34,35,36,35,31,25,20,17,13,10,10,10,7,7,8,9,9,10,11,12,13,14,14,13,14,14,15,17,18,20,21,24,23,23,24,28,34,41,45,52,54,57,62,67,75,82,88,91,92,93,94,97,100,105,108,102,94,91,98,104,106,107,110,112,115,118,118,115,110,106,104,108,106,107,110,111,109,109,111,116,115,117,117,109,104,114,131,145,139,138,140,135,127,129,138,141,148,157,126,117,144,157,143,118,144,157,129,164,160,170,168,176,170,163,148,122,92,59,30,23,28,28,28,31,40,70,106,137,143,142,125,85,37,23,39,85,107,117,119,106,86,92,107,164,180,108,45,40,44,84,81,90,65,60,74,73,85,90,48,26,26,12,17,56,130,197,209,208,208,211,207,185,145,107,86,66,72,67,63,70,76,73,72,71,66,69,69,76,73,60,69,82,89,96,85,85,90,84,92,86,92,94,102,142,200,216,190,163,114,43,35,23,36,51,75,87,48,66,81,123,182,245,248,255,209,129,102,119,124,154,153,149,144,142,105,94,154,192,178,91,67,135,215,203,139,91,80,36,50,96,131,157,186,199,208,196,186,164,154,150,158,170,155,151,182,183,151,129,128,123,113,97,69,45,31,17,11,11,8,7,7,6,5,4,4,5,5,3,1,4,11,21,32,43,53,59,68,76,78,74,74,81,89,91,90,91,94,99,101,100,98,94,79,65,61,62,66,74,83,91,89,87,84,82,82,82,83,84,83,82,83,83,83,81,79,81,79,78,82,85,87,89,91,93,89,84,81,81,79,77,74,71,72,72,69,63,53,44,38,38,38,38,38,38,38,37,36,37,36,34,32,30,29,
32,31,28,27,28,30,33,34,34,33,32,31,30,30,31,31,33,33,33,33,31,27,22,18,16,12,9,10,10,8,7,8,9,10,10,11,13,14,14,15,16,16,16,16,17,18,19,20,22,22,23,25,28,33,37,39,51,56,63,71,78,86,94,98,101,101,101,103,104,103,100,98,93,83,77,78,79,77,79,85,91,97,103,106,106,107,110,114,125,117,107,102,98,97,101,107,99,103,109,114,119,127,141,154,146,135,129,131,134,136,146,159,149,155,145,119,121,159,156,139,129,150,149,132,164,164,166,171,178,173,163,155,139,101,59,37,23,27,25,22,24,33,61,95,136,145,149,135,95,47,38,62,99,103,118,122,115,111,139,194,215,220,156,72,50,39,76,103,107,84,75,82,83,91,85,47,22,26,18,9,18,78,164,199,190,196,208,212,190,143,99,76,67,77,75,69,73,76,74,74,74,72,73,74,83,77,60,70,72,82,91,83,85,91,84,89,84,91,94,94,117,169,206,210,177,73,29,46,53,63,62,79,78,93,130,181,215,228,246,247,225,133,94,118,145,126,134,137,147,142,132,86,82,147,182,178,97,70,136,216,204,137,82,65,36,41,86,127,154,183,199,210,208,203,182,167,151,154,172,156,138,155,168,159,139,131,126,115,95,58,27,14,9,8,8,4,5,5,4,4,4,4,4,5,4,1,2,9,17,26,37,47,58,66,74,76,75,77,85,92,95,90,87,91,99,105,105,103,93,79,67,62,60,59,65,75,85,86,86,86,85,84,82,81,82,81,80,81,82,82,80,77,80,76,74,78,81,82,85,89,98,93,87,82,79,76,73,69,67,68,69,67,63,57,51,47,47,47,47,46,46,46,46,46,44,43,41,39,36,34,
34,32,30,28,27,29,31,33,33,33,31,30,30,30,30,31,32,32,31,30,29,25,20,16,15,11,9,10,10,8,7,8,9,10,11,12,13,14,15,15,18,17,17,17,17,18,19,19,16,17,19,22,26,28,30,32,47,55,68,81,91,97,100,102,96,97,101,106,111,110,104,99,83,74,68,65,58,49,48,55,66,72,80,82,83,86,95,103,102,97,92,91,91,91,94,99,101,109,113,112,118,130,137,137,130,136,139,140,149,164,168,164,159,162,133,111,126,177,158,132,155,150,125,133,167,170,159,178,169,173,172,170,151,99,54,48,30,20,14,20,22,20,46,90,126,139,150,141,100,51,43,69,108,77,75,79,88,92,107,161,228,238,212,128,86,44,46,83,119,108,102,112,118,103,66,26,19,14,14,17,6,35,121,180,178,193,217,230,206,154,105,80,72,86,87,77,75,75,74,76,85,84,85,86,97,89,70,81,65,79,94,91,96,100,88,88,87,92,95,92,100,143,198,229,184,53,23,39,55,78,85,104,149,201,219,241,243,253,244,183,123,77,122,147,144,134,140,135,150,145,129,77,80,148,181,184,129,91,143,216,208,143,76,44,36,33,76,123,153,182,198,208,215,215,197,180,156,156,177,159,131,128,144,155,142,131,128,119,98,54,15,3,5,10,10,4,4,4,3,3,3,4,4,5,4,2,3,8,14,22,32,41,54,59,66,69,71,75,83,89,91,84,80,85,96,106,108,106,89,78,69,64,59,54,58,68,79,82,85,88,88,86,82,80,81,79,79,80,81,81,79,76,78,72,70,74,77,78,81,85,101,96,88,82,78,74,70,66,65,66,66,65,62,59,56,55,56,56,56,55,54,54,55,57,52,51,48,46,43,40,
35,32,29,28,29,30,30,30,32,32,32,32,32,31,31,31,29,29,30,29,27,23,18,16,11,12,12,11,9,8,9,10,12,13,13,14,15,15,16,16,19,18,17,16,16,15,14,14,16,14,14,16,18,22,34,47,57,68,81,90,93,95,99,103,105,111,114,110,104,103,101,98,83,72,63,61,62,59,57,57,59,58,58,61,66,70,71,71,74,75,72,67,69,78,87,90,98,106,114,120,133,146,148,140,131,136,146,159,172,176,165,152,144,165,123,103,160,178,143,133,157,147,130,145,159,167,144,164,162,171,169,173,164,131,85,37,32,26,23,20,30,33,41,78,125,134,145,145,99,57,76,104,106,79,38,22,22,13,38,95,208,244,235,183,130,80,53,61,83,104,113,108,92,54,23,21,15,23,21,19,11,20,42,131,198,226,226,238,226,160,110,90,79,87,86,77,74,77,72,61,71,76,79,78,80,82,75,65,77,87,95,97,96,95,93,90,88,86,89,95,100,120,170,218,181,52,13,48,63,82,159,200,237,242,253,247,245,236,173,107,55,98,131,131,125,131,136,133,132,134,119,67,64,136,182,180,111,88,156,224,214,146,68,41,46,35,68,117,144,175,203,202,212,215,212,197,174,157,154,157,147,124,117,131,140,136,121,104,78,45,16,4,1,5,9,6,4,4,4,4,4,4,4,4,3,4,5,7,11,19,28,34,45,52,57,61,69,79,83,83,83,82,79,80,91,105,107,100,81,77,68,59,53,51,54,59,71,75,82,86,87,85,82,81,75,77,79,82,83,81,78,75,75,70,72,68,68,70,75,102,116,115,97,77,72,71,66,63,63,63,62,61,61,61,61,62,60,59,58,59,61,62,60,58,55,54,51,48,45,43,
36,34,31,30,31,32,32,32,31,31,31,30,30,30,30,30,27,27,28,27,24,21,17,14,11,12,12,11,10,9,10,11,12,12,13,14,15,16,16,17,16,16,17,17,18,18,18,18,16,13,12,15,18,24,36,47,65,72,83,95,103,105,102,100,108,112,112,106,100,96,91,86,82,76,72,76,80,80,78,78,66,61,54,51,50,52,53,53,52,60,68,71,74,83,92,97,119,120,124,130,136,139,140,141,148,153,160,167,174,173,163,152,138,144,113,122,177,165,126,143,160,142,138,151,144,151,140,151,156,167,167,174,171,142,99,50,36,27,24,22,29,33,45,85,118,138,152,147,108,81,102,121,104,67,18,5,14,11,16,46,114,201,251,224,177,136,97,70,52,60,66,68,64,47,32,30,35,21,8,12,11,18,35,110,200,232,230,228,214,162,117,93,75,76,71,63,64,71,74,71,80,81,82,81,80,77,69,61,63,74,86,94,96,95,88,81,76,88,94,84,78,101,150,192,167,51,23,42,64,74,182,247,248,244,242,215,175,131,88,76,87,120,143,140,134,141,143,137,135,140,120,53,37,112,177,193,144,107,176,239,221,142,72,48,43,40,56,99,143,168,188,208,206,212,214,207,193,177,162,154,147,128,117,119,123,128,126,116,74,40,12,1,0,3,7,5,4,4,4,4,4,4,4,4,4,4,4,6,9,16,24,30,38,45,52,56,62,71,78,79,77,73,69,70,79,86,85,81,74,71,65,56,49,45,47,51,58,63,70,75,77,78,78,78,75,76,77,79,79,78,76,74,72,68,69,64,63,65,72,101,126,122,101,77,70,69,64,62,62,61,61,61,61,61,62,62,64,62,62,63,65,65,64,62,60,58,56,52,49,47,
37,34,31,30,31,32,32,32,29,29,29,29,28,28,28,28,25,25,25,24,21,18,15,13,11,12,13,12,11,10,11,12,12,12,13,14,15,16,17,18,17,18,18,18,17,16,14,13,16,13,12,17,22,31,41,49,66,75,88,99,105,106,105,104,104,105,104,101,98,94,88,82,77,77,80,86,90,88,84,82,77,71,63,57,53,51,49,49,55,69,83,90,95,103,113,120,122,118,122,134,139,138,143,153,159,168,177,180,179,172,159,148,124,113,105,147,187,146,116,158,163,135,135,137,109,113,118,127,156,169,170,177,176,151,110,60,38,25,21,19,21,23,37,78,116,146,164,158,126,111,129,134,115,72,20,7,19,16,7,16,32,132,226,243,216,192,162,126,105,92,86,86,81,76,72,64,40,26,11,14,16,20,24,67,161,205,216,211,198,161,120,90,83,76,67,62,62,66,71,73,83,81,82,85,86,82,76,72,60,70,82,92,98,100,94,86,78,86,91,84,76,88,123,158,138,41,16,19,49,49,171,250,254,236,188,116,73,59,60,87,107,136,156,150,139,140,139,134,128,120,94,33,27,110,181,202,145,93,161,227,228,170,109,65,36,45,49,86,145,163,172,206,191,207,221,218,204,186,170,158,147,132,123,119,119,125,127,121,89,52,20,6,1,2,4,1,4,4,4,4,4,4,4,4,4,4,4,4,7,11,18,22,28,36,44,49,54,62,70,74,74,66,61,63,68,68,66,65,64,65,62,54,44,39,40,42,45,48,54,59,63,66,69,71,78,78,79,80,79,78,77,76,72,68,68,61,58,60,70,101,134,125,99,73,65,64,61,61,59,59,59,59,60,62,63,64,66,65,65,67,68,68,67,66,64,62,60,57,54,51,
37,34,31,29,29,29,29,29,28,28,28,28,28,27,27,27,24,24,23,22,19,17,14,13,12,13,14,13,11,10,11,12,12,12,13,15,16,17,18,19,19,19,19,19,18,16,14,13,16,15,17,22,33,44,54,60,78,88,98,102,99,99,104,111,103,102,100,99,98,94,86,79,68,72,77,78,75,70,69,69,86,84,82,79,75,71,67,65,74,82,92,97,99,105,114,121,114,112,119,132,141,145,153,162,156,168,181,183,175,162,145,133,113,95,116,170,178,138,137,180,180,149,135,116,87,85,99,122,151,170,174,180,179,159,124,78,48,29,27,26,21,19,34,74,115,146,164,160,130,116,130,130,116,86,53,47,50,31,14,18,26,58,138,216,245,244,223,190,173,145,125,109,87,73,62,44,32,33,25,23,28,27,18,27,88,145,188,200,190,156,114,85,90,81,74,74,74,71,72,76,87,83,85,93,97,92,87,88,72,79,86,91,97,103,104,102,93,77,77,92,95,88,101,127,118,47,14,11,44,50,162,233,232,198,134,78,76,87,86,105,123,140,153,152,148,140,120,98,86,74,59,24,34,112,178,200,150,95,163,222,227,184,128,68,34,49,59,93,145,167,173,192,191,204,216,217,210,199,183,170,154,136,129,134,134,132,127,119,103,62,26,10,3,1,3,1,4,4,4,4,4,4,4,4,4,4,4,3,4,7,12,15,20,28,37,43,47,54,63,71,72,62,55,57,58,55,55,58,55,59,59,54,44,38,38,41,36,38,42,46,50,54,58,61,74,77,81,82,81,79,77,75,73,68,68,60,57,59,69,102,132,120,91,65,58,57,56,59,56,56,57,58,60,62,64,65,66,66,67,68,69,69,69,69,66,65,62,59,56,54,
39,36,32,29,28,27,26,26,28,28,28,27,27,27,27,27,24,23,22,20,18,16,14,13,14,15,15,14,12,10,11,11,13,13,14,15,16,18,18,19,16,17,18,20,21,21,20,20,16,19,27,37,51,64,74,78,99,101,101,100,98,100,106,111,110,106,102,100,97,89,78,70,61,64,64,58,52,55,66,75,94,95,96,95,93,90,88,86,95,98,101,103,104,104,107,110,113,117,124,132,141,150,155,157,161,170,176,172,160,144,127,115,109,98,141,181,160,149,178,198,176,153,126,90,75,65,76,115,140,165,174,180,182,172,148,107,63,38,38,41,34,32,50,88,119,139,152,150,122,105,121,129,130,113,105,114,107,75,54,58,55,25,66,161,222,248,254,248,231,208,195,184,162,148,136,118,77,62,35,32,51,38,18,13,34,93,161,190,179,143,101,82,83,77,76,81,82,78,80,86,93,89,91,100,104,98,94,94,87,91,94,93,95,100,105,106,100,81,76,93,100,92,96,111,100,58,16,12,33,59,169,238,234,177,119,104,125,120,102,124,144,145,145,148,148,129,83,40,30,31,42,29,38,104,169,202,160,107,177,241,232,181,129,87,43,51,76,107,138,171,187,181,202,203,205,210,214,211,199,187,169,138,124,135,140,135,127,119,98,55,18,6,1,2,5,5,4,4,4,4,4,4,4,4,4,4,4,3,2,4,7,10,15,22,31,37,41,47,58,67,70,59,50,49,46,43,44,49,50,54,56,53,46,40,40,41,35,36,38,40,41,44,48,51,65,71,79,83,83,79,76,74,74,69,68,61,58,59,69,100,128,114,83,57,51,50,49,53,52,53,54,56,58,61,63,64,65,66,68,69,70,70,70,71,68,67,65,62,60,58,
40,37,33,30,28,27,26,25,27,27,27,27,26,26,26,26,24,23,21,19,17,15,15,14,15,16,16,15,13,11,12,12,14,15,15,16,17,17,18,18,17,17,17,18,18,19,19,19,24,34,45,58,71,83,90,92,98,93,89,94,105,112,113,110,107,102,98,97,92,82,70,63,54,53,48,41,41,57,79,95,100,100,100,99,98,98,100,102,109,109,111,114,112,108,106,107,109,117,125,130,137,146,153,156,181,179,171,157,144,132,120,110,107,114,155,173,152,167,201,199,159,144,118,79,72,55,64,107,138,164,173,178,184,183,166,129,73,38,36,42,36,39,64,104,137,147,153,150,121,105,128,145,154,138,134,141,135,117,110,116,130,50,19,72,148,216,249,245,252,245,246,249,245,239,231,222,184,129,52,39,75,47,18,14,18,62,131,162,150,119,85,77,80,77,76,78,77,75,80,89,88,89,93,102,107,106,102,100,98,100,101,99,100,103,104,103,100,101,98,93,92,96,103,107,88,70,32,21,17,45,172,250,240,190,138,112,117,116,109,130,135,140,141,130,108,75,37,8,13,20,39,36,53,122,184,211,171,97,147,239,244,193,122,89,56,53,84,114,128,168,198,183,192,199,210,212,203,192,194,203,180,142,117,120,126,126,123,116,89,46,13,4,2,2,4,4,4,4,4,4,4,4,4,4,3,4,4,3,2,3,5,7,11,15,22,30,35,41,50,59,69,60,51,44,39,36,38,40,45,47,49,48,44,41,40,41,37,37,37,37,36,38,41,45,58,66,78,85,86,82,80,78,74,68,67,62,61,61,67,95,122,107,77,54,48,45,43,46,47,48,49,52,54,57,60,61,64,66,68,70,70,70,71,72,69,68,67,65,63,62,
37,35,31,28,27,27,27,26,25,25,25,25,25,24,24,24,24,22,20,17,15,14,14,14,13,14,15,15,14,13,14,15,16,16,16,17,17,17,17,17,19,19,19,20,22,25,28,29,45,58,72,82,88,93,94,92,86,88,93,104,115,118,114,108,100,95,92,90,83,71,59,54,42,40,36,33,42,61,79,88,88,90,93,95,96,99,104,107,103,103,104,104,101,97,99,105,108,115,126,136,139,143,157,173,184,174,158,142,134,129,122,114,111,135,155,158,166,188,197,188,168,147,136,99,81,64,82,116,136,160,165,170,183,192,179,140,90,43,31,33,27,35,68,110,147,160,164,155,123,106,128,143,140,139,142,141,134,135,142,145,134,114,99,83,75,111,171,207,206,211,219,234,249,252,248,251,253,192,77,34,79,53,21,10,15,43,99,120,113,101,79,76,82,84,85,81,74,71,76,83,85,90,97,103,109,111,107,100,100,99,96,98,105,112,111,105,103,112,112,101,93,96,100,100,89,79,62,49,30,31,169,250,218,187,154,120,111,115,108,109,102,111,110,87,51,24,12,10,36,52,67,51,67,146,202,214,187,99,113,216,244,215,111,56,59,50,81,116,128,159,193,191,188,197,213,217,197,172,173,191,191,164,139,126,123,127,123,109,76,36,8,5,6,4,4,2,4,4,4,4,4,4,4,4,4,5,5,4,3,3,5,6,6,7,12,21,28,34,42,50,62,60,53,43,37,37,37,36,40,40,40,39,39,38,37,36,36,36,36,35,34,35,38,40,50,60,72,81,83,82,80,80,75,69,69,64,65,66,68,92,111,97,70,50,47,43,39,42,42,43,44,47,49,52,55,56,61,64,66,68,67,68,70,71,68,67,66,64,63,63,
33,31,27,26,26,26,26,26,24,24,24,23,23,23,23,23,23,21,19,16,14,13,13,14,11,13,14,15,15,15,17,18,17,17,17,17,17,17,17,17,16,18,21,27,35,44,51,55,66,80,93,98,97,94,90,84,87,101,119,127,123,114,107,104,101,96,91,86,74,57,44,39,30,29,28,33,45,60,64,61,64,71,81,89,94,98,101,104,104,102,100,97,91,90,101,113,118,121,134,148,146,143,163,191,167,156,140,129,127,127,121,113,120,155,154,153,190,207,189,182,177,146,147,112,79,63,94,118,127,149,152,161,183,200,190,151,115,58,37,33,23,34,70,115,140,160,166,153,116,96,111,117,114,141,167,166,154,158,162,154,145,144,143,131,111,102,95,83,89,107,126,161,207,231,241,253,248,213,90,20,68,58,28,5,14,31,78,92,92,97,84,82,80,88,94,89,80,76,79,83,92,99,104,106,109,111,103,92,96,89,83,87,103,116,117,110,107,106,108,109,102,91,85,85,76,66,72,64,48,20,158,231,224,172,141,127,120,115,107,114,86,78,62,41,24,16,14,16,57,94,114,71,64,139,200,210,174,105,106,200,238,239,126,54,54,46,75,116,134,152,181,195,208,197,202,217,211,181,161,159,202,193,176,152,138,140,130,105,55,19,1,3,9,9,7,5,4,4,4,4,4,4,4,4,4,5,5,5,4,3,5,6,2,2,6,14,23,28,35,43,50,53,50,40,34,36,36,33,37,34,32,32,33,34,32,30,34,35,35,34,33,34,37,39,40,50,62,71,75,75,76,77,78,70,70,68,70,70,70,92,100,87,63,47,46,43,39,42,39,40,41,43,46,49,51,53,58,60,64,65,64,65,67,69,65,64,63,62,62,62,
35,32,28,26,25,26,26,26,26,25,23,23,23,23,21,20,21,19,17,15,14,14,14,14,13,13,14,15,16,17,18,18,19,18,16,15,16,16,16,16,15,24,36,45,54,64,76,83,94,98,99,94,91,94,100,103,117,121,121,116,111,108,101,94,98,93,82,70,63,58,47,37,30,23,18,24,41,55,57,53,64,73,85,94,99,101,103,102,95,93,89,84,85,93,104,111,113,126,133,133,143,162,173,172,153,137,136,133,123,132,138,120,129,138,160,185,192,205,187,188,176,185,154,131,83,63,78,126,123,122,137,156,175,199,199,172,124,70,36,35,36,48,89,130,154,160,166,145,94,54,64,99,114,132,139,143,155,155,152,162,148,133,140,162,150,133,132,112,92,95,112,132,154,182,242,241,239,215,119,37,48,36,18,4,14,38,61,67,71,78,81,77,73,73,74,78,82,85,85,84,87,96,103,102,99,101,104,105,90,89,91,93,101,116,120,107,96,103,107,106,105,103,94,83,80,66,59,65,54,26,117,216,196,179,158,141,127,118,119,126,110,94,72,53,42,42,52,64,112,140,153,105,96,161,204,218,184,110,111,189,240,239,165,54,48,48,72,116,148,159,172,190,201,207,205,208,215,195,167,160,176,184,195,179,152,156,149,112,52,13,2,4,2,8,15,2,7,6,4,5,6,6,4,2,4,5,5,5,6,5,5,4,3,5,9,14,21,28,34,37,43,46,46,41,37,38,40,39,38,38,35,31,26,25,28,30,31,32,34,37,38,39,39,39,41,41,46,53,60,65,73,81,81,76,72,69,66,66,71,78,94,75,55,46,45,44,41,39,39,40,40,41,44,47,49,51,56,58,60,62,64,65,65,65,64,64,64,65,64,64,
36,33,29,27,26,27,27,26,26,24,23,23,23,23,21,20,20,19,17,15,14,14,14,14,13,14,14,15,17,18,18,19,20,18,17,16,17,17,16,16,16,28,44,55,62,71,83,91,99,100,97,91,90,97,107,112,121,124,120,109,100,99,103,105,98,89,75,63,58,58,53,46,29,31,38,52,68,75,71,63,66,77,88,93,95,98,99,98,83,83,84,85,88,94,102,106,103,116,131,142,151,160,162,158,141,135,136,134,130,140,140,121,131,156,180,192,192,209,191,187,192,188,167,146,99,66,78,119,118,120,131,153,183,209,206,183,138,81,45,42,43,64,113,151,159,160,159,136,85,39,37,61,79,108,133,146,159,169,170,169,170,149,148,170,160,144,144,129,132,132,127,124,146,181,239,242,249,214,148,51,31,28,16,12,33,52,65,65,66,72,74,70,70,73,75,76,75,75,78,81,82,90,95,94,92,93,93,92,92,88,90,91,94,107,117,115,103,106,109,109,108,105,97,90,86,77,76,82,68,43,96,170,174,165,154,143,131,122,122,128,131,125,118,116,117,125,140,153,167,180,179,132,124,180,215,224,204,133,134,208,252,246,178,70,37,50,80,122,157,175,181,183,192,205,208,211,217,203,175,162,160,169,190,191,169,158,137,99,58,28,20,21,11,12,16,6,13,11,8,8,8,7,4,2,3,4,5,5,5,5,4,4,3,5,8,14,20,27,32,35,38,41,41,37,35,37,38,38,33,32,30,26,23,23,26,29,33,34,35,38,39,40,40,39,37,36,38,41,47,54,65,75,82,81,79,74,69,68,71,74,80,65,49,43,43,43,42,41,39,39,39,40,42,45,47,49,53,54,56,59,61,63,63,64,63,64,64,64,64,64,
37,34,31,28,28,28,28,27,25,24,22,22,22,22,21,19,19,18,16,15,14,14,14,14,14,14,15,16,17,18,19,19,20,19,17,17,17,17,17,17,16,25,39,50,58,69,85,98,100,100,96,92,94,105,117,123,122,111,98,93,99,105,103,96,87,81,71,64,61,58,48,39,27,34,48,62,69,62,48,36,39,58,77,85,90,96,96,91,85,85,87,89,92,95,99,102,113,123,135,145,153,159,161,161,137,138,136,134,138,145,141,129,141,177,196,192,186,209,195,191,200,178,175,159,118,66,74,103,90,98,110,139,187,218,215,200,158,93,52,43,42,73,128,159,164,160,154,132,83,33,18,27,47,95,143,150,137,141,156,161,170,150,146,165,160,148,151,139,137,141,125,106,134,172,224,237,246,211,173,66,20,22,16,24,51,61,66,63,64,73,77,74,75,80,85,84,80,80,86,93,90,94,97,97,96,94,90,85,84,83,93,104,104,108,117,121,114,112,113,114,113,106,100,97,102,91,85,81,66,63,83,136,160,161,160,155,146,138,137,140,153,150,148,149,153,160,173,185,189,188,179,147,145,188,211,212,201,135,136,212,254,251,197,97,36,54,83,118,160,190,194,183,180,196,205,211,221,214,190,172,156,154,173,191,186,168,132,87,59,43,45,49,38,33,33,23,25,23,20,18,15,11,7,4,3,3,4,4,5,4,4,4,3,5,9,13,19,25,29,32,32,35,35,32,32,34,35,34,27,26,24,21,21,24,27,30,34,36,37,39,40,40,40,40,33,31,30,31,34,40,54,66,79,86,88,81,75,73,72,68,67,56,47,44,43,42,41,42,39,38,38,39,40,42,44,45,48,49,52,55,58,60,62,62,63,63,64,64,64,64,
38,35,32,30,29,29,28,27,25,24,22,22,22,22,20,19,18,17,15,14,13,13,14,15,15,15,16,17,18,19,20,20,20,18,17,16,17,17,16,16,16,20,27,34,43,58,78,94,94,97,99,100,105,114,122,125,111,100,91,95,106,109,98,83,83,77,69,64,62,56,44,34,27,32,41,48,44,31,19,12,34,60,87,99,104,108,104,94,86,84,85,88,91,94,98,103,123,137,148,149,151,159,163,160,144,142,135,137,145,144,141,144,156,183,188,178,177,200,190,195,197,160,177,168,137,72,72,88,62,81,97,132,187,218,215,209,174,103,54,39,36,69,121,144,163,159,156,139,95,43,18,19,28,70,124,134,108,106,128,140,159,152,145,151,145,140,144,129,108,123,117,101,131,155,194,220,233,214,174,72,31,30,30,42,57,62,61,57,61,72,77,75,75,81,88,89,88,90,96,103,105,105,105,105,105,102,94,88,85,82,97,116,119,118,125,132,125,119,117,119,115,105,98,98,105,97,88,76,63,82,83,120,153,159,164,162,156,151,149,148,148,147,147,151,157,168,186,200,215,211,207,195,199,224,235,228,191,126,122,203,250,251,211,118,54,62,76,105,152,194,205,196,180,185,193,206,221,221,203,186,174,157,155,171,183,178,143,97,57,48,54,64,61,58,54,43,40,39,37,34,27,19,11,5,3,4,4,4,4,4,4,4,5,7,10,14,19,23,27,28,28,30,30,28,27,30,30,28,22,21,20,20,22,25,30,33,36,37,39,39,40,40,39,39,34,31,29,28,28,32,44,57,72,86,93,88,83,81,74,64,63,56,50,47,45,42,40,41,38,38,37,37,38,40,41,42,44,46,48,52,55,58,61,62,62,63,63,64,65,65,
37,35,32,31,30,30,29,28,27,25,23,22,22,21,19,18,17,16,14,13,13,13,14,15,15,16,17,18,19,20,21,21,20,18,16,16,16,17,16,16,19,17,18,24,32,43,61,76,88,97,107,112,116,118,118,116,103,107,111,112,106,96,88,83,85,79,71,67,64,59,52,46,33,33,35,38,35,29,29,33,46,67,87,92,90,87,77,67,71,72,77,85,89,92,98,106,119,144,159,155,152,159,155,143,144,136,134,147,153,143,141,156,171,178,171,171,178,192,179,198,194,154,183,177,159,89,73,78,60,84,107,142,191,215,213,212,185,114,60,41,39,67,110,131,158,158,159,147,107,56,25,19,14,32,76,109,109,112,127,133,145,153,140,125,112,113,119,103,97,116,127,118,141,141,162,200,222,223,156,66,53,46,52,62,60,61,58,54,59,68,72,70,70,74,79,83,87,91,96,99,113,109,106,107,108,105,97,90,95,87,99,122,128,125,131,138,131,124,121,122,116,105,97,97,94,100,101,90,78,95,83,102,139,149,156,155,152,152,151,148,148,150,154,160,167,178,194,208,216,215,215,218,220,228,233,223,204,134,119,200,249,251,221,129,77,70,73,100,148,190,209,211,195,184,184,200,217,220,209,194,192,174,154,148,159,170,156,129,73,59,52,57,63,65,59,50,50,51,50,45,36,23,12,5,5,5,4,4,4,4,4,5,7,8,11,15,18,21,24,25,25,27,26,24,23,25,24,21,17,16,17,18,23,28,32,35,38,39,40,40,40,39,38,37,36,33,32,31,29,30,37,46,63,79,91,92,90,89,80,67,62,56,52,50,47,42,40,41,38,38,37,37,37,38,40,41,43,44,47,50,54,58,61,63,62,63,64,65,66,66,
37,35,33,32,33,33,32,31,29,27,25,24,23,21,19,17,16,15,14,13,13,13,14,15,16,17,17,18,19,21,21,22,20,19,17,16,17,17,17,16,17,15,16,21,24,29,41,54,85,99,114,120,119,116,111,106,115,115,114,110,101,88,81,79,81,81,82,84,79,68,56,50,41,37,35,38,39,42,54,67,80,88,94,92,88,82,75,70,70,73,81,90,91,90,97,107,129,147,156,150,148,155,150,137,135,128,139,159,159,145,146,161,187,180,168,180,191,190,173,206,192,159,190,183,173,108,71,66,62,87,118,154,192,214,218,217,192,131,74,54,53,68,102,132,151,154,159,151,115,62,26,14,12,25,65,108,123,123,130,139,136,153,140,118,107,110,119,106,105,117,135,130,146,136,147,186,209,216,139,56,61,57,64,70,62,62,61,60,66,75,79,78,78,77,77,81,87,93,97,99,114,108,103,104,106,103,98,94,93,88,106,134,140,131,124,121,130,127,125,124,119,110,101,97,96,112,116,103,91,93,85,94,123,139,152,152,151,154,155,151,157,163,172,180,182,183,190,198,209,213,215,227,228,229,237,228,211,140,117,200,251,253,229,138,84,77,82,111,150,185,207,217,215,197,190,199,209,217,209,190,185,181,162,139,133,141,147,146,106,86,62,52,56,59,55,50,52,53,52,46,35,22,11,5,7,6,5,5,5,5,5,6,8,9,11,14,17,19,20,21,22,23,22,19,19,20,18,14,13,14,15,19,25,31,35,36,42,43,43,42,41,39,37,36,36,34,34,36,35,33,34,38,52,64,77,85,91,94,86,76,61,55,50,49,47,44,42,42,38,38,37,37,37,39,40,41,42,43,46,49,53,58,61,63,63,63,65,66,67,68,
38,36,35,35,36,36,35,34,32,30,27,25,23,21,18,16,15,14,13,12,12,13,14,15,17,17,18,19,20,21,22,22,22,20,19,18,19,19,18,17,14,15,20,24,22,22,36,53,84,99,114,118,115,112,110,109,120,111,102,100,97,91,86,85,91,91,93,91,79,61,47,42,42,38,39,43,46,48,58,71,75,74,75,78,80,78,79,81,87,88,92,94,91,90,102,119,143,142,142,145,150,151,144,137,132,131,150,165,155,150,158,163,194,184,169,182,189,178,163,211,190,170,197,187,183,127,70,60,68,86,122,160,189,212,223,220,198,149,92,65,60,57,83,130,146,149,156,153,122,72,31,13,14,36,68,102,120,118,118,130,134,153,149,143,139,135,137,130,113,115,131,122,139,138,142,168,193,191,143,64,62,68,67,68,69,69,68,69,74,82,88,89,89,84,80,80,87,96,103,107,112,104,98,99,101,99,98,98,90,89,110,136,140,129,119,112,124,127,129,127,124,119,110,102,104,122,122,108,99,83,90,94,104,131,153,154,148,149,151,148,148,158,174,186,189,188,191,196,191,200,206,224,226,224,234,224,195,127,105,194,247,250,232,142,73,82,99,124,151,179,202,216,224,215,209,202,203,217,211,181,158,164,158,140,123,111,112,123,121,105,78,60,57,56,51,51,50,50,47,40,29,19,11,7,8,8,7,6,5,6,6,7,7,8,10,12,14,16,17,17,19,19,17,16,15,16,13,9,12,13,16,22,30,35,38,38,47,47,47,45,43,40,37,36,37,36,36,41,42,39,37,36,39,44,54,68,83,90,88,84,65,57,50,49,48,45,43,43,39,38,38,38,38,40,41,42,42,43,45,48,52,57,60,63,63,64,66,67,68,69,
38,37,36,37,38,39,38,37,34,31,28,26,23,21,18,15,14,13,13,12,12,13,14,15,17,17,18,19,20,21,22,23,24,22,20,20,20,21,20,19,17,21,27,29,24,25,46,71,81,96,110,112,110,110,114,118,107,107,106,102,94,90,98,110,118,108,93,75,55,40,37,42,40,38,42,51,53,51,57,66,71,66,69,80,89,90,93,100,96,93,92,90,86,90,113,137,139,128,131,151,162,150,132,123,138,140,161,166,148,153,169,166,191,182,163,170,171,158,149,207,191,180,203,192,191,143,74,61,82,93,128,164,186,209,223,215,201,161,102,69,57,41,62,120,142,145,153,154,130,84,41,19,10,29,46,74,109,117,109,111,117,136,141,151,152,135,126,119,121,114,126,112,131,138,137,147,182,171,159,84,67,83,72,67,79,78,74,71,73,78,82,83,88,83,76,74,80,91,103,111,106,98,91,92,94,94,95,98,101,95,104,120,123,122,124,125,119,126,130,129,128,127,119,108,99,120,123,115,110,79,92,89,83,119,149,149,138,135,136,134,138,147,161,170,170,165,166,170,191,204,212,233,234,227,234,219,180,116,96,188,241,242,227,139,61,84,111,130,148,173,199,214,224,228,224,206,200,220,215,175,135,142,145,142,125,95,80,87,111,106,87,69,62,55,49,52,49,47,43,34,24,16,12,11,9,9,7,6,6,6,7,7,6,7,9,11,12,14,14,14,15,16,14,13,14,14,11,7,13,14,19,26,34,40,42,41,51,50,49,47,44,41,39,37,38,36,37,43,47,45,40,38,29,28,35,53,73,84,87,87,71,61,52,50,49,46,43,42,39,39,38,38,39,40,42,43,42,42,44,47,51,56,60,62,64,65,66,68,69,70,
38,38,39,39,39,40,40,40,36,34,31,28,26,23,20,18,15,14,12,12,12,13,14,14,16,18,20,22,23,23,22,21,22,24,25,24,23,22,22,23,24,29,29,24,24,32,47,58,80,91,105,115,117,115,113,113,111,109,109,112,115,118,124,131,117,107,83,57,54,64,61,47,34,45,47,41,46,63,72,69,79,88,96,100,106,112,114,111,98,98,96,92,94,106,121,131,120,129,143,153,152,141,129,122,139,158,161,164,148,164,169,180,195,176,162,149,168,162,146,205,197,173,216,218,201,162,73,57,99,83,109,163,183,218,220,222,214,166,110,65,46,38,58,115,142,138,147,153,133,97,62,36,20,18,26,46,59,57,50,47,63,75,104,134,146,137,127,125,123,129,117,104,113,132,140,141,171,171,144,103,79,72,67,66,77,74,73,77,79,78,77,77,83,87,89,88,90,95,98,99,98,90,89,95,95,94,107,125,119,119,117,116,119,125,126,124,126,125,138,128,124,129,113,114,106,100,104,113,110,97,92,97,79,94,130,151,144,139,140,130,133,141,140,128,138,140,113,104,159,213,236,239,238,228,224,220,182,107,131,175,237,253,228,133,77,69,116,146,153,174,190,209,214,224,229,218,212,218,211,187,140,118,131,149,126,97,81,65,58,91,104,79,54,53,56,52,44,40,34,26,19,15,12,11,10,10,11,12,12,12,12,12,13,10,9,11,11,11,13,17,16,16,15,13,12,12,12,12,14,18,24,32,39,45,49,51,57,56,55,52,48,44,41,39,40,42,45,48,49,48,46,45,39,34,30,35,48,64,76,82,70,62,54,50,50,50,47,44,42,39,36,37,41,44,44,44,48,43,43,48,53,55,58,63,62,65,69,72,72,71,
39,40,41,43,43,43,42,42,38,35,31,28,25,22,19,17,15,14,13,12,12,13,14,14,18,19,21,23,24,25,24,23,25,26,28,28,28,30,32,35,35,35,32,29,35,49,67,78,84,93,105,113,115,113,111,111,114,119,120,116,115,117,116,111,100,79,64,65,64,53,45,45,53,47,54,75,88,84,77,75,86,94,100,101,100,100,98,94,95,96,98,99,98,97,100,103,118,129,147,157,146,126,120,127,141,161,165,166,151,165,175,188,185,161,151,143,161,167,162,213,194,206,224,218,209,176,102,54,82,74,102,155,182,217,218,223,212,178,121,65,45,39,54,106,137,140,146,147,141,127,96,61,42,46,58,67,61,44,32,29,23,49,94,131,136,119,111,115,137,131,122,122,128,125,120,125,152,153,131,99,81,76,76,80,80,76,74,75,76,77,80,84,87,91,93,91,92,96,99,99,101,97,94,95,99,105,114,121,114,120,122,118,115,119,127,132,129,131,137,130,126,128,121,122,106,102,105,113,108,96,92,97,83,87,110,131,135,141,143,133,138,131,125,112,102,82,72,100,170,209,226,235,236,221,217,216,203,142,169,205,251,254,239,151,77,81,112,155,171,176,189,190,209,222,236,234,221,215,208,194,149,119,124,144,132,107,86,66,56,75,87,79,65,58,54,50,40,35,27,20,14,13,13,14,13,14,14,15,15,15,15,15,15,12,11,13,14,12,13,15,18,20,21,23,24,25,26,26,26,29,34,40,46,51,55,57,62,61,59,57,53,48,44,42,44,46,50,53,55,54,53,51,43,39,35,36,43,53,61,65,66,61,55,52,52,50,48,45,44,42,41,42,45,47,47,46,48,43,42,48,54,57,59,62,63,67,71,74,74,74,
39,41,44,46,46,45,44,43,42,38,32,27,24,21,19,17,15,14,13,13,13,13,15,15,19,20,22,24,26,26,26,26,24,25,27,28,29,31,35,38,38,36,34,37,51,71,87,94,85,95,108,118,122,121,119,118,116,126,128,118,113,112,102,88,75,72,63,50,39,39,48,57,52,74,94,95,86,82,85,87,86,91,94,94,92,92,92,90,93,89,88,90,90,89,96,104,123,135,153,156,132,108,114,137,147,164,169,167,154,167,181,197,172,143,139,137,150,168,180,217,190,221,219,217,209,183,134,56,74,68,90,140,185,222,219,223,212,191,132,65,44,39,47,94,132,143,145,142,153,163,140,100,95,113,135,137,108,63,30,18,15,38,83,123,133,121,121,132,136,135,130,128,128,117,111,117,132,132,115,91,78,74,76,85,82,79,77,76,75,76,82,90,94,98,99,97,97,100,101,100,104,104,100,97,105,118,122,119,111,117,121,119,119,122,126,128,133,138,133,131,128,125,130,127,108,106,109,113,106,95,92,97,86,79,85,101,117,133,139,131,139,135,141,138,121,90,88,134,198,223,229,225,206,187,202,223,159,131,172,210,243,251,242,166,85,96,108,161,191,188,200,192,198,206,225,238,233,226,216,205,163,123,112,129,128,109,84,60,57,60,69,79,78,66,55,51,39,33,23,15,10,12,16,19,18,18,19,19,20,19,19,19,17,14,14,16,16,14,14,16,26,29,33,38,42,44,45,46,42,44,46,49,53,56,60,61,65,65,64,62,59,54,51,48,49,52,56,59,61,61,60,59,48,45,40,37,38,43,48,51,60,60,59,57,54,51,48,46,44,43,43,45,48,50,50,50,50,45,43,47,54,58,60,61,65,69,73,76,77,77,
38,40,44,47,48,47,44,43,44,40,33,27,23,21,18,17,15,15,14,13,13,14,15,17,20,21,22,24,25,26,26,26,22,24,26,27,27,29,31,32,33,33,37,47,69,90,99,100,98,106,118,127,129,127,123,120,113,117,117,111,105,99,88,77,66,63,55,47,46,47,40,30,66,75,74,65,67,80,85,79,93,91,89,89,92,96,98,98,89,83,81,83,84,88,104,122,136,147,154,142,114,100,120,149,158,168,170,164,158,168,185,199,161,132,136,139,139,162,188,214,194,203,210,217,194,183,157,68,74,66,83,131,191,227,220,222,216,197,137,68,48,39,41,84,131,147,148,143,162,183,169,139,141,161,182,179,141,86,42,22,49,57,87,127,148,146,145,152,148,158,151,132,125,126,128,132,137,134,117,97,85,78,80,91,82,82,83,82,77,76,81,90,93,97,99,97,96,98,98,96,104,105,104,105,113,123,127,124,121,120,120,125,133,136,130,120,136,141,126,131,130,123,133,123,113,113,115,115,106,96,93,97,94,83,77,85,103,123,134,134,145,150,162,161,146,119,114,154,208,229,234,228,205,183,194,208,159,163,212,243,254,254,248,181,91,95,102,148,190,201,212,217,203,200,209,226,238,241,227,205,180,133,105,109,112,100,78,55,60,55,59,73,80,72,61,56,44,36,25,15,11,13,19,24,21,22,22,23,23,23,22,22,17,17,18,18,16,15,19,26,40,44,49,55,58,60,60,59,54,54,53,54,55,57,60,61,63,64,65,64,63,61,59,57,57,59,61,64,65,65,64,63,54,50,45,40,38,41,47,52,57,60,62,61,57,51,48,47,41,41,41,42,45,48,52,55,56,50,46,47,52,57,60,62,66,70,75,78,79,79,
38,41,46,49,50,49,47,45,46,41,34,28,24,20,18,16,14,15,15,14,13,14,16,18,20,21,22,24,26,27,28,28,27,30,34,36,37,37,38,38,41,42,48,63,87,107,114,111,121,122,124,124,121,118,115,114,111,105,101,102,98,88,81,80,76,60,50,48,35,22,33,58,74,57,49,56,63,65,77,92,103,97,93,95,100,102,99,95,84,84,85,87,86,91,109,128,146,153,145,118,97,105,135,159,173,172,170,162,163,170,186,196,154,128,140,148,136,154,190,210,201,178,214,214,167,187,178,85,61,59,89,137,195,220,216,223,222,198,142,80,56,42,40,78,131,154,157,151,166,182,178,168,171,180,188,183,157,122,92,77,100,101,120,150,168,163,154,151,157,157,141,122,120,123,124,126,133,128,111,92,84,78,79,87,81,84,88,88,82,77,80,86,83,88,92,92,92,95,95,94,101,101,106,114,119,121,126,132,134,132,130,132,139,142,136,126,139,140,123,130,132,124,129,117,119,120,121,117,108,100,96,96,103,97,89,89,103,121,136,148,162,164,174,172,157,133,138,188,207,196,169,157,154,162,181,181,155,183,230,251,248,245,241,178,87,76,92,125,169,198,206,228,223,217,215,219,231,244,232,205,195,150,106,89,89,86,74,58,62,59,58,63,70,72,67,60,51,44,32,21,15,16,20,24,25,25,26,26,26,25,25,24,19,20,22,21,18,19,30,43,58,60,63,66,67,66,64,63,61,60,58,56,56,57,59,60,59,60,62,64,65,66,67,67,67,67,68,67,67,67,66,66,60,56,49,42,41,45,52,58,59,63,66,64,58,51,47,46,38,38,37,37,38,44,53,59,62,58,51,48,51,57,62,64,67,71,76,79,80,80,
41,43,48,51,53,52,50,48,46,42,36,30,25,21,18,15,14,15,16,15,13,14,17,20,22,23,25,28,31,34,36,37,42,46,50,54,55,56,57,58,64,66,71,84,106,124,131,129,129,125,118,112,109,110,113,115,116,104,98,101,98,86,81,85,76,61,41,24,17,28,62,94,68,70,73,74,69,70,85,102,95,91,91,98,103,101,93,87,87,87,85,80,82,96,121,141,145,146,129,100,94,120,151,167,183,176,172,160,166,169,185,192,153,130,145,159,141,151,191,209,199,167,223,207,147,192,194,108,47,50,100,151,196,207,213,227,225,199,155,98,62,45,42,69,122,156,166,158,163,171,174,183,185,191,198,200,194,179,162,152,161,160,164,170,170,163,156,154,142,124,107,111,122,117,108,111,119,115,97,80,79,82,83,88,83,85,88,89,84,79,80,86,82,88,93,95,96,99,100,98,97,100,109,119,121,120,125,134,136,139,138,132,128,130,134,136,138,133,122,126,129,123,121,113,120,123,122,118,112,106,100,96,103,104,95,92,103,118,135,154,165,163,175,178,155,116,122,184,194,155,97,66,63,93,139,151,144,189,233,252,246,248,248,186,75,57,83,112,151,186,194,219,227,229,231,226,227,240,240,223,202,166,112,72,65,73,72,64,60,61,58,54,58,66,66,59,56,50,40,31,25,23,23,25,29,30,30,30,30,29,29,28,23,25,27,27,24,29,43,59,70,70,70,69,68,66,64,63,65,64,62,60,59,59,60,60,59,59,61,63,66,70,72,74,77,75,72,70,68,68,69,70,67,61,52,46,46,51,59,64,65,67,68,65,58,50,45,43,36,36,34,32,32,38,50,59,64,63,59,53,53,58,64,67,69,72,77,80,81,81,
41,44,47,51,53,52,51,50,46,42,36,31,26,22,18,15,14,16,17,16,14,14,17,21,24,26,30,35,40,45,49,52,59,61,63,64,65,67,70,72,81,87,95,107,123,136,140,137,126,123,118,115,114,116,119,121,115,105,98,95,90,80,72,70,54,39,19,16,46,77,70,42,60,64,62,60,70,86,89,82,88,86,88,95,98,95,90,89,92,91,84,75,82,106,133,147,135,129,113,99,108,137,164,175,184,175,171,156,164,163,181,187,162,139,149,168,151,152,190,211,194,170,222,211,158,193,205,150,64,50,102,156,198,205,218,230,219,202,174,113,61,45,43,52,102,152,169,154,153,159,168,185,186,193,203,209,208,202,192,185,192,190,183,171,162,157,151,146,127,118,113,124,134,124,115,120,118,115,96,79,85,96,98,98,87,85,85,84,81,80,84,91,93,98,102,102,102,103,101,99,93,103,114,119,120,122,126,128,131,136,137,131,124,125,129,132,131,122,121,119,118,117,110,113,118,121,121,117,115,112,105,97,99,102,90,85,98,111,125,145,153,154,166,166,143,101,91,135,159,123,79,56,38,47,83,95,130,187,227,248,238,237,226,154,57,42,65,107,141,172,195,206,215,221,233,236,233,239,245,242,216,188,126,67,53,68,74,69,59,59,57,54,56,60,60,57,58,55,50,44,38,34,31,29,35,35,36,36,36,35,34,34,31,30,31,34,36,42,55,67,74,72,69,67,64,63,63,63,67,66,65,63,62,61,62,62,63,62,63,64,67,71,75,78,81,78,73,69,67,67,70,71,71,65,57,53,55,61,67,70,72,72,69,64,57,49,43,40,31,32,31,27,27,31,41,51,60,65,66,61,58,61,66,69,71,75,79,81,82,82,
40,42,46,49,51,51,50,50,45,41,37,32,27,23,18,15,13,16,17,16,14,14,18,21,26,29,34,40,47,54,60,63,68,68,67,65,64,66,70,73,85,95,109,122,134,140,139,134,127,127,128,128,128,125,122,119,103,100,92,82,74,66,54,43,33,24,20,31,46,48,36,23,21,22,32,44,45,46,66,92,98,95,95,95,93,89,91,96,92,95,91,85,95,116,130,131,127,116,104,105,123,150,172,182,179,171,170,153,159,156,176,184,172,147,151,172,158,153,189,210,197,177,217,226,186,195,214,193,97,57,97,153,201,212,227,230,211,204,187,122,56,43,41,36,84,146,168,148,144,152,163,181,197,202,204,201,196,193,192,193,178,179,173,164,160,154,137,117,114,130,137,132,128,121,117,121,109,106,86,68,77,93,95,91,91,86,81,78,77,80,88,98,101,106,108,105,101,99,95,91,92,108,118,116,118,126,127,121,132,134,135,134,135,134,129,123,123,112,120,111,107,110,101,114,115,118,118,116,117,116,108,97,100,100,85,79,95,106,117,135,148,158,169,166,165,154,144,165,142,96,55,46,31,26,46,49,111,178,222,250,243,239,218,136,39,30,44,101,134,161,202,199,208,210,226,240,240,238,242,243,233,211,144,73,55,73,80,75,59,56,55,58,59,58,56,55,58,58,56,53,49,43,38,35,40,40,40,40,40,39,38,38,37,34,33,39,46,53,62,70,72,70,66,63,61,61,63,64,67,66,65,64,63,63,63,62,68,67,66,65,68,72,76,79,81,77,71,66,64,65,69,72,73,66,60,59,64,71,74,75,77,75,70,63,56,49,42,38,26,28,28,24,22,24,33,42,55,65,71,67,62,64,68,71,73,76,80,83,83,82,
41,42,45,48,50,52,53,54,50,45,37,29,23,19,15,13,13,16,18,17,15,16,20,25,30,36,44,52,57,60,62,63,63,62,63,64,63,63,70,78,86,97,111,122,132,138,138,135,137,132,125,120,115,108,98,90,81,77,68,56,50,46,40,32,24,32,33,39,46,30,8,7,11,14,17,26,45,70,90,99,101,100,102,102,95,87,86,89,82,88,93,95,103,117,125,125,132,105,101,120,138,162,179,177,165,182,175,142,144,165,167,176,167,154,167,170,161,172,191,205,185,193,213,229,212,200,212,213,138,73,89,162,205,221,225,221,213,210,193,147,90,57,43,32,60,126,160,161,169,169,168,186,199,192,192,201,206,201,199,201,182,188,155,150,135,124,108,111,138,137,130,123,123,130,130,125,109,96,84,67,74,93,87,79,82,87,83,77,79,81,87,100,109,116,107,98,100,93,87,96,100,97,104,118,122,117,118,126,134,132,130,128,127,126,125,124,118,125,125,116,109,108,106,102,113,114,119,126,124,115,104,99,95,97,106,97,93,102,110,126,152,146,163,162,144,165,198,200,154,99,51,22,16,21,25,41,98,148,207,228,242,244,223,144,38,15,32,85,120,139,170,203,216,217,214,217,233,249,247,234,234,227,183,100,61,76,84,89,64,53,54,62,60,58,60,60,58,57,56,58,59,56,49,42,39,38,38,38,39,38,36,34,34,32,36,47,56,60,65,69,69,67,65,65,63,61,61,64,73,72,70,67,63,62,62,64,66,68,70,70,69,69,71,74,79,80,75,65,59,63,68,71,74,73,72,72,72,73,74,75,77,76,73,66,59,52,42,33,25,24,23,21,19,19,27,36,54,59,66,68,66,64,64,65,74,78,82,85,84,82,
42,44,46,49,51,53,54,54,51,46,39,32,27,23,19,17,15,16,17,17,18,22,28,33,38,44,52,59,62,62,62,61,61,58,58,60,62,64,71,79,86,99,116,127,133,134,131,125,122,117,109,100,92,82,72,65,72,67,57,46,43,45,44,40,39,30,25,31,33,18,8,14,15,26,33,36,48,68,81,84,81,81,82,81,76,72,76,83,93,93,93,97,108,120,125,124,118,109,117,135,150,171,180,170,167,178,169,138,144,165,166,173,174,163,163,169,164,172,192,197,185,198,215,226,217,208,209,206,163,76,73,154,206,217,222,228,220,216,206,173,116,67,45,40,67,125,168,174,171,171,173,179,184,192,204,210,206,198,193,192,171,132,75,82,103,106,113,132,133,126,122,125,131,133,134,133,111,88,75,68,77,90,86,89,88,89,82,75,77,83,94,108,116,121,112,104,106,102,101,111,106,107,110,115,118,121,124,127,129,129,130,132,133,131,125,121,120,121,119,114,111,110,108,105,95,102,113,120,117,110,108,110,99,99,109,104,103,111,114,127,143,156,161,174,169,178,220,229,206,133,74,44,33,32,29,37,61,102,168,213,238,231,202,126,36,16,25,68,108,134,154,168,195,205,217,223,226,231,238,244,244,238,218,145,77,69,87,106,77,61,56,59,57,56,57,55,57,56,57,59,60,58,52,47,41,40,39,39,39,39,37,35,35,34,38,49,58,64,68,71,69,67,65,65,63,60,61,65,71,72,72,71,69,66,66,66,70,72,73,74,73,73,75,77,76,77,73,64,59,61,66,68,73,73,73,73,73,74,75,75,76,77,75,71,65,57,45,34,26,22,19,18,16,17,23,30,45,52,62,68,69,69,69,69,74,77,80,81,79,78,
44,45,48,50,52,54,54,54,48,44,37,31,27,23,20,18,17,16,16,18,23,31,39,44,49,54,60,65,65,63,60,59,58,55,54,56,60,66,74,82,92,107,123,131,131,127,119,113,101,97,91,83,76,69,64,62,72,67,59,52,51,53,53,51,49,26,18,25,20,9,9,16,22,28,37,45,50,55,64,72,80,80,80,79,78,81,91,101,106,97,93,100,112,120,121,120,109,117,134,148,160,175,177,162,169,174,160,133,144,165,161,165,178,173,159,167,168,171,193,186,179,201,216,221,224,221,211,204,183,96,74,144,200,212,219,227,221,215,211,193,141,78,46,45,65,117,166,179,173,174,177,174,190,202,210,207,202,200,194,187,142,84,30,50,110,126,142,156,114,116,127,141,142,132,126,127,114,82,70,74,87,93,90,101,96,94,86,78,75,80,92,102,116,119,112,105,107,106,107,117,104,107,107,104,107,116,120,119,131,130,132,136,139,137,131,126,125,120,116,116,116,112,108,106,105,108,113,117,115,109,107,109,101,99,110,108,107,108,102,106,121,155,151,172,177,166,206,226,194,117,76,71,68,60,43,37,36,72,148,210,233,208,176,112,26,31,48,75,104,129,148,158,172,186,204,215,214,213,226,242,244,241,247,199,114,67,69,90,86,67,57,56,54,54,55,52,56,56,57,59,61,60,55,51,44,42,40,39,40,40,39,37,34,34,38,49,60,66,70,72,69,67,65,65,63,60,62,66,70,72,74,74,72,70,69,69,70,71,73,73,73,74,75,77,75,76,73,66,61,61,62,63,70,71,72,73,75,75,76,76,76,78,78,76,72,64,51,39,26,20,14,14,15,17,22,26,33,42,55,64,69,70,71,72,75,76,77,76,74,73,
44,46,48,51,53,54,54,54,48,44,38,33,29,25,22,20,19,19,20,25,33,42,49,53,56,59,63,64,63,61,58,57,55,54,54,56,59,68,79,88,100,114,126,129,124,117,110,105,94,92,87,82,78,77,78,81,86,82,77,73,70,65,59,54,41,20,17,24,16,12,14,10,24,16,22,40,47,44,54,75,79,78,79,82,88,96,106,113,113,101,95,102,111,114,114,115,112,124,140,154,164,171,168,159,172,171,154,132,146,164,154,154,172,179,157,166,171,170,193,179,166,198,217,215,227,235,219,214,190,126,91,133,185,206,216,215,214,211,211,202,161,96,50,41,61,116,158,171,175,169,158,155,183,190,189,182,185,193,185,168,115,70,30,49,122,143,156,152,126,136,147,149,138,123,115,115,107,79,72,81,94,98,92,101,94,90,87,82,76,79,88,93,106,108,106,103,102,101,103,108,109,110,111,112,116,121,124,124,134,131,129,131,136,137,135,131,129,122,119,123,121,113,107,107,121,114,109,109,110,107,103,101,96,93,103,105,106,105,93,94,114,152,156,168,174,152,169,207,181,121,109,126,122,92,46,19,36,75,158,220,228,187,155,102,18,36,57,80,105,127,147,163,166,173,183,192,199,207,215,220,234,234,246,226,161,88,53,70,81,65,57,56,52,53,56,54,56,56,56,58,60,59,56,53,47,45,42,41,41,41,40,39,33,33,37,47,59,67,71,71,69,66,65,65,63,61,63,67,72,73,74,74,73,74,76,78,76,77,78,78,77,77,77,77,77,77,75,70,64,60,59,58,64,66,69,72,75,76,77,77,78,79,79,77,75,69,57,45,28,19,11,12,17,21,24,27,29,37,49,61,68,72,75,76,78,77,76,74,72,70,
43,45,49,52,54,55,54,54,51,48,43,38,34,30,27,25,23,25,29,36,44,52,56,58,59,60,61,60,59,58,58,59,55,58,60,60,62,71,85,95,102,111,119,117,112,109,107,106,104,101,97,93,92,93,98,102,100,94,87,80,72,62,51,44,28,18,18,19,15,21,23,8,17,13,15,27,41,54,71,85,82,83,85,93,104,114,118,118,112,102,97,101,105,105,108,113,117,126,140,159,171,168,162,162,173,169,152,134,149,162,147,145,157,176,159,166,173,172,191,176,159,194,219,210,222,239,226,225,205,149,91,114,169,196,208,205,206,213,215,210,183,122,61,35,57,117,152,166,184,163,125,117,152,160,161,158,164,176,176,165,132,85,39,53,123,142,154,151,166,164,152,134,124,124,120,112,95,79,80,85,97,104,92,91,87,80,80,79,74,82,96,98,96,98,102,104,101,101,103,104,105,101,105,117,123,120,120,124,129,127,125,127,130,132,130,127,125,121,123,127,124,114,108,109,114,109,105,103,101,99,102,106,95,89,97,99,104,108,104,111,112,133,153,152,157,146,142,192,202,166,170,187,174,126,61,25,35,76,160,221,228,184,147,90,40,44,52,78,115,137,153,172,173,180,181,178,187,203,205,196,218,226,235,232,205,128,63,73,71,62,60,59,52,52,56,55,56,56,56,57,57,56,54,52,49,47,44,42,42,42,41,40,33,34,37,45,58,69,72,72,69,66,64,64,63,61,64,69,74,74,74,75,78,83,91,96,99,98,96,94,91,88,85,83,80,79,77,73,67,60,55,53,58,61,65,69,73,76,78,79,80,80,77,75,74,71,61,51,32,21,12,13,18,22,24,26,29,35,46,57,67,75,80,83,79,77,75,72,71,70,
43,46,50,54,56,57,57,56,53,50,45,42,39,36,32,30,33,37,43,50,55,59,61,62,61,62,61,60,59,60,62,64,61,64,66,64,67,77,90,98,98,104,108,106,104,105,108,108,110,109,108,108,110,113,115,117,99,90,78,69,59,47,37,32,22,20,16,11,14,26,27,13,10,25,30,27,46,81,98,93,93,97,103,112,122,127,125,119,106,100,94,92,93,97,106,115,119,130,146,166,178,169,161,168,174,168,153,136,150,160,144,143,144,170,164,167,175,177,184,171,164,191,219,204,208,233,228,231,229,166,81,93,153,179,198,203,199,214,217,214,200,146,76,40,47,101,140,168,193,170,116,90,109,114,114,110,111,127,151,167,145,95,50,79,139,149,155,163,168,158,137,121,127,140,130,108,93,87,93,93,102,111,98,92,93,79,78,76,68,81,100,102,95,94,101,105,100,103,109,107,94,88,94,111,119,114,113,119,125,126,128,130,130,128,124,121,118,119,123,126,124,118,114,113,112,116,119,113,100,94,102,114,103,93,97,96,98,106,111,127,113,110,138,136,143,152,142,182,201,192,202,205,188,138,70,38,28,60,139,209,231,195,154,87,62,63,62,80,112,129,148,180,181,195,197,185,184,196,196,183,185,208,230,241,235,170,86,70,69,65,66,64,56,54,56,54,56,56,56,55,55,53,52,51,50,48,45,44,43,42,41,39,37,36,37,44,57,70,75,73,69,66,64,64,63,62,65,70,75,77,79,83,88,97,106,112,118,115,111,107,102,97,91,87,83,81,78,76,69,60,54,52,57,59,62,67,71,75,78,79,80,78,73,70,71,70,62,53,37,25,16,14,19,22,24,26,28,34,42,54,65,74,80,83,78,77,74,73,73,73,
44,47,52,56,59,60,60,59,56,54,51,49,47,46,43,41,45,50,57,61,63,64,65,67,66,66,66,66,65,66,68,70,69,69,67,67,73,85,94,96,97,102,105,104,104,106,108,106,107,108,111,114,117,116,111,107,86,77,68,63,55,43,34,31,22,22,12,7,17,25,22,17,14,36,51,53,69,96,106,97,96,106,116,122,125,124,117,109,96,91,81,73,76,91,107,117,122,143,158,167,175,168,163,172,175,169,153,136,148,157,145,149,137,166,172,168,179,185,175,163,174,186,215,196,193,225,227,231,240,193,94,81,132,162,192,203,200,213,212,211,208,161,98,70,46,75,124,169,189,179,135,84,57,52,49,49,48,58,89,120,118,102,82,121,159,160,153,160,153,146,134,128,135,140,125,104,98,93,99,98,104,111,102,100,97,80,79,77,66,79,100,98,98,92,96,96,88,94,106,105,97,94,98,109,118,120,121,124,125,127,128,127,124,121,119,119,122,123,123,123,125,126,122,116,119,123,125,119,103,90,90,97,102,96,103,102,99,103,108,126,128,110,131,143,150,162,154,156,169,194,213,207,192,139,60,27,25,43,115,192,224,193,160,102,71,84,84,92,113,122,137,169,179,195,203,198,193,194,189,178,152,169,208,233,239,209,133,75,74,69,70,69,62,60,60,54,56,56,56,55,54,53,52,52,50,48,46,45,44,43,40,38,38,37,36,41,55,70,75,73,69,66,64,64,63,62,66,71,76,81,88,94,100,105,110,113,118,115,112,109,106,101,95,91,88,84,82,80,75,65,59,57,59,60,63,66,70,74,77,79,78,75,70,67,68,68,60,51,38,27,19,18,22,26,29,31,37,42,51,61,70,77,80,81,80,79,78,78,80,80,
45,48,53,58,61,63,62,62,65,63,61,60,60,59,57,56,54,60,66,68,67,66,68,70,69,71,72,72,72,72,73,74,75,72,67,67,78,91,95,93,101,106,109,108,108,109,106,102,106,106,109,112,111,102,89,78,75,70,67,68,63,52,41,36,22,21,9,9,24,23,14,17,22,37,61,82,93,95,97,99,106,120,133,135,131,125,117,110,89,83,69,57,64,86,107,117,129,157,167,162,165,164,163,174,176,169,153,136,147,156,147,155,137,164,176,169,183,191,168,156,180,182,210,190,184,221,227,230,235,220,123,80,113,151,192,200,208,214,207,208,210,171,121,108,58,61,115,167,176,180,151,82,28,19,21,33,34,29,42,64,106,133,134,164,173,173,159,160,163,158,150,141,131,121,112,106,99,90,95,95,99,104,98,105,87,72,76,79,69,83,102,97,101,89,88,84,73,80,96,96,93,95,95,97,107,118,122,120,124,124,122,116,111,109,112,116,130,130,125,122,126,132,127,117,117,113,110,107,100,86,73,66,89,91,108,113,109,108,109,126,132,107,118,145,149,152,144,109,124,180,219,221,217,164,75,37,26,36,103,179,207,177,157,118,101,113,109,117,146,153,149,161,173,184,196,203,204,198,185,173,138,133,173,205,222,238,188,106,79,72,72,71,67,67,65,56,55,56,56,55,54,53,54,54,49,48,47,46,45,43,40,37,38,37,34,38,52,67,73,71,69,66,64,64,63,62,66,72,78,85,95,103,107,107,106,105,111,109,108,108,107,105,100,97,92,87,85,85,80,71,64,63,63,63,64,66,69,73,76,78,75,72,68,66,68,67,58,48,36,27,20,21,26,32,37,41,55,59,67,75,82,84,84,82,84,83,82,84,86,87,
42,46,55,64,65,62,65,70,70,71,73,73,72,70,69,69,69,71,73,74,74,73,73,74,76,77,78,79,80,79,79,78,73,69,66,69,79,90,98,101,111,109,106,103,101,101,101,102,109,106,104,102,96,88,84,84,83,79,74,72,65,52,41,35,32,26,21,23,23,11,10,26,39,44,76,106,102,95,101,106,124,133,135,128,124,120,105,86,76,70,56,57,77,90,107,134,160,163,162,157,157,163,170,174,176,168,143,140,161,158,149,162,138,150,170,170,184,181,175,156,167,187,195,191,178,200,234,232,239,236,181,129,115,144,187,186,193,204,201,206,205,189,166,135,75,64,130,178,194,185,159,109,42,19,18,17,17,27,36,52,110,155,187,194,173,155,166,172,163,164,151,128,116,116,115,109,106,90,88,96,97,95,94,91,82,77,76,75,73,83,96,99,99,88,86,79,62,67,86,90,100,92,91,102,112,115,116,119,116,124,113,103,114,123,128,140,133,128,135,139,136,142,138,114,112,108,102,99,96,87,71,58,80,80,94,102,100,114,129,125,123,118,120,134,151,153,140,125,113,166,211,224,211,168,98,45,29,42,126,190,200,171,91,118,112,114,134,149,151,162,169,158,171,178,196,209,208,204,194,180,147,124,137,177,218,229,228,153,94,90,73,68,77,71,61,66,63,57,53,54,55,53,52,54,52,50,49,48,47,44,41,38,37,33,30,33,42,55,64,67,66,65,63,63,65,69,73,75,80,85,94,105,108,102,97,94,98,101,105,108,108,107,105,104,100,95,90,86,84,81,78,74,71,71,70,71,72,72,71,70,71,70,67,62,62,62,58,52,35,26,22,27,32,39,52,66,76,78,81,86,91,93,92,91,87,87,88,88,88,89,
44,48,58,67,69,67,67,70,71,73,75,76,77,77,78,78,76,77,79,80,79,78,79,79,79,79,79,79,79,79,78,78,72,70,69,74,83,93,100,104,112,108,103,99,99,103,108,112,109,104,99,98,95,92,90,92,81,72,64,60,56,49,43,40,35,30,20,18,21,17,17,26,46,70,97,102,92,94,111,123,137,134,131,129,124,113,96,81,83,82,74,70,79,97,126,156,149,155,158,156,156,162,170,174,172,163,141,140,162,161,151,160,148,153,166,167,184,179,174,157,164,184,195,190,175,190,224,227,227,245,219,173,136,139,177,191,184,199,202,207,207,199,184,155,96,80,128,161,178,179,155,100,39,10,6,18,35,51,76,119,154,183,198,194,164,137,147,157,164,154,133,113,109,118,126,127,103,87,83,90,93,95,96,92,87,78,74,70,66,72,80,80,93,84,84,78,65,72,89,95,92,90,92,99,106,111,115,118,118,121,113,112,126,128,122,127,127,127,137,141,137,142,138,119,113,109,104,104,106,103,93,83,73,60,70,94,105,116,126,126,136,131,126,128,137,149,159,165,146,183,210,216,209,167,87,20,24,70,155,178,184,164,102,87,118,126,144,154,155,168,177,166,153,164,184,201,211,217,205,180,142,127,128,147,193,217,229,200,122,98,77,77,81,70,61,67,65,59,56,57,57,55,54,55,53,52,50,49,47,44,40,37,36,33,31,32,37,44,49,51,56,58,61,65,68,71,72,73,74,77,84,93,98,98,99,101,102,104,107,109,111,113,114,115,105,101,95,92,91,89,86,83,77,76,75,75,75,74,71,69,68,69,67,64,64,63,57,50,42,31,27,33,44,53,67,80,88,88,89,91,92,91,88,85,86,86,87,87,88,89,
40,45,54,64,70,70,69,70,71,71,71,73,74,76,77,78,79,81,83,83,83,83,83,84,83,83,82,81,81,80,80,80,77,76,77,80,85,92,99,103,104,102,101,100,103,107,112,116,112,102,93,89,87,83,80,79,68,60,52,48,46,41,37,36,34,32,23,19,24,24,24,31,67,99,109,93,89,108,128,139,147,133,121,120,118,110,99,93,86,76,69,71,85,114,140,148,136,146,154,155,155,160,168,173,168,158,139,142,164,164,153,156,161,157,164,166,183,176,172,158,156,179,196,192,175,175,210,222,225,248,245,216,172,149,165,176,177,193,198,203,203,203,196,166,125,82,94,112,145,162,132,65,23,15,25,42,57,60,78,131,184,205,201,179,149,136,151,158,162,148,129,119,120,124,126,125,101,85,81,87,91,94,97,94,82,74,71,70,65,67,71,69,79,79,85,83,75,80,94,98,95,99,102,102,104,109,114,116,110,107,105,119,137,135,124,123,124,127,136,138,135,139,137,124,120,112,105,105,107,106,99,93,79,55,59,92,114,118,120,122,130,129,129,131,138,149,161,168,136,179,210,208,185,137,73,27,27,96,179,176,174,155,123,85,115,128,145,149,149,164,178,176,170,162,159,168,194,224,223,197,157,141,124,115,160,196,213,226,158,121,92,83,76,71,68,66,67,63,61,61,60,57,56,56,55,53,51,50,48,45,41,38,37,37,39,41,42,41,40,40,43,49,57,66,71,72,70,68,67,65,67,73,79,83,89,95,98,102,108,113,116,117,119,120,114,108,101,95,92,89,85,82,83,82,81,81,80,77,73,70,66,67,67,66,66,64,57,49,43,32,29,40,55,71,84,94,97,96,96,95,94,91,87,83,85,86,86,87,87,88,
37,41,49,60,69,73,74,74,72,70,68,67,68,69,70,70,75,77,79,80,81,82,83,85,87,86,85,84,83,84,85,85,87,86,84,83,83,87,93,97,91,94,100,106,109,110,109,108,107,96,86,82,80,74,66,62,54,51,49,48,43,36,32,33,32,32,28,28,30,28,34,51,93,111,99,81,99,128,139,141,133,125,118,118,119,113,103,95,71,60,61,70,87,121,139,127,131,144,155,157,156,159,166,171,166,154,139,144,165,167,156,153,168,160,166,167,181,172,168,159,146,173,198,197,179,159,191,212,229,235,238,236,215,187,171,165,169,181,186,194,198,207,205,171,145,86,71,69,93,105,81,28,13,25,49,77,106,107,108,147,179,201,188,157,140,151,171,166,157,144,133,130,128,119,111,108,101,90,88,93,92,94,97,95,78,72,74,73,63,59,61,59,59,70,84,86,81,83,92,97,103,110,112,108,109,116,120,119,114,104,104,123,139,135,126,126,125,126,127,127,128,132,133,128,126,115,105,103,103,100,94,89,87,65,67,98,120,122,120,123,129,130,133,139,149,156,155,149,140,183,216,205,154,87,41,28,42,108,171,174,150,118,110,93,111,124,141,146,142,147,165,180,185,168,154,152,169,202,224,224,189,156,128,101,129,173,193,220,187,149,115,89,71,72,75,64,67,66,65,64,63,60,58,57,55,54,53,51,50,47,44,41,37,42,50,56,55,47,40,37,36,42,52,62,67,68,65,62,60,55,52,54,55,59,66,72,81,89,101,110,115,117,118,118,118,111,102,95,92,89,85,83,87,86,85,85,84,81,77,73,67,68,68,66,65,64,57,50,41,33,34,48,70,86,96,101,99,98,97,96,95,93,90,87,87,87,86,86,86,86,
43,47,53,60,68,74,76,76,76,72,68,66,66,67,66,65,67,69,72,74,75,77,80,82,86,85,84,84,84,85,87,88,90,88,84,80,79,82,88,92,83,89,97,104,107,105,100,97,94,85,79,80,80,74,63,56,49,51,54,54,47,40,40,44,38,36,34,34,34,32,50,82,107,104,84,78,108,132,134,132,115,122,125,121,117,110,92,73,59,59,70,77,86,114,133,126,137,149,159,159,156,158,164,168,166,153,141,147,164,169,159,151,168,163,170,169,180,168,167,160,142,167,197,200,184,144,168,192,217,217,231,243,239,216,189,178,162,163,168,184,195,211,211,170,145,95,79,56,44,33,30,18,14,14,35,79,123,125,119,155,182,195,182,162,152,157,166,154,134,127,124,126,121,110,102,102,101,97,101,104,98,97,98,96,87,82,80,70,50,41,46,51,52,68,79,78,76,80,89,98,103,109,110,108,111,119,123,121,132,117,114,126,128,121,119,124,124,120,112,109,117,125,129,130,129,117,108,106,106,100,92,88,80,76,80,98,117,123,123,128,148,145,140,138,144,155,159,158,165,184,204,197,146,71,32,37,86,138,166,169,118,78,76,90,113,128,149,158,147,131,140,164,162,160,167,169,162,172,203,228,217,176,146,108,99,143,180,213,200,163,133,110,82,68,67,63,65,67,68,67,65,64,61,60,57,56,54,54,53,51,47,45,39,45,57,67,65,52,40,36,35,39,47,55,59,59,57,55,52,46,42,40,39,40,44,49,56,65,78,90,100,109,117,123,117,111,104,99,97,95,92,90,86,86,85,86,86,85,82,79,73,72,68,64,63,62,57,51,41,39,46,64,85,99,104,104,97,96,96,96,96,94,92,90,89,88,88,86,85,84,
52,57,62,65,68,72,73,71,73,69,65,63,63,64,62,61,60,62,64,66,68,71,75,77,79,79,79,79,80,81,82,82,81,78,75,74,76,81,86,89,84,87,92,95,97,95,92,90,84,77,72,75,76,69,59,52,52,54,57,57,52,47,50,57,49,46,39,36,38,45,71,106,102,90,78,86,109,122,122,123,125,128,121,104,95,93,82,66,72,70,72,76,91,116,129,124,146,154,161,159,156,158,163,167,165,151,142,148,161,168,162,152,166,164,172,167,177,168,168,160,146,160,188,196,191,137,148,170,188,204,236,245,234,213,190,188,166,154,155,176,187,200,195,149,120,78,68,43,25,7,12,19,28,31,69,117,137,118,117,164,199,202,192,186,172,151,143,130,100,106,118,129,128,115,105,102,101,100,107,110,104,101,101,96,98,90,84,70,46,37,49,62,62,76,77,70,73,81,92,105,103,105,105,104,104,108,110,110,134,118,116,120,112,106,113,119,119,115,102,97,108,116,119,126,129,117,110,110,108,98,86,80,75,85,89,94,108,115,117,122,148,149,143,132,129,141,156,165,176,185,196,190,141,73,51,75,127,171,166,145,89,56,47,74,110,131,156,169,159,131,123,142,153,145,155,169,167,167,185,203,232,208,177,133,88,111,156,197,200,166,143,132,101,64,53,60,62,67,70,70,69,68,66,64,60,59,57,57,55,53,50,47,47,50,60,70,69,54,41,36,35,38,43,47,50,50,49,47,43,38,35,35,33,31,32,35,38,42,49,58,71,89,110,124,117,113,109,106,102,96,89,83,83,83,83,84,86,87,86,85,80,77,70,63,61,61,57,52,42,47,59,77,93,102,103,101,98,96,95,95,94,93,91,89,90,89,88,87,85,84,
62,70,77,77,76,77,75,72,69,65,61,59,60,59,57,54,55,56,58,60,61,63,67,69,70,70,71,71,71,71,71,70,66,64,65,68,75,81,85,86,85,86,88,89,89,87,85,83,78,71,66,67,69,67,63,60,64,64,67,69,67,61,59,60,55,57,46,38,50,70,90,106,90,75,76,95,111,120,123,119,130,119,99,83,80,86,89,87,92,85,73,76,100,119,121,118,152,157,158,155,153,158,164,168,162,148,141,146,156,167,166,156,166,165,170,162,174,171,172,159,153,152,172,188,202,143,144,159,157,184,229,237,227,215,189,185,180,158,155,177,182,186,176,127,79,47,42,26,24,16,16,16,11,43,107,144,139,114,108,136,185,198,191,178,161,145,138,120,96,108,125,136,134,122,108,99,99,97,103,109,107,108,105,95,95,88,85,77,56,48,61,75,72,81,72,64,75,86,90,98,100,101,103,103,100,98,102,108,123,112,116,119,108,106,116,120,115,115,103,96,103,103,102,112,116,108,105,111,110,97,82,75,77,88,89,92,108,113,114,122,142,145,140,128,126,137,150,156,182,198,208,188,132,78,81,123,152,182,161,112,77,44,27,55,94,123,148,164,169,154,141,147,167,148,145,156,163,169,177,180,217,231,202,166,113,98,119,157,190,175,152,130,104,70,51,54,60,67,73,73,72,73,71,68,65,63,61,59,57,54,50,47,50,48,53,62,62,51,40,36,34,36,39,41,43,42,41,40,36,33,31,32,30,28,28,30,28,30,30,33,42,60,84,102,112,113,115,116,113,103,89,79,81,80,80,81,84,86,88,88,85,81,73,65,61,60,56,50,47,57,74,88,97,101,100,99,98,96,94,94,93,92,90,88,89,88,88,87,86,85,
72,83,92,93,90,88,85,81,71,67,62,60,60,58,54,50,52,53,54,55,55,57,60,63,63,63,64,64,64,62,61,60,56,55,58,66,75,82,83,81,82,84,87,88,87,84,80,77,72,65,61,64,70,75,79,82,79,78,81,87,87,77,66,59,54,62,52,42,63,93,101,94,83,65,73,99,117,129,131,119,112,96,82,82,90,97,102,106,94,99,90,88,103,110,112,123,154,156,155,151,151,158,166,170,159,146,140,145,153,165,168,158,167,165,166,156,172,175,175,159,158,146,159,182,211,154,149,159,137,163,211,226,236,237,204,186,189,162,161,185,187,186,175,127,47,33,41,23,21,16,17,15,43,86,145,161,152,143,115,93,143,179,174,144,130,143,149,122,119,125,129,128,122,114,105,98,97,92,96,104,108,112,108,95,87,82,85,83,66,55,62,70,69,75,64,57,75,85,80,81,90,93,100,105,103,100,109,123,124,116,124,128,115,114,123,122,114,119,109,99,101,93,88,98,98,93,97,110,115,104,91,84,76,84,83,93,116,122,123,135,157,151,137,127,132,148,155,153,171,193,203,182,138,108,129,175,187,199,174,110,96,53,29,59,79,114,138,153,176,182,174,173,168,163,163,161,153,157,169,174,189,234,208,189,149,107,93,119,181,189,160,113,92,81,61,48,59,68,74,75,75,76,75,72,68,67,64,61,58,54,50,46,44,38,39,48,50,42,35,34,33,35,37,39,39,39,37,36,34,32,31,31,29,26,26,28,28,26,23,22,25,37,56,72,101,107,118,126,128,118,103,91,80,78,77,79,82,86,88,88,87,83,76,67,62,60,54,49,55,69,87,98,103,103,103,103,96,95,94,93,93,93,91,89,87,87,87,87,87,87,
61,82,101,106,104,102,98,93,87,83,77,67,58,53,52,53,48,48,48,48,49,52,55,57,60,57,55,56,58,59,57,54,47,48,54,65,75,78,74,69,70,75,80,83,86,87,79,69,65,66,67,68,73,80,87,90,84,89,92,89,82,74,67,62,54,54,57,70,90,98,82,59,51,66,97,127,136,126,115,113,99,92,92,102,110,112,116,123,118,105,91,95,102,93,105,141,155,155,156,156,156,158,163,169,150,144,137,150,151,156,176,161,164,173,164,157,169,173,167,169,167,139,144,184,194,165,152,166,146,149,179,187,228,223,230,214,190,189,158,182,187,169,142,126,73,33,38,20,18,26,12,33,78,130,157,164,159,136,103,64,102,134,117,98,87,111,127,129,138,133,128,124,123,120,114,110,108,109,109,106,102,99,99,100,96,96,96,83,62,56,60,59,52,65,62,60,72,74,71,78,85,100,113,112,102,98,108,119,139,132,130,126,116,115,121,123,107,111,111,112,112,102,96,103,108,107,100,110,101,100,88,90,78,71,87,100,124,122,131,140,149,147,149,131,134,146,138,149,179,186,180,157,149,153,165,197,193,181,168,115,68,42,52,45,87,108,146,175,181,180,178,174,175,170,167,165,159,152,153,160,167,200,218,206,176,134,100,89,134,183,159,110,86,73,70,57,67,70,70,69,71,74,74,71,69,71,71,68,60,50,40,34,31,29,28,31,33,35,34,33,32,33,35,36,37,36,35,34,32,31,29,28,28,28,27,26,22,24,24,25,26,28,32,36,67,87,110,126,136,137,123,106,83,79,78,79,79,78,83,89,85,86,81,70,62,59,57,54,64,80,96,103,102,100,98,96,97,96,95,94,93,91,90,90,90,87,86,86,88,89,
56,72,93,105,109,108,104,101,99,97,92,84,73,61,52,47,48,47,47,47,49,51,52,53,56,55,54,54,55,55,55,54,49,51,55,61,65,64,58,52,58,65,74,81,86,85,73,60,59,64,71,78,82,82,82,83,78,85,86,81,76,74,65,53,55,54,63,82,92,81,60,46,68,94,123,135,129,117,108,104,91,100,112,121,127,129,127,124,114,103,92,92,97,100,118,146,150,155,158,157,158,163,165,164,147,144,139,152,152,156,175,164,166,173,164,156,167,173,168,170,166,144,145,174,187,170,159,166,171,161,174,173,208,208,222,214,191,180,179,177,182,171,133,95,95,38,40,33,20,28,21,32,79,135,167,173,166,142,107,67,65,78,64,78,91,112,116,114,134,134,132,129,125,119,114,111,115,111,106,103,103,105,106,106,108,104,101,92,79,75,74,66,55,63,58,55,69,76,74,77,89,92,98,104,107,109,110,110,125,125,133,134,120,112,118,124,114,114,109,109,113,110,109,116,132,121,105,115,108,96,76,83,84,80,98,111,137,132,135,146,138,143,145,122,117,129,132,149,173,185,182,174,176,181,179,172,176,157,137,94,70,53,61,58,95,121,157,176,180,191,203,204,203,197,188,177,163,152,152,158,162,187,205,220,210,152,101,99,126,167,151,116,94,75,70,63,68,71,71,69,69,72,73,72,70,70,69,64,56,45,36,31,28,27,25,25,28,29,30,30,31,31,31,32,33,34,35,36,33,31,29,28,28,28,27,25,24,24,24,23,21,22,24,27,38,56,82,109,134,145,135,117,95,85,77,76,77,77,79,81,83,85,83,75,68,64,60,55,68,82,97,103,102,101,99,98,97,96,95,94,92,91,90,90,89,87,86,86,88,90,
54,64,85,105,114,113,110,108,110,109,107,103,93,78,60,49,48,45,42,42,45,47,48,48,48,49,50,50,49,49,50,50,52,55,57,59,57,53,47,43,51,61,72,76,74,70,64,59,67,70,78,87,88,82,79,81,88,90,84,73,71,76,72,62,57,61,78,94,83,57,48,57,97,123,141,131,110,100,101,102,96,115,132,136,136,136,127,116,103,97,94,90,90,107,133,147,153,156,156,154,159,165,164,158,141,143,144,154,154,157,172,167,170,173,163,156,166,174,173,172,159,143,141,162,178,177,173,176,196,180,177,163,188,192,211,207,183,154,171,160,172,154,99,50,108,41,34,37,17,21,21,27,73,135,170,175,167,147,114,74,48,58,56,88,96,99,105,121,135,136,135,130,123,118,117,118,119,111,103,101,105,110,112,111,108,100,96,92,85,83,77,63,60,65,59,58,73,85,84,82,84,84,89,100,114,125,129,128,132,128,136,143,133,122,122,123,116,118,113,110,112,113,121,135,140,127,105,115,110,92,72,91,97,102,118,115,135,129,128,145,133,143,147,121,101,99,110,138,176,191,187,193,198,196,182,135,127,101,72,43,47,40,49,54,83,117,156,172,174,189,206,209,208,208,206,198,182,165,153,148,153,167,182,215,235,190,127,111,125,154,145,124,107,87,80,79,75,75,70,62,58,62,67,70,73,72,70,64,55,43,33,27,26,25,23,22,23,25,26,27,29,28,28,28,30,33,35,37,34,32,30,29,28,28,26,25,25,25,24,21,19,18,19,20,18,28,46,74,111,139,144,137,118,102,85,79,80,81,80,78,82,85,86,82,76,70,64,59,73,86,100,105,104,102,101,99,96,95,94,93,92,91,90,89,92,91,89,89,90,91,
59,64,80,104,117,116,112,111,112,111,111,112,109,99,83,71,59,52,43,40,39,41,42,42,39,41,43,43,41,41,43,45,48,50,53,52,50,48,48,49,59,68,74,70,60,56,62,69,83,80,82,86,84,77,78,84,89,86,81,76,73,71,68,64,59,72,90,91,64,43,61,97,124,133,131,111,90,88,102,115,124,135,142,141,135,127,116,105,92,92,96,88,85,113,145,149,161,153,148,153,161,164,159,153,134,142,150,157,156,157,165,167,170,170,162,157,166,177,179,177,160,143,139,156,171,174,177,186,198,193,187,161,171,178,194,188,179,147,142,152,181,152,85,46,104,54,29,36,23,19,19,38,90,148,176,175,166,148,121,84,70,80,80,112,111,104,112,139,137,134,128,120,114,114,118,123,119,114,110,110,113,116,115,113,105,99,96,92,84,83,78,65,67,70,68,69,80,90,89,84,79,86,97,108,119,132,145,155,145,128,126,136,139,136,131,124,124,132,130,123,119,119,128,145,146,144,124,130,126,113,94,111,105,128,152,124,127,122,120,140,136,144,148,131,95,62,66,101,176,194,192,207,203,190,179,121,89,63,33,11,26,17,22,34,54,88,137,166,172,180,192,195,214,219,226,228,218,196,165,142,154,157,167,193,224,222,173,121,131,149,145,130,118,106,99,99,90,86,73,58,49,51,59,64,73,73,73,69,60,47,33,26,25,24,22,22,21,22,23,24,26,26,28,30,32,35,36,37,36,33,31,29,28,28,26,25,25,25,23,22,21,21,21,22,22,21,23,37,69,108,136,148,134,117,96,85,84,85,83,80,84,86,87,85,79,73,67,64,76,90,103,108,108,106,102,99,94,94,93,92,91,90,90,89,93,92,90,89,89,88,
65,65,77,99,115,118,116,116,114,111,109,112,115,114,107,100,88,78,63,50,42,38,37,36,33,35,38,38,37,37,39,42,41,43,44,45,45,48,55,60,72,72,70,68,65,67,73,79,80,76,75,75,72,69,74,83,75,72,76,81,75,61,53,55,64,79,88,76,54,54,87,123,136,125,110,97,89,94,115,136,148,144,143,143,136,120,107,101,90,92,94,85,85,121,157,161,158,143,141,158,170,163,151,146,126,139,155,160,159,158,157,164,168,164,160,159,167,181,186,180,167,144,139,159,170,164,172,191,189,199,196,164,158,165,177,169,165,155,108,130,171,152,88,54,91,78,32,36,35,28,29,70,131,176,189,182,171,155,134,103,93,91,79,114,133,137,130,133,133,128,120,114,112,114,118,121,122,126,132,134,132,128,123,120,112,109,107,100,89,89,90,84,81,79,80,82,83,83,81,76,86,97,113,124,132,141,152,160,165,144,134,140,146,151,149,141,135,141,139,137,141,142,142,148,151,156,141,144,145,142,108,91,82,134,190,158,143,136,128,141,157,152,153,153,111,47,37,70,156,182,192,214,202,177,170,124,82,66,48,29,35,12,8,17,33,56,105,152,171,179,193,205,206,210,217,226,233,225,199,174,166,155,169,186,200,226,212,152,131,141,142,128,123,122,112,105,104,99,86,69,59,56,58,58,65,67,69,70,64,53,39,30,25,25,24,23,22,21,21,21,24,27,32,37,39,39,38,37,36,34,31,30,29,28,27,25,25,24,23,23,23,23,23,22,25,22,19,21,37,69,105,129,129,116,99,87,83,83,82,80,85,84,84,81,76,71,68,68,78,91,105,111,111,108,103,97,93,93,92,92,92,91,91,91,91,90,90,88,87,87,
66,65,72,89,108,119,123,124,120,113,107,106,111,115,115,114,115,106,91,73,57,44,37,34,34,36,37,38,39,40,42,43,44,45,46,47,50,56,65,72,78,70,65,72,83,86,81,76,59,63,66,66,66,67,73,78,82,77,75,76,70,61,61,69,71,77,76,67,65,81,106,122,131,114,100,98,103,112,131,149,146,138,136,140,135,118,106,103,97,94,90,87,100,133,162,167,145,139,146,167,176,162,144,135,116,134,156,160,163,160,150,160,163,157,157,160,167,183,189,179,161,134,132,161,174,166,174,200,191,206,205,177,159,158,165,163,154,164,98,97,126,132,88,50,71,91,33,30,36,36,47,100,157,187,189,182,178,167,152,130,98,93,77,113,143,155,135,117,124,122,120,118,117,117,118,118,128,140,153,158,152,141,134,130,118,113,109,101,92,97,105,105,100,86,85,90,83,77,77,75,97,106,123,141,155,163,164,163,178,166,159,153,148,151,150,141,130,132,131,141,161,169,161,155,154,158,149,154,158,164,111,54,39,108,210,201,179,164,143,143,160,142,132,149,121,50,31,55,133,166,188,208,195,162,138,100,59,55,57,47,45,17,10,11,25,30,68,118,146,163,186,206,207,209,210,214,227,236,229,214,178,156,170,187,187,213,230,203,139,133,132,120,118,124,110,100,109,108,102,92,83,76,68,61,60,59,60,60,59,54,46,39,29,29,28,26,23,21,20,21,26,30,38,44,46,44,40,37,36,34,31,30,30,29,28,26,27,25,24,23,23,23,21,20,18,21,23,23,28,44,69,89,108,103,94,84,81,81,81,79,80,77,74,72,68,65,65,68,78,90,103,110,110,107,102,96,93,93,93,94,94,95,95,95,95,95,95,93,91,90,
65,65,68,78,98,118,129,130,123,114,104,98,99,103,106,107,112,111,107,95,77,59,46,39,42,41,42,44,47,49,49,49,51,51,52,55,60,67,74,79,76,72,73,81,85,80,70,62,50,60,68,67,68,75,80,81,91,88,79,69,67,74,81,83,76,77,75,75,85,103,117,123,119,111,103,104,113,126,141,150,135,134,134,134,129,120,112,108,102,97,90,100,127,147,150,150,139,149,162,170,168,156,139,127,107,127,155,160,167,163,145,157,157,151,155,160,165,181,187,173,155,128,126,159,179,175,180,200,201,207,209,198,173,153,151,160,160,157,119,88,95,119,109,79,65,98,38,32,31,48,81,125,166,182,177,178,181,172,161,143,105,104,89,122,145,152,131,113,110,112,114,113,111,109,111,113,128,142,158,164,157,145,136,133,122,110,100,93,94,108,121,121,102,74,69,81,78,74,83,88,105,113,127,144,160,170,174,174,172,172,171,165,159,160,149,127,134,140,142,149,165,171,164,160,165,165,162,165,153,159,108,38,23,81,209,229,206,183,154,148,147,119,97,124,121,72,57,67,127,161,185,193,189,158,104,58,30,27,39,35,31,13,15,10,20,18,40,75,97,113,133,146,182,199,213,217,223,233,233,226,203,175,161,167,179,202,222,226,175,141,126,111,108,113,101,99,105,106,106,104,102,97,86,76,67,60,51,46,46,47,46,45,38,37,33,28,23,22,23,25,29,35,42,49,50,47,42,37,36,35,32,31,30,30,29,28,27,26,24,24,24,24,22,21,20,22,26,27,29,35,47,58,81,81,78,75,76,78,76,72,69,65,62,62,60,58,61,66,77,88,98,103,105,104,100,96,94,95,96,97,98,99,100,100,103,102,100,96,90,87,
65,65,66,71,91,116,130,132,121,112,100,92,89,91,94,95,93,101,108,104,90,71,56,48,48,47,47,50,54,57,56,55,51,52,54,58,64,71,77,80,73,79,86,87,74,58,50,52,55,69,76,72,74,84,91,89,75,84,82,70,72,85,84,70,77,79,83,89,98,111,124,133,109,112,109,105,112,130,143,146,136,142,142,132,125,125,122,117,104,99,93,114,151,155,134,124,142,164,177,167,155,148,137,123,100,122,153,160,169,166,143,156,154,147,153,160,164,180,185,168,159,132,128,158,180,178,177,188,203,200,205,210,183,146,135,151,156,125,127,87,80,110,131,119,77,109,51,46,34,67,117,149,176,184,174,177,182,170,156,139,119,111,91,124,149,154,132,114,94,97,100,97,92,92,98,105,123,136,151,157,151,141,132,128,131,111,95,91,101,124,138,135,88,50,43,62,67,72,89,101,111,119,129,138,145,155,167,177,177,181,187,190,196,202,180,143,155,170,175,167,161,154,152,156,163,162,163,156,120,120,82,19,38,74,205,240,217,189,160,156,160,128,96,126,145,119,112,114,132,163,183,181,190,169,94,36,27,16,26,20,15,9,20,12,17,16,30,49,57,64,70,70,81,125,173,199,214,228,235,233,236,205,154,138,170,194,201,212,216,157,125,105,99,103,95,104,100,101,101,102,106,107,100,91,79,66,50,39,36,39,44,47,47,43,37,30,24,24,28,31,33,38,45,50,51,48,42,38,36,34,32,31,31,31,30,29,27,26,25,25,27,27,25,23,29,26,25,25,28,33,41,47,57,59,61,63,68,72,68,61,60,56,54,56,54,54,57,63,77,86,94,98,99,101,99,96,96,97,98,99,101,103,104,105,105,103,99,91,82,75,
64,68,64,61,75,106,130,138,126,114,98,89,85,84,82,81,80,83,88,92,92,84,71,62,59,58,56,56,56,56,54,53,49,52,57,64,69,71,72,71,77,81,80,70,56,48,48,51,57,69,76,80,87,85,77,74,79,79,77,73,76,82,83,78,95,98,96,96,112,131,131,119,112,103,102,118,136,143,139,133,146,143,139,137,135,128,115,103,90,96,101,125,141,114,106,146,169,178,177,162,150,144,133,118,108,123,141,164,166,153,154,156,149,150,138,156,168,183,171,173,155,123,145,139,178,164,175,200,205,205,203,215,205,160,128,119,122,119,107,96,77,100,143,122,105,106,86,35,35,75,109,150,175,162,165,160,142,144,147,129,102,114,103,129,158,148,134,115,99,90,71,56,55,59,72,92,117,129,130,142,148,135,132,130,126,112,99,104,130,156,159,148,76,32,36,28,32,70,82,92,94,114,131,140,147,147,146,151,152,176,187,197,214,203,183,186,186,188,202,197,166,157,169,169,179,177,177,150,146,121,49,33,24,95,205,233,230,210,147,136,151,161,153,164,185,173,161,168,160,157,203,177,149,163,102,31,9,20,14,10,22,23,13,13,18,22,26,32,43,54,55,51,27,36,89,153,196,194,222,236,234,237,201,153,146,172,202,223,221,193,137,120,112,102,111,100,105,103,102,103,104,105,105,104,95,88,71,50,36,38,47,56,58,52,43,34,28,28,32,36,34,34,38,46,55,55,47,39,36,34,31,31,32,33,31,30,27,27,28,28,26,24,22,21,22,24,26,28,31,36,42,47,53,53,53,55,58,59,57,55,49,50,55,62,66,66,70,76,83,85,88,91,93,96,99,101,99,104,106,104,103,104,105,104,101,96,89,80,67,56,
64,66,64,60,70,96,121,134,129,116,100,88,84,83,82,80,75,75,76,79,82,82,78,75,65,62,58,56,56,56,56,55,54,57,62,65,68,71,75,79,80,79,73,62,51,45,45,47,55,67,75,82,87,81,72,72,88,93,95,89,82,81,86,91,98,103,110,119,126,127,118,109,104,100,102,115,129,136,137,137,140,142,138,126,115,111,108,104,115,98,108,116,101,109,146,169,170,174,173,161,149,140,132,125,114,126,144,163,166,156,155,156,144,147,140,158,167,181,170,171,152,136,148,161,167,146,184,200,207,210,208,214,211,183,148,124,124,108,97,92,78,91,127,135,118,122,113,49,47,82,128,157,163,156,151,132,114,128,139,119,87,96,98,124,156,152,130,110,96,75,53,45,48,50,64,86,119,136,138,145,146,133,129,125,124,117,111,117,140,162,164,154,83,32,28,20,18,44,55,72,107,129,145,151,157,158,158,162,148,156,158,171,194,193,175,168,169,188,193,178,165,163,170,177,169,160,165,156,152,112,38,28,30,110,206,228,227,212,153,122,151,159,156,175,204,195,172,166,171,168,186,195,192,192,147,72,44,10,7,16,7,11,23,15,15,16,20,30,49,67,74,72,58,32,39,65,104,188,184,219,238,247,226,175,146,164,190,194,221,204,183,127,103,115,107,108,106,105,103,103,103,102,100,99,95,98,92,71,52,46,54,63,61,56,48,40,36,35,37,38,36,36,40,48,55,56,48,41,37,35,31,31,31,32,31,29,26,27,26,26,24,22,21,21,25,26,28,31,33,36,41,45,49,50,51,52,54,55,54,54,54,57,65,74,78,77,79,83,85,86,88,90,92,95,99,101,100,104,104,99,94,93,91,89,85,77,67,56,43,33,
65,65,63,61,64,81,107,127,129,117,99,85,79,79,79,78,82,80,78,79,81,83,82,80,65,61,56,52,52,52,53,54,55,58,61,62,63,67,75,82,82,76,66,56,48,46,47,50,58,66,72,79,82,74,70,78,99,102,104,102,95,92,98,106,106,106,111,118,118,109,103,103,94,97,105,115,124,130,137,142,153,147,134,122,122,124,114,100,90,89,105,104,100,146,184,167,168,161,156,155,149,138,128,125,122,130,146,162,165,159,155,157,143,145,143,157,164,176,171,169,150,142,142,178,149,137,201,202,204,210,213,213,217,207,169,130,97,96,106,98,79,70,77,97,122,126,139,85,76,85,127,142,149,152,143,109,89,118,145,137,102,112,130,146,163,159,130,118,85,63,47,46,45,45,65,94,120,124,108,106,117,123,130,126,121,124,128,137,155,170,170,162,94,41,34,30,21,30,45,76,108,124,130,133,145,156,159,161,167,159,152,158,170,171,158,145,157,171,161,156,172,174,168,178,170,148,137,121,113,84,39,47,67,159,230,236,224,206,159,112,137,155,160,162,168,158,147,156,175,173,145,152,151,147,164,136,121,127,105,59,29,23,25,27,22,27,35,46,63,83,97,104,100,86,59,40,70,112,157,194,218,233,245,219,167,144,162,182,205,209,208,155,117,115,104,112,106,105,104,104,104,102,99,96,94,101,102,90,75,66,64,65,58,53,46,42,41,41,40,39,39,38,41,48,55,56,50,44,39,36,32,32,33,34,32,31,26,27,27,25,22,20,20,20,25,27,30,31,33,35,37,39,44,46,48,49,50,50,51,53,58,66,78,88,91,89,89,90,89,89,89,91,94,98,101,103,102,103,99,90,80,72,65,59,51,43,33,27,22,17,
66,64,64,62,60,68,92,116,125,114,97,82,76,77,79,78,79,78,77,78,78,76,71,67,63,60,55,51,51,51,52,52,54,56,58,61,64,69,76,82,80,73,64,56,50,48,53,59,70,71,72,76,79,73,78,95,110,105,102,104,104,102,103,106,109,106,105,106,103,96,94,95,89,99,112,123,130,134,139,143,142,135,123,116,120,121,102,79,66,77,94,120,158,186,181,157,162,148,143,151,154,141,127,122,126,129,146,157,162,162,155,159,150,146,144,151,158,172,176,173,143,132,134,179,131,149,214,204,203,205,215,218,221,217,182,147,112,108,100,66,54,55,42,57,115,119,144,130,113,108,135,146,142,148,136,97,74,101,138,146,126,124,142,144,149,142,99,81,74,67,68,68,59,60,85,112,123,112,79,75,101,123,130,118,103,117,134,150,166,180,182,176,109,56,39,34,21,17,31,68,104,107,100,99,120,145,158,163,176,167,165,165,160,158,154,144,152,151,146,155,174,173,165,170,129,91,57,37,43,45,35,51,100,191,242,244,229,212,190,149,154,158,161,160,165,148,105,82,152,158,128,138,144,123,113,77,34,54,78,109,119,74,34,40,39,53,69,79,86,98,115,127,111,117,100,74,76,52,113,172,206,214,233,243,205,143,138,183,180,196,192,191,155,106,107,108,105,105,105,106,106,105,101,99,95,96,96,94,93,88,76,64,57,51,44,43,44,46,45,43,40,39,41,47,54,56,52,47,42,38,36,34,36,37,36,34,30,30,29,24,20,17,18,19,26,29,32,34,35,35,36,36,40,43,47,48,48,49,52,55,63,73,86,95,97,95,93,94,93,92,92,94,98,101,104,105,102,103,97,84,69,54,41,29,26,19,13,15,18,19,
66,64,65,64,60,62,81,103,118,111,96,82,78,82,85,84,82,81,81,81,82,79,73,68,64,61,58,56,55,55,55,54,55,55,58,64,72,78,81,81,77,71,65,59,51,48,54,63,73,73,71,75,79,76,84,103,109,106,103,102,101,99,100,102,107,108,106,102,101,100,93,85,92,105,122,135,140,141,141,141,126,128,125,116,107,98,86,75,89,85,113,165,190,176,159,157,145,142,147,156,153,138,128,128,125,126,146,152,158,163,155,161,157,144,142,143,153,171,184,177,124,119,145,175,115,169,215,207,209,194,209,215,213,209,184,170,146,121,86,46,49,53,26,30,78,96,117,137,119,127,136,138,149,158,164,159,158,171,185,185,179,165,175,174,178,169,116,81,88,91,103,103,92,98,117,126,129,124,99,100,122,134,129,108,89,110,137,159,179,193,197,194,157,96,52,35,23,14,17,38,70,70,58,51,68,98,128,150,157,157,164,168,163,161,160,153,145,146,157,162,160,164,158,136,59,22,5,12,30,37,46,73,156,218,241,247,238,217,203,170,150,141,138,129,139,141,104,80,133,165,163,132,103,90,97,105,46,22,19,39,74,117,116,71,69,80,97,111,119,126,134,140,147,136,133,116,82,75,48,116,181,207,219,230,228,174,138,162,169,176,180,204,181,124,111,108,107,106,106,107,107,105,102,99,100,98,96,96,99,97,86,73,66,60,53,50,51,52,50,48,41,41,42,47,53,56,54,51,44,40,36,35,37,38,38,37,34,33,30,23,16,14,15,17,27,30,34,37,38,38,38,38,39,42,45,47,47,49,53,56,67,77,90,97,97,96,95,95,93,93,93,96,100,102,102,102,99,101,97,87,71,53,34,22,23,16,13,17,22,23,
64,64,65,65,61,61,73,87,106,103,93,83,81,88,92,91,95,91,86,83,81,79,75,71,65,62,58,56,55,55,53,52,53,54,58,67,77,82,80,77,76,70,63,57,49,43,49,59,61,63,64,68,74,73,78,92,92,101,107,102,96,97,106,114,113,109,99,91,93,99,97,89,98,113,130,141,144,144,142,139,137,129,120,112,103,93,86,84,99,113,163,186,161,153,156,135,126,142,156,154,139,127,127,132,124,125,149,151,155,165,155,165,161,141,141,142,157,174,187,168,102,120,164,164,102,181,212,212,203,168,183,197,192,187,170,173,153,130,97,67,56,38,21,34,62,102,124,166,160,180,171,159,169,149,130,128,144,158,163,164,143,143,158,158,147,133,99,70,114,116,131,135,125,132,140,131,128,137,126,126,134,133,130,120,108,130,156,177,195,207,209,204,203,146,82,47,36,28,20,18,23,28,22,13,16,33,70,109,140,148,158,164,162,153,141,134,141,144,152,146,142,158,133,68,22,13,31,59,56,48,88,149,223,245,242,249,247,219,190,155,153,136,124,90,85,108,103,104,177,207,219,177,151,147,123,111,98,51,24,39,65,87,113,135,113,110,116,134,153,162,161,156,174,172,170,154,134,105,57,55,97,177,217,220,229,202,151,132,174,165,186,188,177,155,116,115,111,110,109,108,107,105,102,99,104,106,103,97,93,93,92,90,79,75,69,64,61,58,54,50,48,46,46,49,54,57,57,55,47,43,38,36,37,38,37,36,35,34,30,22,14,12,13,16,24,27,33,37,39,40,41,42,43,44,45,46,47,49,51,53,66,78,91,96,96,96,96,95,93,93,94,97,100,99,95,91,91,95,96,91,81,65,47,32,24,20,18,22,27,27,
61,63,64,64,63,63,68,73,85,87,82,76,78,87,92,90,94,89,82,78,76,74,71,68,68,64,58,54,52,51,51,50,53,55,61,70,77,80,78,76,76,66,57,52,46,42,47,56,55,60,59,60,67,71,75,84,86,102,110,102,97,106,117,121,109,98,86,84,88,94,97,99,104,119,133,138,137,137,139,139,138,119,104,100,95,88,87,94,107,146,179,161,132,145,146,110,128,148,157,143,128,128,131,130,125,126,154,152,155,167,155,168,165,142,147,150,166,175,176,141,94,132,163,134,87,186,217,215,180,133,153,176,176,170,146,148,153,149,122,96,73,57,67,81,108,129,130,163,155,136,113,105,94,95,104,132,164,171,155,142,142,150,157,157,139,129,125,103,114,114,133,141,124,123,133,127,127,136,128,128,129,124,131,134,129,147,170,189,206,217,217,210,206,186,133,82,55,41,31,19,17,19,16,14,11,11,31,64,109,135,150,151,145,122,104,106,128,137,138,130,134,134,89,28,25,37,63,82,75,86,151,215,242,248,243,248,248,216,173,138,97,86,96,88,114,165,168,166,201,238,252,195,140,122,97,79,105,126,115,94,97,99,111,144,150,139,134,146,164,175,177,175,161,178,185,177,184,136,116,63,47,116,185,219,226,207,166,131,171,164,179,171,163,155,123,119,116,114,112,111,110,109,107,105,105,103,96,87,83,87,92,95,89,89,87,83,77,70,63,59,58,56,54,55,57,59,59,59,55,50,43,39,39,38,37,35,37,36,32,23,15,13,16,20,27,31,37,43,47,49,52,54,51,50,48,48,49,50,50,51,60,75,90,95,96,96,96,95,94,95,96,99,100,96,87,80,83,87,90,89,84,74,59,47,30,26,23,26,28,27,
59,61,63,63,64,66,65,64,67,71,71,67,71,82,87,85,94,92,90,90,92,91,89,86,76,70,62,55,52,52,52,53,57,62,69,76,80,81,81,80,76,62,50,47,46,44,49,57,64,68,62,58,67,75,81,88,102,113,113,103,102,114,118,111,92,82,81,94,100,95,94,100,108,122,134,132,127,129,135,140,126,116,110,106,92,81,94,119,144,168,151,128,139,139,118,111,146,158,153,134,130,143,142,127,127,129,159,155,156,168,156,170,169,145,155,158,174,174,163,115,99,143,147,103,76,189,227,216,160,110,137,169,175,168,132,123,136,157,145,139,135,131,130,102,71,64,62,113,138,112,122,155,162,165,163,169,186,191,184,180,165,153,132,136,136,139,143,108,89,92,120,129,99,89,108,118,131,136,126,129,132,123,127,130,125,142,165,186,207,222,223,217,206,226,197,135,84,58,50,40,29,21,16,22,25,13,11,26,62,109,136,136,123,94,82,100,108,134,143,139,131,96,54,41,47,57,64,74,100,155,217,238,248,252,254,250,235,193,139,107,79,87,118,106,118,172,194,212,217,240,237,191,149,136,115,79,61,67,105,144,148,141,138,130,167,156,147,148,155,163,175,184,192,184,199,199,186,191,133,108,79,72,130,209,227,206,177,148,159,166,157,168,158,130,129,117,118,116,114,114,115,115,114,114,103,92,78,70,76,86,91,89,97,100,102,101,94,85,77,72,66,63,60,59,60,61,61,61,62,56,49,44,42,40,38,36,39,38,34,26,17,16,21,25,38,42,49,55,60,64,68,71,59,56,52,51,52,52,50,49,53,70,87,94,95,95,95,92,96,97,100,103,102,94,83,74,77,80,83,84,81,75,63,52,43,37,31,29,26,23,
63,64,63,61,62,65,62,55,57,58,61,67,75,81,85,86,83,83,84,86,87,85,79,74,67,65,60,56,54,54,53,51,57,61,71,82,85,80,76,76,68,56,47,46,47,48,55,64,64,60,59,65,74,81,89,95,111,107,90,81,97,112,107,97,84,83,87,94,96,94,92,93,96,111,129,132,128,134,138,129,108,108,112,91,92,112,121,148,157,143,144,142,142,125,104,130,148,157,144,137,149,145,130,133,127,155,157,152,167,169,162,170,159,157,159,153,173,172,161,112,136,137,114,76,73,191,227,217,147,98,157,185,163,170,146,115,135,150,175,182,145,89,61,65,59,53,76,124,162,179,178,169,153,163,169,141,128,114,118,113,116,114,126,134,133,147,160,154,118,108,112,98,77,74,78,90,117,112,107,105,108,115,122,126,120,134,155,180,198,203,216,240,222,225,228,207,151,89,63,68,50,43,31,19,26,13,23,26,34,69,118,130,121,114,105,110,103,122,111,124,101,61,73,61,70,78,79,108,155,194,231,248,253,246,251,243,222,162,86,72,88,123,143,163,166,175,213,229,244,229,224,202,203,220,188,153,138,136,129,126,133,149,160,162,163,172,162,152,162,167,168,177,177,189,197,200,204,198,169,138,98,101,77,139,232,203,183,157,161,157,169,140,148,107,84,77,81,91,101,105,102,98,99,101,100,78,56,55,70,88,94,92,96,103,107,107,109,109,97,82,74,71,66,62,60,60,60,60,63,61,57,53,47,42,38,36,39,44,44,32,19,18,27,38,45,49,56,67,81,91,93,91,82,68,58,59,59,52,49,50,53,62,79,93,96,91,90,92,95,98,101,101,100,95,84,76,75,77,78,80,78,74,69,65,51,49,44,37,31,28,
69,70,67,62,60,61,59,55,64,65,68,73,79,84,86,87,82,81,81,82,83,80,74,69,63,60,56,52,51,52,51,50,56,60,69,79,82,79,77,78,68,57,47,46,47,49,57,67,69,64,66,75,80,80,83,91,75,80,82,92,108,106,90,79,82,81,84,90,92,91,90,92,109,117,128,133,133,135,128,112,100,104,110,107,111,120,132,157,156,140,140,138,133,114,104,140,153,152,141,141,150,143,130,131,139,160,160,157,170,170,164,172,164,156,166,166,171,162,163,137,127,121,102,68,93,187,224,194,120,97,157,180,146,155,169,164,168,181,193,186,157,127,115,119,119,142,171,196,206,195,168,146,127,110,90,67,92,127,166,174,174,170,169,160,152,172,198,203,177,147,138,120,84,57,61,94,119,104,79,66,78,103,116,114,105,112,122,145,178,204,220,235,230,228,226,220,200,160,114,83,64,54,51,45,46,26,24,16,24,43,88,113,124,130,115,103,89,105,111,114,78,55,81,76,81,112,139,178,215,234,247,248,247,249,254,243,210,155,103,106,148,169,175,182,185,202,227,218,211,200,194,174,182,212,203,184,160,151,153,166,171,164,161,166,189,206,189,159,163,181,182,175,191,192,190,193,207,215,200,175,130,110,73,94,199,221,188,162,152,160,158,112,116,104,78,54,53,58,66,73,77,78,77,76,72,59,49,53,71,89,95,94,93,96,98,101,109,113,104,90,79,76,71,65,62,61,60,60,62,60,58,55,52,47,42,37,37,39,39,33,26,26,32,39,45,57,74,89,98,103,103,99,91,78,68,65,61,54,50,51,50,59,73,87,93,92,92,94,95,100,103,102,99,95,90,84,82,82,83,84,81,77,72,69,62,59,54,47,40,36,
84,82,76,66,60,58,58,57,66,67,68,72,76,79,79,79,81,80,79,79,79,75,69,64,60,56,51,49,49,49,49,50,54,59,68,77,80,79,78,80,69,57,47,45,47,50,60,70,70,68,72,82,83,77,76,82,66,72,80,94,102,92,78,76,86,84,83,86,89,91,95,99,119,122,127,134,139,136,117,96,104,114,117,127,131,125,138,155,148,131,126,121,110,94,99,140,158,146,141,147,151,142,134,134,150,163,161,161,171,169,164,173,164,152,167,170,170,172,173,146,94,96,89,64,111,178,218,171,115,101,139,160,127,135,178,190,170,159,147,153,183,210,210,194,213,214,198,192,210,211,183,160,144,128,141,156,163,137,148,171,148,147,152,149,134,139,172,199,180,172,170,148,121,107,103,118,106,86,55,42,62,91,93,76,72,78,80,97,137,179,207,222,229,235,234,226,220,207,177,145,108,75,63,50,47,33,34,20,26,31,71,104,121,131,110,85,90,97,118,111,70,61,83,89,106,151,186,217,238,245,251,246,254,249,244,227,205,175,151,161,182,191,202,212,206,211,225,212,190,175,177,170,155,152,170,208,211,188,172,173,172,160,148,145,180,205,216,203,188,180,186,203,194,202,205,202,204,213,215,211,170,133,90,57,147,224,192,162,137,152,146,100,91,95,77,57,45,43,43,49,55,56,52,47,42,38,39,50,70,87,94,94,91,91,90,93,103,112,107,96,87,84,78,71,65,61,59,59,61,59,58,58,58,53,45,38,33,33,34,35,35,37,40,43,53,72,94,107,111,111,108,105,96,86,78,73,67,58,54,54,51,55,65,79,87,89,90,92,91,97,99,96,93,92,92,91,87,87,88,88,86,84,81,79,76,73,68,60,53,47,
99,95,85,72,62,58,59,61,63,64,66,69,72,74,73,72,80,79,78,78,78,75,69,64,61,55,50,48,47,47,48,51,54,61,70,78,81,80,79,79,68,56,46,44,47,51,61,72,65,70,75,77,76,73,71,69,69,82,91,94,95,87,83,90,92,90,88,88,91,97,105,111,117,123,129,136,141,131,110,95,110,130,126,137,141,134,147,149,137,122,111,101,89,83,100,133,159,144,143,152,147,139,139,141,154,159,159,162,169,166,164,173,169,155,165,167,176,193,167,109,68,91,87,75,120,179,217,166,118,127,140,148,143,171,188,135,117,141,166,180,187,186,169,148,128,163,179,176,174,164,173,205,200,170,141,123,154,177,190,177,197,176,161,148,119,106,143,194,194,202,208,188,171,159,138,134,124,102,75,69,89,107,95,70,56,64,67,78,109,148,186,216,225,240,245,233,225,225,219,206,166,113,90,62,48,43,49,36,33,36,76,106,116,121,100,75,95,98,121,111,83,73,77,102,151,195,220,234,241,245,255,254,253,250,250,246,237,220,204,204,187,197,214,219,213,213,194,150,117,130,157,168,147,117,125,165,212,206,190,169,155,152,151,149,140,158,190,223,230,208,182,173,190,203,213,211,206,209,215,218,197,164,127,61,97,197,197,153,127,139,143,117,90,83,72,77,54,49,44,43,46,45,40,35,32,31,32,45,67,85,92,92,92,91,88,88,94,102,102,96,94,91,84,76,67,61,58,57,59,57,57,59,61,56,45,36,31,29,31,35,39,42,46,50,70,87,105,111,111,110,106,101,93,88,84,81,74,64,59,57,54,54,59,71,80,85,87,89,87,90,90,87,85,88,90,90,88,89,89,90,90,90,90,90,85,83,79,73,66,61,
102,95,84,71,59,54,55,59,59,61,65,71,76,79,79,78,79,78,77,77,78,76,71,67,64,56,48,46,45,44,47,52,56,65,75,81,81,79,77,76,66,53,43,42,45,50,60,71,65,75,77,68,65,69,65,55,55,82,98,97,95,94,93,96,89,92,94,96,98,103,109,112,111,126,134,138,136,120,103,103,110,136,131,134,144,148,160,149,127,116,101,91,84,91,114,129,150,143,146,148,138,133,139,145,149,153,157,162,167,166,167,174,177,158,168,178,186,192,135,69,80,107,86,85,117,189,212,168,142,121,131,178,161,128,157,174,188,190,182,158,132,121,127,137,143,106,74,103,159,164,145,151,173,151,156,174,194,174,169,169,154,136,120,112,101,95,115,148,191,195,207,205,191,163,142,159,168,142,117,114,126,130,120,107,89,91,94,106,127,150,184,220,233,240,247,248,250,248,238,226,206,165,151,104,68,53,53,45,33,38,76,105,117,120,100,82,90,101,120,107,92,75,75,132,181,223,243,249,251,249,255,253,250,253,253,249,237,230,234,236,214,211,201,183,191,207,161,84,89,128,145,145,154,164,169,168,184,203,211,191,157,137,135,140,149,160,172,179,190,207,212,205,198,198,199,204,211,218,219,217,213,189,155,89,69,160,202,148,126,134,148,134,104,87,75,82,66,60,52,47,44,41,38,36,32,29,29,39,64,84,93,94,95,95,92,89,90,94,97,98,99,96,89,79,69,61,58,57,59,57,57,60,61,56,44,36,31,29,29,33,35,38,46,55,81,97,110,114,115,113,106,96,90,89,88,87,81,70,61,57,54,52,55,64,75,82,87,90,90,90,87,84,86,90,91,89,89,89,90,90,91,92,92,93,90,90,88,84,79,75,
90,82,71,61,53,49,51,55,54,57,64,73,81,86,87,87,79,77,77,78,79,78,74,70,67,56,46,43,42,41,46,54,62,72,80,82,79,76,73,71,62,50,41,40,43,47,57,68,70,78,75,63,60,66,60,47,55,80,90,84,85,90,92,92,82,91,100,104,105,106,105,103,111,131,138,136,129,108,97,112,120,142,138,132,144,157,156,139,118,106,90,90,89,98,122,124,134,145,148,138,129,128,132,136,141,149,159,165,167,170,175,177,173,156,173,197,196,176,106,73,104,113,72,84,110,190,189,161,143,156,159,165,151,149,180,181,172,156,145,154,171,181,179,174,174,160,153,167,172,149,148,179,194,197,190,159,165,175,179,157,142,146,140,137,147,150,140,134,137,164,189,189,189,182,174,196,193,175,162,163,166,160,154,152,145,140,138,153,173,184,202,227,243,245,250,253,254,252,245,239,227,206,203,139,89,64,52,47,42,48,75,99,119,119,93,82,95,111,128,111,92,81,101,173,205,235,245,250,253,251,255,251,253,251,245,246,240,236,236,217,196,153,115,100,120,139,124,112,151,181,176,171,189,206,217,216,205,208,218,220,198,164,146,147,117,133,164,183,178,177,192,203,209,207,204,204,205,209,217,224,219,204,166,116,69,131,192,155,123,131,151,135,121,115,103,86,83,78,69,60,51,43,38,35,35,29,28,38,62,84,96,98,98,99,98,95,93,94,98,102,101,99,93,83,71,63,59,58,59,58,59,60,61,56,47,39,34,32,31,33,32,32,42,54,82,99,116,123,127,126,113,97,94,94,94,93,87,76,63,55,51,49,52,61,73,82,90,96,100,99,96,93,95,98,96,91,91,90,90,89,89,89,89,89,92,93,93,92,89,87,
74,65,57,53,50,49,51,55,58,61,68,77,84,88,89,88,83,81,80,81,82,81,78,74,70,57,45,42,41,42,50,60,70,78,83,79,74,71,69,67,58,47,38,38,41,44,53,63,73,71,67,64,65,64,57,49,66,72,69,67,77,86,88,91,88,97,105,106,105,104,103,100,116,135,137,131,124,102,95,118,138,146,147,137,148,158,139,123,116,96,82,98,98,96,116,115,121,150,150,129,125,128,124,121,133,147,164,169,167,174,181,179,169,165,185,204,196,166,97,98,114,105,74,101,127,192,175,170,187,171,159,176,195,193,171,138,155,164,177,186,184,172,157,147,166,135,110,115,133,146,153,161,141,167,203,195,172,140,157,179,195,197,178,156,145,129,115,116,125,153,161,146,160,178,173,182,187,187,190,193,191,186,183,183,180,180,181,191,209,216,222,234,248,253,253,250,245,246,251,254,241,228,224,161,128,106,70,50,58,71,86,98,115,105,74,75,102,110,130,121,100,115,164,212,236,247,242,245,253,252,254,254,244,247,246,254,245,219,184,127,107,65,38,44,80,101,120,175,193,208,199,211,222,204,201,210,223,214,217,232,236,222,207,202,174,145,151,182,192,191,201,211,210,216,221,217,204,196,203,217,216,215,179,139,85,106,152,166,118,124,152,129,128,129,126,100,97,93,87,78,68,56,45,38,36,31,31,41,61,81,94,99,100,101,101,100,98,97,99,101,102,100,95,85,74,65,61,61,61,61,61,62,62,58,52,48,43,38,37,39,36,33,40,52,79,100,119,129,134,134,121,104,103,101,99,97,92,83,70,60,51,49,53,61,71,81,91,99,107,109,108,105,103,102,99,94,89,88,88,88,88,87,87,87,90,92,94,95,94,93,
65,56,50,50,52,52,55,59,68,71,77,83,88,90,89,87,88,86,84,85,86,85,81,78,73,58,46,43,43,45,54,66,76,82,84,76,69,67,67,66,56,45,37,37,39,42,50,60,71,60,57,66,70,63,56,56,62,57,53,65,86,93,89,92,100,106,108,103,100,103,106,106,120,135,132,126,123,102,96,121,145,142,149,142,154,160,128,117,122,94,82,110,107,91,108,109,114,154,153,124,126,131,119,110,128,145,166,171,167,176,184,179,176,186,199,201,188,165,97,105,116,102,97,134,160,203,181,198,197,188,174,159,149,143,134,130,118,152,187,196,187,180,180,182,160,165,175,182,190,203,200,182,166,181,199,186,176,160,169,173,174,182,182,176,151,111,106,139,138,120,91,77,103,120,117,137,160,171,177,174,172,178,185,187,189,202,209,213,223,231,235,241,250,254,254,249,250,254,254,251,249,236,233,185,182,166,99,53,65,89,101,101,110,89,59,75,96,92,119,126,112,157,225,237,241,244,232,237,247,244,243,237,242,242,228,213,176,136,105,52,49,53,55,65,123,166,171,204,217,217,181,183,208,207,209,210,204,215,224,225,224,224,222,218,186,160,151,154,156,171,189,189,205,210,219,225,219,204,196,196,209,225,196,154,99,89,112,171,117,118,151,125,123,114,124,108,97,95,92,89,84,73,59,49,35,34,37,46,61,77,90,97,103,101,101,101,101,99,97,96,102,101,97,87,76,67,64,64,62,63,64,64,63,60,57,55,53,46,44,45,43,38,42,51,79,100,120,128,132,135,125,111,108,105,101,98,96,90,78,67,52,52,55,62,70,79,90,99,109,114,116,112,106,102,98,95,85,85,86,87,87,88,88,88,87,90,93,94,94,93,
73,70,64,56,51,50,54,58,67,77,85,85,84,87,89,89,90,89,88,89,87,82,74,67,59,52,46,44,47,52,62,71,77,80,80,75,70,68,67,65,54,42,34,35,35,36,47,61,67,68,66,62,61,62,60,57,58,54,57,71,83,88,87,86,109,94,85,91,100,104,106,110,110,130,141,120,110,101,95,134,147,143,142,154,160,143,123,121,103,104,102,99,99,102,103,102,115,141,156,121,118,125,101,117,122,156,169,168,163,170,187,183,188,201,212,195,174,148,117,114,126,130,150,159,174,208,222,200,174,128,110,130,142,140,146,158,178,179,180,180,180,179,172,164,176,169,165,175,194,200,182,158,117,108,116,133,129,109,111,131,161,160,179,188,170,164,164,150,124,98,82,80,78,80,85,88,105,120,134,137,137,142,150,155,173,167,172,193,215,227,230,232,245,232,244,245,230,249,253,235,240,246,241,218,227,207,162,110,85,87,96,100,99,78,55,70,85,87,86,119,172,216,241,233,245,247,244,228,233,237,211,194,213,201,157,144,95,78,92,71,97,103,101,125,180,208,203,207,187,157,136,153,179,179,169,172,182,192,197,198,208,223,229,225,232,225,203,182,175,172,174,182,195,199,204,213,226,228,208,182,204,215,221,178,124,88,92,150,129,110,142,128,125,108,126,122,110,103,95,91,93,89,73,56,44,47,56,67,73,78,87,97,96,98,101,103,103,101,98,96,103,99,94,87,79,72,67,63,64,62,61,61,63,64,63,62,54,51,50,50,46,41,42,47,70,94,116,124,124,123,117,110,106,117,111,107,104,98,94,75,59,50,58,66,80,90,82,84,94,101,107,108,106,103,98,93,90,89,87,86,86,86,87,88,88,89,89,90,91,93,
81,75,65,57,52,50,51,52,59,64,68,71,77,85,89,89,85,85,84,80,74,67,62,58,56,52,50,50,49,49,54,60,76,80,80,76,72,71,69,66,56,43,34,34,34,35,46,60,67,68,66,62,61,61,60,57,53,49,52,62,71,74,75,75,86,83,87,98,104,103,104,109,115,129,136,117,107,98,95,132,147,147,147,153,156,139,120,116,105,108,109,106,105,107,109,109,119,135,151,125,117,113,95,124,126,158,164,162,167,174,186,186,175,194,212,197,170,142,117,121,133,156,163,161,195,210,160,104,85,100,127,147,153,165,182,190,155,157,171,184,171,151,159,186,178,182,184,185,185,178,163,149,124,112,119,145,158,145,130,126,130,155,154,148,164,154,103,63,49,101,146,147,134,132,113,78,51,60,70,75,81,88,92,92,104,101,117,148,168,175,191,213,204,210,218,225,230,236,240,239,241,251,252,240,247,234,218,195,150,109,79,76,85,68,46,62,66,76,110,178,221,226,240,252,250,249,241,217,211,203,172,155,162,131,97,115,100,104,139,161,171,187,167,177,216,235,229,196,140,129,121,136,165,176,173,172,185,198,203,199,200,208,207,199,195,205,207,206,211,208,195,187,194,198,198,196,204,218,220,212,208,211,215,186,144,100,85,124,126,108,141,129,122,106,122,119,111,107,101,99,101,97,83,69,58,64,74,83,86,86,91,99,98,99,102,103,103,101,99,97,100,98,94,88,82,75,68,63,63,62,62,64,66,66,65,63,55,51,48,48,45,41,40,42,64,88,111,119,119,118,114,108,112,122,116,114,112,107,103,84,62,51,56,63,78,88,82,83,79,84,89,92,95,98,96,92,90,89,87,86,85,86,87,88,88,88,88,89,90,91,
86,78,68,59,55,52,49,47,47,47,48,54,66,76,77,74,75,76,74,69,62,58,57,58,52,51,51,50,47,45,50,57,76,80,81,78,75,74,71,68,58,44,34,34,34,35,45,59,66,68,67,63,61,61,60,57,55,51,50,55,60,65,71,75,87,91,101,109,107,101,102,108,121,129,131,116,106,97,100,136,148,154,153,150,147,133,116,111,106,111,113,109,106,107,110,111,117,137,152,123,107,105,99,130,132,162,158,159,177,182,187,192,202,203,200,173,149,134,126,143,154,170,168,175,200,167,96,92,113,127,146,156,163,180,189,183,173,177,171,160,168,189,197,191,186,179,171,169,175,181,180,176,165,145,135,145,156,149,129,115,146,151,136,125,131,112,78,66,104,132,165,174,161,143,116,85,65,63,60,58,59,59,55,49,53,54,64,81,93,103,120,138,126,125,142,164,177,198,227,244,234,246,252,240,246,237,237,233,216,159,100,70,72,63,45,58,53,108,165,210,230,235,244,239,241,243,242,227,225,221,197,188,208,177,153,170,162,157,166,196,208,237,212,208,222,230,220,154,125,138,143,150,171,184,176,163,155,178,194,196,197,204,201,190,193,199,191,180,183,194,206,219,201,205,200,187,181,190,205,213,217,214,212,197,171,125,93,109,121,106,139,129,119,104,117,115,110,109,107,105,107,105,95,84,76,83,93,99,98,95,95,99,98,99,101,102,102,101,100,98,97,96,93,90,84,77,68,63,62,63,65,67,69,69,66,64,57,52,47,46,45,41,38,38,55,79,104,115,115,114,112,108,117,127,122,121,122,119,114,94,68,53,54,59,73,86,80,82,72,74,76,79,86,95,97,95,90,89,87,85,84,85,86,87,87,87,87,88,88,88,
91,86,79,71,65,60,55,51,49,47,49,57,67,73,70,64,75,73,69,63,58,56,57,58,52,50,46,43,40,42,54,67,78,82,83,80,78,76,72,68,59,45,34,35,36,37,46,60,65,68,67,63,61,61,60,57,60,55,49,47,52,63,78,89,102,105,110,111,105,100,105,113,125,130,129,117,106,98,112,145,151,160,155,143,136,126,113,107,108,113,113,107,101,102,107,110,110,145,157,114,92,105,113,130,138,165,157,162,189,190,188,196,203,205,203,176,147,128,124,147,163,189,172,140,146,150,109,121,145,134,143,168,184,187,182,173,175,168,171,190,203,199,187,179,166,167,171,179,188,190,184,176,147,143,142,155,177,196,203,203,184,173,186,195,179,175,185,183,167,136,123,134,141,141,144,147,134,125,109,93,78,67,58,52,74,54,47,61,68,66,77,98,92,72,109,143,139,178,232,230,224,233,241,230,244,240,240,233,236,212,161,98,70,60,47,57,70,155,207,210,208,229,243,221,221,227,237,237,245,249,237,239,245,241,233,235,226,222,200,209,218,239,244,238,199,159,152,135,139,169,180,177,192,206,192,168,142,164,180,183,187,198,202,198,189,195,190,176,163,159,180,212,207,210,211,200,180,165,169,181,210,217,215,206,190,152,115,112,119,106,136,130,116,103,113,111,106,107,106,104,104,105,101,96,89,93,99,104,105,102,98,97,97,98,100,102,103,103,102,101,96,94,91,89,84,77,68,61,62,64,68,71,72,70,67,64,60,53,48,46,47,44,39,35,47,71,98,111,114,113,112,111,119,129,124,125,129,127,123,102,72,55,52,54,68,81,76,79,74,73,71,72,81,92,96,95,90,89,86,84,83,83,85,86,87,87,87,87,87,87,
98,97,93,86,76,66,60,57,59,58,60,67,75,79,79,77,87,80,71,63,58,56,54,53,53,49,44,40,38,44,59,73,82,84,85,82,79,77,72,67,59,44,34,35,38,38,47,59,63,67,68,64,61,61,60,59,61,54,44,38,45,64,87,102,101,102,103,104,104,106,112,120,126,134,130,119,103,98,121,148,154,160,151,134,127,121,111,107,111,114,113,106,101,104,112,117,110,142,148,104,81,99,118,130,138,164,158,169,196,191,186,196,196,200,202,177,147,130,137,172,191,175,139,108,117,153,115,105,106,119,158,193,191,174,169,172,166,182,203,211,198,182,184,196,188,197,206,207,198,190,189,193,214,216,215,213,216,221,219,212,213,205,211,216,212,212,183,129,109,105,106,111,125,150,168,167,183,178,166,149,131,118,115,117,134,96,84,107,112,95,110,149,141,132,169,195,183,207,232,209,207,218,227,218,237,241,245,238,231,236,208,138,85,57,44,60,101,166,210,218,209,213,226,219,217,220,232,235,244,246,237,246,236,244,244,245,243,253,236,239,239,197,203,212,183,131,98,114,152,178,183,175,191,215,212,195,170,178,182,177,176,184,191,192,181,184,189,193,178,152,156,185,202,203,212,216,194,160,145,151,174,203,214,213,205,173,134,113,121,107,132,129,112,103,110,109,104,105,103,99,99,102,103,101,97,98,100,104,108,108,103,98,97,99,102,104,106,106,105,105,95,91,87,84,80,74,66,60,62,66,70,73,72,69,66,63,61,55,50,48,50,49,43,36,42,62,87,103,108,110,111,112,119,128,123,127,133,133,128,106,73,56,51,51,63,75,71,74,73,70,67,67,76,86,92,91,91,89,85,83,81,82,83,85,87,87,87,87,86,86,
99,98,94,85,72,60,54,51,55,54,57,65,74,80,84,88,86,79,70,64,62,61,59,57,55,51,47,45,44,48,60,72,84,86,85,82,80,78,73,67,58,43,34,36,38,38,45,55,60,65,67,64,61,62,62,60,62,56,45,39,47,69,93,108,98,99,101,106,110,113,115,116,125,135,128,116,100,100,128,143,155,155,141,126,124,120,110,106,113,116,114,109,106,112,119,124,116,131,127,96,73,85,111,125,136,159,161,176,194,184,183,193,207,192,182,169,163,161,166,194,203,146,113,116,123,143,84,70,121,151,187,194,173,163,171,179,193,211,213,194,187,202,212,208,207,206,205,205,204,205,211,219,214,209,197,186,184,182,169,153,142,166,159,131,108,84,77,96,105,94,78,63,73,116,157,169,173,178,185,189,186,185,190,198,179,174,167,161,157,161,178,195,195,212,221,226,235,234,222,215,214,221,225,211,220,217,229,235,232,233,218,169,117,73,54,79,117,166,204,221,216,208,210,200,203,203,213,221,230,232,225,240,240,236,227,239,230,228,217,218,189,148,147,142,157,165,127,128,177,186,176,162,174,197,206,204,180,182,186,190,191,187,183,181,176,168,171,188,190,166,155,170,190,193,204,211,194,160,135,128,133,173,194,211,218,191,151,120,125,108,126,126,108,105,109,107,106,106,102,98,97,100,101,100,100,101,102,104,109,112,107,101,98,101,104,107,109,108,106,104,94,87,80,75,73,70,65,61,64,68,72,73,71,67,63,60,59,56,52,50,53,54,49,42,40,53,71,86,96,102,106,109,116,124,119,125,133,135,129,106,72,55,52,50,59,69,65,70,69,68,67,68,75,86,91,91,91,89,85,82,80,81,82,83,86,86,86,86,86,85,
94,90,82,71,60,52,46,43,47,47,53,66,76,79,81,82,78,75,71,67,66,66,67,68,58,53,49,48,49,54,64,74,85,85,84,80,79,79,75,69,57,43,33,35,37,35,39,47,58,64,67,65,62,62,63,62,64,59,52,47,55,74,92,101,98,100,104,109,115,117,114,110,120,131,121,111,100,109,138,139,153,146,131,122,125,121,110,105,112,114,112,108,107,112,116,117,119,127,114,82,62,79,107,112,136,156,166,184,188,175,182,193,199,184,182,186,192,182,166,177,175,147,127,116,113,146,92,86,170,182,192,185,176,185,196,193,202,186,183,199,209,202,192,190,182,181,188,204,215,213,203,194,197,186,171,163,169,176,169,157,175,141,87,60,63,57,61,90,95,80,77,85,90,96,104,105,111,124,149,176,194,201,204,206,200,219,217,193,188,207,214,202,216,229,221,220,235,228,216,229,240,229,223,211,213,196,208,227,226,223,212,181,148,110,87,106,135,177,202,210,211,213,212,190,190,185,193,202,213,213,208,226,228,214,194,218,202,188,182,165,131,147,162,143,142,157,161,190,201,201,190,180,182,184,188,195,180,172,175,191,200,195,190,191,172,167,168,187,199,184,164,161,181,191,198,195,185,168,142,119,109,134,145,182,213,198,170,142,129,108,120,122,104,105,107,106,108,107,104,99,98,99,98,95,96,101,105,105,106,107,104,100,97,100,104,107,107,104,100,97,91,82,71,66,65,67,66,64,66,69,73,73,69,64,59,57,55,55,54,52,54,57,54,47,44,49,57,68,80,91,99,105,109,117,112,119,129,131,125,101,69,55,53,50,56,63,60,65,64,67,69,71,77,86,91,92,92,89,85,81,79,80,81,83,84,84,84,84,84,84,
92,84,72,62,56,51,47,44,50,52,62,79,90,88,80,75,79,79,77,72,67,65,67,69,62,54,47,46,50,58,70,80,84,84,82,79,79,80,77,71,57,42,33,35,36,32,34,41,56,63,67,65,62,63,64,63,61,59,55,52,60,74,85,88,93,95,100,106,113,117,115,112,115,127,115,108,103,119,148,139,151,140,124,121,128,123,109,103,108,110,108,104,103,105,105,103,118,133,113,69,51,82,111,97,138,155,171,190,184,170,183,195,194,190,194,187,172,154,151,180,175,135,115,124,122,138,106,166,186,186,193,200,202,204,197,180,175,191,197,187,180,185,189,186,201,202,208,213,209,198,189,187,187,181,172,170,177,183,179,171,142,116,98,85,81,112,143,142,120,111,107,98,82,73,70,65,63,78,110,150,179,186,179,173,211,206,206,214,220,219,215,213,228,216,218,226,221,214,218,225,236,207,196,198,208,183,191,216,208,216,209,179,160,141,118,124,163,184,192,202,210,215,223,213,216,205,206,209,212,204,194,210,218,203,173,196,180,172,174,140,165,162,161,175,166,124,133,194,200,203,206,210,207,191,183,192,202,176,161,171,183,187,196,210,200,193,180,178,187,188,183,184,173,193,199,187,182,183,160,127,102,102,95,144,195,195,181,165,131,108,116,118,101,105,106,104,108,108,105,101,99,99,95,89,89,99,106,105,101,100,98,95,95,98,102,104,103,99,93,89,89,78,66,59,61,65,67,68,67,70,73,72,67,61,57,55,52,54,54,53,55,58,56,51,49,49,50,57,70,83,96,103,104,111,106,113,124,127,120,96,66,54,54,51,54,60,57,63,60,65,69,71,75,82,86,87,92,89,84,80,78,79,81,82,82,82,82,82,83,83,
84,79,72,64,59,55,54,54,59,60,72,88,89,76,70,74,79,86,89,83,74,69,66,63,52,47,46,52,58,62,72,83,85,86,86,84,83,82,76,69,59,45,33,33,34,33,36,41,47,63,69,67,69,68,63,63,61,62,58,53,57,68,80,85,84,108,118,117,113,100,96,113,122,123,118,111,114,128,140,143,141,134,126,126,126,111,101,106,113,112,109,106,103,103,106,108,123,126,97,71,64,90,81,93,126,149,184,188,154,182,191,186,194,186,179,185,158,137,165,177,178,129,123,129,128,162,159,181,153,185,200,203,209,195,161,139,164,186,186,187,195,200,209,206,198,192,188,187,188,189,192,196,196,198,195,188,187,191,188,180,180,176,156,145,153,144,121,111,91,86,78,83,59,65,74,95,116,118,138,139,102,102,106,149,141,122,159,181,177,182,182,193,190,174,165,193,188,182,176,197,210,205,179,210,229,203,210,219,209,223,185,165,154,119,111,121,159,179,192,200,211,217,219,222,207,218,217,220,225,210,202,219,235,211,188,213,200,199,202,201,200,191,167,134,170,202,171,177,196,201,208,213,217,218,212,204,198,184,173,173,184,200,197,176,195,201,188,175,187,198,192,184,186,184,198,192,184,167,144,156,110,87,65,98,170,185,186,155,170,127,103,104,103,107,113,109,112,104,104,105,99,96,94,87,85,88,90,89,88,86,82,76,80,86,96,102,98,85,71,63,62,71,68,52,47,57,62,58,59,57,55,56,58,59,58,56,52,53,53,54,54,54,54,53,46,46,48,54,60,67,80,91,97,98,101,108,116,116,100,82,60,56,52,50,51,53,54,53,55,63,70,73,76,82,87,88,91,86,83,84,83,81,79,80,82,81,82,83,85,85,
86,80,71,65,62,62,63,63,60,63,72,79,76,68,69,76,83,85,83,76,70,68,69,68,60,54,52,56,60,62,71,81,90,89,87,86,88,87,79,70,58,46,37,36,35,33,35,42,47,65,73,71,72,70,66,67,66,64,64,64,62,61,70,81,101,115,114,106,105,101,102,116,123,124,119,112,118,134,144,144,140,136,127,123,121,108,99,103,109,111,112,108,104,104,109,115,134,120,86,67,66,86,74,84,129,161,181,176,161,187,187,192,184,179,175,181,158,140,162,169,168,137,121,108,125,182,190,184,193,209,209,195,175,143,127,138,163,190,198,204,206,200,199,192,192,189,189,193,197,198,200,202,197,199,199,196,188,177,171,170,170,146,115,104,94,66,54,72,74,68,66,50,42,55,119,124,88,140,152,107,94,78,106,137,100,99,104,132,144,125,132,167,165,140,125,153,158,161,162,184,213,210,187,209,222,200,208,216,207,212,178,144,120,91,89,107,147,169,185,190,197,202,209,219,206,206,211,216,219,223,223,218,224,222,225,212,228,223,200,211,209,173,159,108,98,174,212,203,205,209,213,214,216,217,213,208,202,203,197,181,172,185,198,195,175,192,203,190,180,195,204,189,190,186,195,190,186,173,145,144,129,100,59,89,138,158,170,178,152,169,141,102,106,112,103,105,112,105,104,102,96,95,92,83,75,76,79,81,81,77,73,70,71,73,79,88,92,83,59,40,47,58,62,53,47,50,53,50,46,45,45,48,51,52,52,51,51,52,53,53,52,53,55,57,55,50,46,48,52,57,68,78,91,94,95,94,93,87,75,63,54,52,50,50,51,52,53,51,51,60,70,76,82,89,93,94,92,87,84,84,83,80,78,80,81,81,82,83,85,86,
88,83,75,68,65,63,61,60,58,66,74,73,67,66,74,83,82,83,79,73,70,71,71,69,64,58,56,59,60,61,69,79,93,90,87,87,91,91,83,72,59,50,42,39,37,34,36,41,46,67,77,76,76,74,70,72,72,67,67,71,66,59,69,87,109,116,110,101,105,111,114,120,119,121,117,112,121,138,145,141,138,138,130,120,116,108,101,104,110,114,115,110,103,104,112,121,137,114,82,65,63,76,67,82,135,172,177,161,166,190,181,191,176,175,174,177,161,148,160,161,168,142,125,120,150,190,207,193,208,208,189,165,148,129,127,147,179,201,204,204,199,189,192,192,195,194,195,200,201,198,195,195,194,193,196,194,179,160,156,163,159,155,125,91,84,84,74,63,49,31,40,60,113,129,118,82,122,143,128,111,125,118,149,152,129,125,118,152,153,122,148,182,179,158,154,190,203,200,189,198,208,209,190,205,214,201,213,219,195,178,148,107,79,66,64,84,111,134,156,173,189,196,201,209,220,208,210,208,199,210,209,182,182,218,217,179,187,205,185,149,164,132,119,116,144,176,186,215,216,220,222,220,218,217,214,211,198,203,204,192,184,194,204,198,179,184,203,202,180,189,207,198,197,192,193,187,186,178,147,129,146,117,63,86,114,132,139,170,142,151,155,139,111,99,104,108,111,108,107,102,96,97,94,82,71,68,69,75,75,68,62,62,63,61,61,71,88,92,73,51,41,48,52,51,47,45,44,43,42,42,44,47,49,50,49,47,47,49,49,46,44,45,50,55,64,57,50,46,45,47,54,61,75,80,80,73,62,54,48,44,47,47,48,50,52,52,51,51,48,59,72,81,89,96,100,101,95,90,85,84,83,80,78,79,82,81,82,83,85,86,
94,91,85,77,67,59,54,51,53,66,75,73,71,76,83,86,79,80,78,76,75,75,70,64,63,57,54,56,56,56,64,75,89,89,87,88,91,91,85,76,68,55,43,39,39,38,38,40,45,68,80,79,79,76,74,77,76,70,68,68,66,66,80,97,95,104,106,105,111,119,119,116,113,115,112,112,123,139,143,136,136,140,131,119,114,110,107,110,120,120,116,109,103,105,115,124,126,107,86,63,55,65,70,87,141,169,174,155,165,187,179,180,175,176,176,173,164,157,159,158,178,149,144,162,185,172,191,199,184,203,192,158,139,135,147,169,179,198,197,197,191,182,193,204,197,195,196,200,199,193,187,185,190,191,192,185,169,155,156,164,157,141,120,105,87,60,40,35,54,88,137,157,152,138,82,113,119,94,83,113,108,145,182,176,165,147,166,196,172,164,202,206,203,187,189,216,221,200,175,170,200,202,192,203,210,204,212,211,162,129,105,71,57,60,53,65,78,90,105,129,159,179,190,202,215,209,211,211,209,216,214,195,173,214,192,182,132,131,161,103,94,97,136,145,138,166,191,198,217,224,229,228,224,221,218,214,191,187,191,195,194,201,208,207,211,188,186,198,194,185,194,207,204,200,195,186,182,177,151,120,143,128,86,90,115,122,109,121,136,118,132,149,130,112,109,101,106,108,111,106,98,99,97,85,76,69,68,76,75,64,57,59,66,63,57,60,76,93,95,85,59,52,46,44,43,42,42,42,45,47,49,50,50,48,45,42,41,42,41,36,30,30,37,43,63,62,59,53,48,45,47,50,55,58,58,51,39,34,33,36,42,44,47,50,53,54,53,52,52,63,77,86,93,99,102,102,96,91,87,86,84,81,79,80,82,82,82,83,86,87,
98,96,90,78,65,57,55,57,55,69,79,82,84,89,89,84,78,79,77,76,77,77,71,65,64,58,54,53,51,51,60,71,84,88,90,90,90,91,88,83,79,60,41,35,40,44,42,39,45,68,81,80,80,78,76,79,76,75,71,66,66,74,85,91,86,95,107,112,113,117,115,106,112,112,113,119,131,142,141,134,138,141,131,117,112,110,109,114,129,122,112,105,105,112,121,127,114,98,84,55,49,65,78,87,144,158,173,159,164,184,182,171,175,176,174,167,163,161,156,158,178,168,170,175,178,150,171,193,195,207,194,169,158,148,141,147,158,181,193,206,203,187,194,206,191,189,191,195,196,193,191,191,191,197,195,182,168,162,161,160,166,146,126,109,94,90,99,110,153,156,145,118,67,64,79,123,77,38,41,76,97,157,157,130,136,132,172,186,173,193,208,204,204,194,195,204,207,194,189,191,201,200,199,206,205,194,184,169,121,93,80,60,58,66,57,67,74,71,67,76,100,126,155,183,194,205,207,210,220,217,212,219,197,196,182,191,131,59,110,117,81,82,118,158,167,155,159,190,206,217,228,232,232,230,226,221,198,184,184,189,184,184,201,218,224,206,182,189,206,191,182,208,209,207,201,188,175,171,154,120,119,126,116,94,115,115,99,86,115,130,117,110,139,147,119,97,100,104,110,107,99,98,97,87,79,70,68,75,75,64,58,60,71,71,65,56,58,74,92,100,93,71,47,38,38,39,38,38,43,45,47,47,45,41,37,35,36,37,35,29,23,22,25,31,49,59,67,66,57,48,46,45,42,41,39,34,29,27,30,35,39,42,46,51,53,55,55,55,61,71,81,87,92,96,98,98,93,88,85,86,85,81,80,81,84,83,82,83,86,87,
95,90,80,67,57,56,62,69,69,77,85,89,93,96,90,81,77,77,74,72,73,75,74,70,68,61,55,52,48,48,59,72,85,90,94,94,93,93,92,89,84,62,40,34,42,50,48,42,47,68,79,79,80,79,77,79,76,79,77,71,71,76,79,78,98,99,110,118,114,114,114,107,116,113,118,133,144,145,140,137,141,139,126,115,112,109,109,117,132,120,108,103,109,119,126,129,113,89,76,47,50,70,83,80,144,151,173,162,167,178,179,168,172,170,170,161,163,163,155,165,176,191,185,148,138,148,168,182,200,201,190,178,163,132,116,128,157,179,195,213,209,186,189,200,193,190,191,195,197,196,196,197,190,199,199,185,172,166,159,151,153,150,143,134,141,164,162,135,100,68,38,49,66,95,153,83,49,24,51,86,150,139,83,62,91,115,141,141,169,186,164,178,169,173,184,181,187,189,205,214,207,199,199,199,184,165,143,121,102,97,90,80,81,82,79,93,89,85,75,69,71,80,108,142,172,192,194,197,209,202,196,214,208,178,170,143,150,69,72,120,70,123,121,121,180,198,167,161,192,203,217,227,233,236,233,228,220,193,183,190,187,182,187,196,208,221,200,190,211,201,184,203,210,212,207,194,171,162,157,123,97,113,129,96,101,103,101,88,93,120,125,109,114,134,138,128,105,102,105,106,100,98,95,87,78,70,67,71,73,68,64,64,67,71,71,63,55,60,78,95,108,86,59,42,37,35,34,33,39,41,43,43,41,37,35,34,36,36,34,29,23,22,24,27,34,50,68,73,67,56,47,42,38,33,30,28,26,27,29,34,37,40,44,48,51,53,56,58,67,74,80,82,84,88,92,92,88,84,84,86,87,84,82,83,86,84,83,84,85,87,
94,86,74,64,60,62,67,71,73,74,75,78,81,81,78,73,69,71,72,71,72,75,74,71,67,60,53,51,48,50,64,79,89,93,96,96,96,96,94,89,80,61,41,36,45,55,53,47,50,69,78,78,81,81,78,79,77,78,79,78,76,75,78,83,106,96,104,116,113,112,116,113,118,112,121,143,153,143,136,138,141,133,120,114,116,113,114,126,131,120,108,106,114,123,127,127,120,86,78,53,55,66,82,81,145,158,173,158,173,167,160,166,169,166,168,163,170,171,160,179,189,195,177,134,128,161,164,181,178,197,199,175,136,98,104,143,163,180,193,212,208,182,185,199,199,196,196,199,201,200,199,200,191,196,198,190,178,168,163,161,178,164,179,203,195,157,110,72,47,67,94,112,121,118,118,36,41,65,114,143,148,70,31,52,72,92,95,113,155,150,126,144,163,185,207,193,192,189,203,202,204,184,179,170,148,134,121,110,123,132,116,112,122,114,116,130,122,118,109,104,98,88,95,115,140,156,169,178,190,201,208,213,202,184,152,115,144,124,93,120,121,114,131,149,140,153,186,192,187,196,206,216,225,233,233,230,233,208,193,194,195,193,188,179,197,218,212,203,214,207,192,197,210,214,210,201,171,157,158,125,98,98,119,106,90,94,95,97,87,92,122,127,96,98,131,144,128,110,103,108,108,104,98,90,81,75,70,70,72,73,70,67,65,67,71,72,65,59,67,80,90,86,76,59,44,37,34,33,39,41,44,43,40,37,36,35,36,36,35,33,29,28,29,31,29,44,63,73,73,66,52,42,37,32,27,26,25,25,29,33,34,37,40,43,45,49,54,58,66,71,73,73,74,81,88,91,85,84,86,91,93,91,89,89,87,86,84,84,85,86,
99,90,79,73,73,73,71,68,63,59,55,56,57,58,59,61,58,65,71,74,76,76,73,69,62,55,50,48,48,53,70,87,93,94,95,95,97,98,93,86,74,59,42,38,47,57,56,51,53,70,77,77,81,83,79,80,78,74,76,82,79,74,84,100,97,81,90,108,108,110,116,114,116,109,120,147,155,139,130,135,139,128,115,114,120,118,122,136,130,121,112,110,116,123,124,123,124,89,88,65,58,56,78,89,146,169,173,150,176,156,139,163,168,165,171,168,179,180,169,193,211,185,162,146,148,173,155,188,203,203,177,145,131,119,113,121,148,168,187,214,214,188,188,202,198,195,197,202,205,204,204,206,196,195,197,196,185,174,176,186,178,186,194,173,135,118,108,86,124,126,115,83,91,112,48,53,81,127,150,164,100,51,50,61,78,71,67,116,148,129,129,134,141,175,207,190,189,186,199,192,194,165,153,138,116,116,123,128,155,166,133,134,156,147,147,155,161,147,132,131,133,122,115,123,116,124,143,152,158,186,203,187,188,190,128,138,115,136,120,136,143,134,133,144,138,135,163,186,191,195,200,207,217,226,229,226,233,223,211,194,182,189,200,199,204,207,210,217,218,208,197,195,210,214,212,206,173,155,158,126,110,87,102,117,90,93,83,93,88,98,101,106,109,97,97,120,150,121,106,112,116,112,103,94,88,84,77,72,74,77,75,69,72,67,69,76,71,58,55,61,63,80,89,76,54,41,37,37,41,43,44,42,38,35,33,34,35,36,36,36,36,36,35,36,30,41,59,71,77,72,57,41,36,31,26,25,25,25,28,33,32,34,36,38,41,46,52,57,63,66,67,65,68,77,86,91,86,86,90,96,100,98,96,95,89,87,85,84,85,86,
103,94,84,79,73,66,64,65,59,57,54,50,48,49,52,54,58,65,73,75,77,78,77,74,67,58,48,45,48,56,70,81,90,91,93,94,98,99,94,87,82,59,41,36,42,55,60,53,56,64,74,82,85,84,82,80,81,80,79,78,81,87,94,99,85,97,103,104,108,106,105,110,99,119,135,142,147,143,134,131,136,116,111,119,118,118,132,146,122,108,109,122,122,117,119,121,125,88,71,66,65,65,74,103,151,172,163,171,169,159,142,170,163,172,166,165,183,192,188,190,190,161,170,156,163,159,170,199,187,199,183,161,135,105,91,81,119,178,181,212,214,219,190,195,199,187,186,201,214,211,200,193,193,202,207,208,204,191,181,183,181,180,160,137,133,140,146,153,119,105,76,74,112,83,43,111,118,115,143,113,60,42,61,51,81,59,92,126,105,138,118,140,157,181,197,192,188,192,186,172,179,142,143,127,136,115,136,130,152,187,166,159,173,163,169,188,179,160,148,149,155,160,153,137,141,137,130,136,155,166,169,175,159,185,143,143,132,159,161,163,169,130,139,143,155,137,135,161,198,198,201,205,211,217,225,230,233,224,208,202,204,197,188,190,204,201,206,211,208,207,205,198,205,215,214,209,182,148,137,129,110,97,86,103,119,82,88,91,92,97,93,81,82,99,113,115,127,150,124,97,116,123,108,113,103,86,81,85,82,77,78,78,80,76,70,67,70,72,67,59,61,69,81,86,73,54,44,44,49,43,42,47,43,33,33,40,45,47,46,40,36,37,38,37,34,38,50,66,77,83,67,40,32,26,26,30,27,29,34,34,32,34,35,34,36,40,47,51,56,54,53,54,60,70,80,87,81,85,89,93,97,102,108,112,103,97,91,90,92,92,
105,97,89,83,77,69,65,65,62,59,55,51,51,53,58,61,65,70,74,76,79,80,78,73,65,56,48,48,53,60,68,75,84,90,95,97,98,98,95,90,85,61,41,36,42,57,63,56,53,58,67,77,85,87,86,84,83,82,81,80,81,85,90,93,93,98,98,99,106,108,106,111,111,128,140,145,149,144,132,128,130,118,118,124,120,121,133,144,119,108,113,125,125,120,122,124,124,93,79,73,68,69,83,117,167,160,172,187,160,144,152,172,174,161,163,192,202,174,171,208,187,150,162,175,177,156,150,188,192,195,180,160,126,95,85,71,109,169,184,207,208,216,200,198,206,195,189,198,210,212,206,199,214,211,205,203,198,184,182,195,171,159,151,158,172,169,139,107,105,91,89,101,109,105,132,108,115,174,116,78,55,53,44,64,92,82,112,85,123,130,143,148,175,186,191,184,175,170,164,156,144,129,132,130,150,131,126,117,152,189,179,172,183,178,178,181,178,162,152,164,182,179,153,131,148,162,161,153,161,172,168,159,153,144,126,118,147,145,163,151,170,141,129,137,144,147,137,145,170,188,206,212,210,211,219,227,223,228,214,190,184,192,198,200,198,202,207,210,212,212,211,212,211,216,215,211,182,148,136,121,104,91,84,100,116,96,89,87,88,91,88,75,68,79,103,123,113,86,99,98,59,74,124,133,124,107,98,102,101,89,85,93,93,89,83,79,80,82,78,71,64,66,75,84,81,65,54,51,52,46,43,45,44,39,39,42,49,51,50,47,46,47,46,43,42,43,53,66,81,92,78,48,31,24,24,29,29,33,37,35,33,34,34,33,34,37,42,45,48,47,47,50,55,63,71,76,74,77,79,78,79,87,101,113,113,110,105,100,95,92,
107,101,94,89,82,74,68,66,64,61,56,54,56,61,68,72,74,75,75,77,82,84,78,69,65,57,51,53,58,62,64,66,80,89,97,99,98,98,96,93,87,61,41,37,45,59,66,60,54,55,60,70,83,90,90,87,84,83,81,80,81,83,85,87,95,97,95,100,112,114,111,113,117,130,137,141,145,138,126,122,124,122,126,128,123,126,137,141,117,110,117,128,125,121,124,126,119,95,87,79,71,73,92,130,157,164,179,167,150,149,167,166,164,171,180,195,200,181,180,208,180,160,179,191,166,141,138,192,199,189,179,165,123,94,93,76,96,151,187,202,202,207,212,203,215,209,200,199,208,217,216,209,223,208,196,199,203,186,171,173,158,161,180,187,166,141,120,100,103,103,93,122,131,109,104,92,154,136,77,70,63,60,44,74,100,101,114,76,147,131,157,160,176,175,170,159,148,142,143,146,139,140,123,119,140,131,120,136,159,187,187,182,187,190,188,175,181,166,150,163,190,188,168,162,168,188,191,181,181,184,177,168,154,127,115,98,135,134,158,133,159,150,118,126,132,156,149,134,150,176,203,212,210,211,216,221,224,233,223,194,173,176,189,197,194,208,210,210,216,212,210,220,215,214,215,215,185,153,138,113,107,94,89,97,106,112,91,84,87,91,94,87,69,63,87,117,92,51,51,76,61,44,84,140,140,128,113,117,124,108,96,107,107,104,97,90,88,89,88,84,72,68,72,83,87,77,63,55,55,51,48,47,47,45,43,41,53,56,57,56,57,58,56,52,55,56,60,68,86,105,95,65,34,25,23,28,31,37,41,38,36,34,33,32,33,34,36,38,39,39,40,42,47,52,58,61,62,64,63,56,53,62,82,99,108,111,112,109,104,102,
110,105,98,92,85,78,71,68,65,62,58,58,60,66,71,74,73,73,74,78,84,85,76,65,66,60,56,57,59,59,59,61,82,90,96,98,97,97,96,94,84,59,41,40,48,62,69,65,61,55,54,64,81,92,91,86,85,83,80,79,80,83,86,87,98,101,101,107,116,113,105,106,118,127,131,134,140,134,123,120,124,126,131,130,126,134,141,137,118,115,122,127,121,119,124,127,112,93,89,80,73,77,97,133,145,172,168,136,154,152,156,163,166,195,198,183,186,193,192,194,183,184,194,181,141,140,146,195,199,176,173,169,125,101,110,92,87,130,183,202,202,194,215,207,216,217,212,205,208,219,221,216,218,210,198,195,196,183,165,160,189,168,170,171,146,128,121,107,110,113,115,150,144,102,62,151,155,53,78,68,81,63,52,91,112,106,88,107,137,114,114,128,155,158,154,140,132,139,153,163,158,171,146,148,157,136,111,148,174,182,186,186,186,192,192,179,189,180,162,168,191,186,177,194,200,207,208,206,204,195,189,194,184,173,148,127,117,148,161,143,150,161,129,121,125,150,158,131,144,165,189,203,211,216,218,217,228,226,226,214,186,167,173,185,194,214,215,212,219,209,201,215,216,212,216,221,195,163,144,111,114,101,97,97,96,121,95,86,86,91,106,112,90,61,63,85,68,54,26,43,83,64,47,87,122,128,119,123,139,126,106,111,117,115,108,97,91,91,91,90,85,76,74,83,87,78,64,55,54,55,52,47,44,43,40,37,55,60,63,63,63,65,65,63,67,69,71,74,89,113,111,86,40,28,26,29,31,38,45,45,42,36,32,33,34,34,33,33,33,33,32,33,36,40,44,47,49,50,47,40,35,41,56,70,89,97,107,113,116,119,
111,108,101,93,87,81,76,72,66,63,60,59,60,62,63,63,60,63,67,74,82,83,74,63,64,61,60,59,57,55,58,64,85,90,94,95,96,98,96,93,78,55,42,44,51,63,72,71,68,57,50,59,78,93,93,88,88,84,81,80,83,88,91,93,104,108,107,109,110,101,94,98,123,129,131,134,139,133,124,123,128,129,131,129,129,139,143,134,125,122,126,126,118,119,126,129,108,92,88,81,78,85,98,125,150,158,155,142,157,135,141,172,190,201,193,182,188,190,188,194,189,183,181,165,140,156,155,186,196,163,160,167,126,104,117,100,87,114,173,204,206,185,212,211,209,218,219,210,209,217,221,217,218,221,205,182,177,180,179,178,191,159,151,155,140,134,134,121,120,123,159,154,97,76,106,183,83,51,100,49,96,64,51,117,120,98,69,139,125,117,109,123,138,157,164,152,147,164,183,189,193,193,160,173,181,157,129,173,191,181,188,196,196,198,196,190,196,195,186,195,210,192,170,178,211,216,215,215,216,208,202,206,203,204,183,163,118,144,151,156,155,174,157,128,126,132,156,135,134,152,175,195,208,215,218,219,221,216,224,224,201,181,178,179,190,212,215,215,223,212,201,212,215,214,217,225,206,173,146,113,105,96,99,97,91,120,101,90,82,85,104,122,106,67,46,47,51,47,33,28,53,82,70,34,70,105,121,128,141,131,110,110,124,124,117,104,94,92,95,97,95,84,78,81,81,72,61,56,56,55,49,40,35,38,40,40,59,67,72,70,69,70,72,72,74,78,81,79,87,110,117,102,51,35,28,28,29,39,52,55,51,42,35,36,38,36,33,31,29,27,25,24,25,29,33,36,37,38,37,34,32,33,38,42,61,73,88,105,121,132,
109,108,103,96,91,86,80,74,69,65,60,57,56,55,52,50,49,56,64,71,76,77,71,62,61,60,60,60,56,55,61,69,84,89,92,94,96,97,95,91,75,55,44,46,51,62,75,79,74,60,48,56,77,94,96,91,91,87,84,84,88,92,95,96,97,100,99,100,100,95,96,109,128,132,131,132,135,127,120,123,132,130,131,129,130,141,143,131,127,125,128,125,118,122,131,131,110,95,92,88,88,94,98,115,134,139,158,153,137,136,162,173,190,195,186,182,194,197,195,202,176,161,170,169,157,157,154,188,197,156,150,162,129,105,115,102,92,109,162,203,209,185,208,215,211,219,220,215,214,221,224,221,220,219,195,172,181,197,190,172,151,148,161,166,146,131,133,133,124,153,176,116,78,88,161,122,47,75,83,54,102,67,60,129,129,92,79,144,127,130,140,140,140,168,183,174,170,185,198,197,192,175,147,176,198,192,174,206,207,192,203,214,215,213,204,205,202,199,195,208,223,205,173,163,197,215,219,214,221,229,222,212,202,193,196,180,149,135,138,158,156,168,169,139,133,126,152,151,124,139,164,188,200,205,213,223,219,219,227,221,201,196,193,177,183,200,209,216,227,221,211,214,215,219,215,222,212,177,144,117,89,82,92,98,93,111,106,91,80,79,93,112,107,76,48,38,50,38,40,36,32,60,78,58,32,73,107,123,133,128,116,115,129,132,127,113,100,97,102,107,101,90,82,80,75,66,61,62,61,53,42,36,36,42,50,56,71,78,83,83,82,82,81,80,78,82,86,83,85,103,116,112,66,45,30,29,33,50,68,75,65,51,40,41,43,39,34,32,26,24,22,21,22,25,29,31,32,32,32,33,34,33,30,28,30,40,56,77,103,124,
105,107,106,102,97,92,84,75,69,64,58,55,55,55,53,51,57,65,73,74,71,69,65,61,63,61,60,60,57,56,60,65,77,85,94,97,96,96,94,91,78,58,48,48,49,60,77,87,83,66,51,55,75,92,96,92,91,89,87,88,91,93,91,89,85,88,89,94,99,98,105,121,127,131,130,129,129,121,116,123,131,130,133,133,132,138,139,129,121,121,124,122,118,126,134,131,112,100,100,97,98,101,97,105,113,138,153,141,125,154,171,160,176,194,193,188,200,204,199,200,170,148,169,174,171,156,158,197,192,149,138,156,133,108,114,106,98,115,154,196,208,193,211,219,217,216,213,211,216,225,227,225,216,212,192,180,196,205,182,153,142,141,147,157,158,149,137,128,139,167,156,105,110,144,163,82,66,68,62,72,105,76,74,140,137,94,97,143,140,131,140,138,158,176,185,179,175,183,191,191,161,150,155,196,218,219,206,208,219,208,219,223,228,230,215,220,210,203,202,213,223,217,200,188,202,222,228,223,231,240,234,225,214,194,203,195,195,167,151,164,154,150,157,147,136,131,141,163,137,136,150,176,191,196,206,221,225,221,229,223,199,196,200,185,181,189,201,214,224,224,217,212,210,221,209,211,212,178,143,126,96,83,87,96,96,97,109,91,79,76,81,92,96,82,61,47,52,45,41,43,41,32,46,77,42,47,64,93,120,130,126,122,129,134,133,119,105,102,109,116,109,97,85,79,72,65,63,67,62,50,42,47,58,66,72,77,88,93,97,100,102,101,94,85,86,86,90,89,87,99,114,118,86,56,34,33,46,72,94,101,80,62,47,46,48,43,36,33,25,25,25,26,28,31,34,36,35,33,30,30,31,30,26,23,18,21,26,37,59,82,
101,106,109,106,103,97,86,75,68,63,56,54,57,60,61,61,72,80,85,79,70,63,61,60,68,64,61,61,59,56,56,58,69,83,96,100,97,95,93,92,82,62,50,48,47,57,78,92,91,72,55,56,73,89,92,89,90,88,87,89,91,90,85,80,83,86,90,97,104,101,104,119,126,130,130,129,128,120,118,127,129,129,135,137,133,135,135,128,112,114,119,119,118,127,135,130,113,103,106,103,103,103,95,100,116,146,131,127,139,157,142,149,183,195,201,207,210,193,182,193,184,151,164,164,179,171,171,195,181,138,125,148,134,109,114,109,102,122,151,190,205,202,215,221,219,210,200,201,212,222,225,222,208,217,212,198,194,186,172,162,141,140,135,140,153,154,147,145,179,156,138,129,106,153,114,73,69,62,78,67,106,88,73,160,127,87,105,163,175,159,157,170,176,178,178,172,169,173,182,188,174,165,179,200,207,216,223,219,225,221,228,221,229,238,223,229,219,217,222,228,227,227,224,216,233,239,240,241,243,237,232,237,221,203,197,197,211,203,161,158,158,140,142,151,134,134,125,159,163,140,136,161,186,194,202,214,226,211,224,231,205,191,200,201,185,185,196,212,219,222,217,205,204,220,202,201,211,178,143,136,118,94,88,94,96,85,111,91,74,72,73,77,82,80,68,54,48,53,51,44,36,29,29,38,76,33,21,59,110,137,137,126,125,132,133,120,106,104,112,120,117,102,87,79,71,64,64,68,60,47,46,65,85,91,90,91,101,103,107,113,119,117,103,88,94,90,93,94,92,100,115,121,101,65,37,37,58,91,115,121,90,70,52,50,51,45,37,34,25,27,30,33,36,39,41,42,41,37,30,26,24,23,22,21,26,22,13,7,17,32,
107,108,109,107,101,93,84,79,74,70,68,66,61,55,55,60,70,74,71,69,72,69,65,68,72,70,68,66,61,53,49,49,62,82,99,100,98,99,97,90,80,74,57,44,48,59,74,91,86,75,62,59,69,81,88,89,92,87,85,87,88,85,83,84,90,89,88,89,95,103,112,117,128,127,129,129,127,124,127,132,139,147,139,125,128,134,130,124,121,116,115,120,125,126,126,129,112,109,108,106,104,109,109,98,119,124,123,134,158,135,106,138,180,191,210,202,193,185,209,196,184,136,163,175,196,176,182,192,188,111,121,155,140,101,114,116,106,119,161,194,209,205,225,219,212,189,176,190,215,227,224,218,210,214,215,202,186,183,180,168,129,124,135,117,144,164,160,152,149,137,150,129,153,146,95,73,71,72,60,78,104,84,91,158,118,109,139,180,176,157,164,180,183,187,207,203,200,192,209,213,205,182,207,197,200,202,202,220,228,224,221,229,224,219,231,229,226,228,220,214,224,234,236,236,237,240,243,243,240,235,231,229,211,206,178,177,185,188,195,175,162,155,140,141,145,125,116,139,171,158,139,144,173,188,197,214,214,213,217,226,222,200,193,209,195,182,185,207,222,217,211,211,202,208,219,201,214,178,135,140,129,119,105,92,87,90,95,98,74,73,72,74,79,83,82,78,69,61,51,44,37,28,19,14,34,52,37,28,75,125,139,141,122,126,129,123,110,102,111,126,118,101,83,72,67,65,70,77,69,56,57,80,100,103,100,99,106,103,104,112,120,118,105,92,91,93,92,92,93,93,105,128,107,68,45,49,70,106,129,125,98,69,51,51,50,46,40,31,26,31,35,36,39,44,45,41,43,37,30,26,25,24,21,18,17,17,18,18,18,17,
100,103,105,105,101,93,84,78,79,72,64,57,49,44,46,51,58,68,70,68,75,76,72,71,72,71,70,67,60,52,48,49,61,79,96,100,99,98,96,93,86,76,56,45,49,57,72,91,91,82,66,56,61,76,89,94,91,87,86,88,89,86,84,85,91,90,90,92,97,105,113,118,116,121,126,129,131,133,136,138,138,143,134,123,129,135,130,123,116,115,119,126,128,125,123,124,117,110,109,111,112,117,115,104,110,112,140,145,119,100,108,139,177,196,207,199,190,194,211,191,187,148,164,183,194,186,185,195,182,103,110,144,141,95,110,122,109,115,161,191,210,212,225,221,214,183,166,183,208,218,220,225,216,215,214,204,189,184,180,168,141,127,131,119,118,155,163,155,148,139,143,150,153,134,89,78,76,69,63,79,100,101,116,154,149,164,184,193,196,204,204,194,208,203,218,215,209,195,215,227,209,192,214,205,213,208,199,215,227,223,217,227,228,224,230,224,232,234,224,214,221,229,231,232,232,235,240,242,240,236,232,230,240,203,196,171,168,180,164,181,152,144,139,139,142,144,135,121,158,154,145,147,166,184,197,207,207,213,218,222,219,202,190,193,194,192,195,207,215,215,211,210,207,209,217,207,210,179,133,127,127,124,115,102,90,87,91,96,75,70,66,68,76,82,83,81,78,69,57,49,43,33,23,16,11,28,24,20,47,78,105,136,141,138,132,124,115,112,115,118,114,96,78,71,68,67,73,80,78,66,66,85,104,108,107,109,106,100,96,99,105,106,100,93,91,94,93,94,95,93,102,122,111,73,50,56,78,110,132,131,103,74,54,48,43,40,38,34,32,41,48,50,51,52,52,49,47,40,31,25,24,24,22,21,20,20,20,19,19,18,
103,107,111,113,110,103,94,88,88,79,65,53,44,41,44,50,56,66,67,66,72,75,71,71,75,75,75,72,63,53,49,51,60,75,92,101,100,97,96,97,94,77,55,46,50,55,69,91,92,90,76,58,56,71,87,93,92,90,89,92,92,89,87,87,90,90,91,94,99,105,112,116,107,117,125,129,134,140,140,136,126,134,131,126,132,134,124,116,110,115,124,129,127,120,117,117,112,104,107,115,117,118,116,107,100,142,149,105,84,88,95,122,171,196,198,195,187,206,213,190,190,166,170,190,194,197,192,201,181,103,102,129,141,89,104,127,113,110,162,188,211,221,224,224,220,181,159,176,199,208,217,230,222,216,214,208,195,187,179,168,157,134,124,120,103,151,162,147,140,137,143,169,149,123,84,84,74,66,71,87,102,117,131,137,141,156,176,192,194,186,194,216,217,206,216,212,206,191,212,228,195,190,210,208,231,225,210,225,228,225,216,226,233,231,232,222,235,240,232,222,224,226,224,224,227,232,238,241,241,238,234,232,227,215,204,204,185,156,154,163,162,154,159,153,136,143,150,132,139,137,138,139,145,168,194,205,208,218,220,216,214,205,192,187,190,196,202,205,206,209,210,210,210,208,212,215,206,185,138,117,121,123,121,110,95,86,88,94,75,67,60,61,69,77,80,81,87,79,68,59,52,42,30,20,6,11,11,14,24,31,61,108,127,135,137,130,123,119,112,104,108,90,72,68,68,69,75,83,81,73,75,93,108,110,108,109,107,102,97,96,98,99,97,94,89,93,94,95,97,95,102,119,114,76,52,60,81,108,127,131,109,82,60,48,39,36,38,35,36,48,60,62,58,54,52,51,52,44,34,28,25,26,26,26,25,24,24,23,23,22,
111,115,120,123,120,112,103,97,90,81,68,56,48,46,48,51,55,58,57,61,69,68,68,76,80,80,81,77,67,57,53,55,60,72,90,102,102,97,96,100,99,79,55,49,53,54,67,91,89,94,86,66,57,67,81,87,95,95,95,95,95,92,90,89,89,89,90,93,98,103,108,111,108,120,128,128,132,137,133,122,107,125,134,134,134,126,113,108,111,119,127,128,122,114,112,113,112,107,112,118,114,112,113,111,128,153,127,72,73,89,82,96,165,190,186,194,191,214,213,194,194,180,183,190,198,199,202,208,190,118,105,115,135,86,100,125,117,106,162,185,212,229,224,226,222,186,162,170,191,204,216,228,223,215,214,215,204,191,179,167,166,145,124,117,115,148,151,133,127,133,159,165,140,122,83,83,72,73,81,92,101,108,111,109,142,179,192,185,193,206,215,224,211,202,210,205,204,195,212,217,181,183,200,206,244,239,224,236,230,231,220,226,237,237,237,227,231,242,241,234,234,231,223,219,227,232,238,242,242,239,236,234,222,225,207,212,188,150,162,165,154,142,141,137,123,126,145,156,141,129,130,129,121,140,180,204,213,221,219,210,206,198,191,191,186,191,198,202,202,202,206,210,211,204,205,219,203,195,152,118,116,115,113,108,98,90,88,91,74,66,59,58,63,68,73,77,87,84,78,70,62,51,38,27,18,10,5,12,21,19,32,64,96,125,148,150,142,135,124,111,101,81,65,65,69,70,77,86,83,79,86,102,113,110,103,101,102,102,101,101,100,97,94,92,89,93,94,95,99,98,103,117,116,79,51,56,76,96,112,121,111,88,67,54,44,42,40,33,35,49,64,67,61,52,49,49,54,48,40,35,33,33,33,34,30,29,29,28,28,28,
109,113,117,119,116,109,100,94,85,79,69,58,51,48,46,45,43,40,43,60,72,66,68,85,82,82,83,80,71,61,57,58,60,72,90,103,104,99,98,102,99,80,58,52,54,54,67,90,89,97,92,73,60,65,77,84,97,98,98,96,94,92,90,88,90,90,91,93,97,101,105,108,110,122,128,125,124,126,119,108,99,122,137,138,130,115,107,111,119,124,127,124,117,112,111,112,118,114,116,116,108,111,123,129,156,113,101,94,77,76,82,91,163,184,180,196,199,215,211,200,197,189,192,183,203,194,211,213,198,135,109,106,124,89,98,118,121,107,161,183,212,231,225,225,214,189,167,168,186,206,217,222,218,212,216,220,212,198,183,168,163,159,137,117,134,131,131,128,117,134,180,146,133,127,85,76,78,88,86,87,96,92,94,114,175,185,179,177,199,212,207,203,211,209,219,210,215,215,223,211,191,191,198,206,246,241,226,230,229,238,224,225,236,237,238,233,230,242,244,239,240,237,229,225,231,235,241,244,243,239,235,233,227,211,222,206,193,183,148,149,156,148,129,120,126,124,126,141,156,133,129,131,114,118,157,194,211,218,217,211,201,186,180,187,187,185,192,203,203,195,197,207,211,204,201,219,204,201,168,128,119,110,103,102,101,95,90,88,69,63,58,58,59,61,68,75,79,84,85,80,71,60,46,34,27,13,7,16,29,29,31,41,68,100,128,135,136,137,128,115,91,73,62,65,71,74,83,94,93,90,94,105,111,107,100,97,91,94,96,98,97,95,93,92,94,98,97,97,101,100,102,113,119,87,55,53,71,87,98,109,109,90,74,64,58,56,49,33,33,44,59,65,61,53,50,51,53,51,47,45,44,44,43,43,38,37,35,33,32,31,
103,106,109,110,107,102,96,92,87,82,73,61,52,47,42,37,36,34,41,62,75,66,65,81,82,81,81,80,74,65,60,59,61,76,94,104,104,102,101,102,96,83,64,55,55,55,66,87,96,99,94,79,65,65,76,85,97,99,98,94,91,91,90,89,93,93,93,94,96,100,103,105,107,116,122,118,114,111,107,100,105,122,133,131,122,109,107,118,124,126,124,120,116,115,113,111,106,102,103,104,107,125,144,149,124,99,103,106,90,75,79,106,159,181,182,196,207,212,208,201,201,193,189,175,205,191,215,214,199,142,108,106,114,93,95,109,124,113,158,184,213,226,226,221,205,188,170,168,186,206,215,215,212,211,218,223,216,206,191,174,158,171,155,130,141,109,113,131,114,145,180,133,136,130,91,74,83,92,86,84,97,101,117,155,199,183,178,196,211,205,202,214,211,215,227,216,222,224,226,205,208,201,199,207,243,239,230,223,225,240,226,221,233,234,235,233,233,241,239,234,238,241,237,236,234,238,241,242,240,235,232,230,223,215,211,206,205,192,151,119,139,157,146,128,132,128,122,132,151,129,127,136,122,110,136,176,203,216,223,220,208,186,173,178,187,183,190,205,204,190,189,200,209,207,204,216,209,203,181,138,127,112,100,99,101,97,91,88,70,63,58,59,59,60,66,74,72,80,86,83,77,69,55,42,27,19,18,27,36,42,46,49,58,72,84,91,104,119,118,107,87,72,64,72,78,80,90,104,105,96,92,95,100,99,96,95,86,87,89,90,91,93,96,98,100,104,103,102,105,102,100,106,121,97,65,56,73,87,93,101,102,90,80,74,71,72,61,41,31,36,47,56,56,52,51,53,53,53,54,55,54,53,52,51,48,46,43,39,36,34,
99,101,103,104,104,102,99,98,94,88,75,59,49,45,39,33,37,41,45,57,69,69,70,80,83,80,79,80,78,70,63,61,63,81,99,104,104,105,104,101,93,88,72,59,56,55,64,81,99,98,96,89,78,70,74,83,96,99,98,93,91,93,94,94,95,94,93,92,94,97,100,102,101,107,112,110,104,99,98,100,110,117,120,121,120,111,108,118,119,119,117,115,117,118,113,105,89,87,90,99,117,142,149,135,91,105,110,99,97,87,81,111,144,175,184,187,207,209,210,199,205,195,173,170,201,196,212,212,199,141,104,116,110,95,89,102,125,120,155,186,213,219,228,217,207,188,172,174,189,201,207,208,207,212,221,224,218,214,202,184,163,175,163,159,146,106,106,123,112,157,153,137,149,131,103,87,81,84,90,96,102,117,142,161,163,179,188,181,184,208,220,209,208,212,226,218,221,219,223,206,218,202,198,207,239,239,235,217,221,241,225,218,232,233,231,229,232,238,234,229,236,242,239,238,235,237,239,238,235,230,227,226,224,227,191,190,185,168,174,147,99,117,128,124,118,117,128,142,143,131,129,138,132,113,121,154,189,212,226,223,214,198,180,172,177,180,192,202,199,188,186,192,201,208,207,212,217,204,190,149,128,114,103,101,100,94,90,92,83,69,58,59,61,61,63,69,71,77,80,80,80,77,63,47,32,24,24,28,29,36,46,50,57,63,67,72,86,104,110,106,93,80,76,83,86,85,94,109,110,99,88,88,93,95,93,92,86,86,86,86,88,91,94,96,98,106,107,108,112,108,101,102,115,102,73,61,79,93,93,97,95,89,84,79,77,81,74,55,38,37,41,49,53,52,51,52,55,56,58,60,60,59,58,57,57,54,51,47,44,42,
96,97,99,101,103,104,104,104,95,88,71,53,43,40,37,32,35,45,45,46,61,76,84,91,84,80,79,81,81,75,67,63,64,85,102,104,104,107,106,100,92,91,78,62,55,55,63,77,97,96,99,100,91,76,72,78,97,101,100,95,93,96,99,99,95,93,91,90,91,93,97,99,97,101,106,105,97,90,93,100,110,110,109,115,122,116,107,110,111,111,110,112,118,120,110,98,91,89,93,108,132,152,137,101,108,84,102,111,93,87,93,101,127,167,183,177,204,207,214,197,207,197,159,169,196,202,209,210,202,139,102,128,111,95,83,97,126,125,154,187,213,214,229,213,215,190,174,181,193,195,198,204,206,213,223,223,218,218,210,192,172,173,162,185,154,118,107,109,110,164,125,147,161,132,114,103,79,76,98,110,101,117,135,124,165,161,173,185,192,210,224,218,209,210,226,222,223,216,224,217,224,203,198,208,235,236,235,210,219,241,225,218,234,235,229,224,228,235,231,228,237,242,237,233,233,235,236,234,230,226,224,223,204,202,211,191,173,172,167,183,119,98,105,119,106,101,119,130,151,147,140,141,138,115,110,135,175,205,220,215,212,206,187,170,163,177,192,197,193,188,187,187,192,205,209,210,223,205,197,157,122,112,105,103,97,89,90,96,97,77,60,59,62,61,60,62,74,76,76,76,82,83,69,50,41,25,18,18,16,19,29,34,41,51,62,67,74,85,94,97,103,91,87,93,91,86,93,109,113,101,91,92,97,99,95,91,85,84,85,86,86,86,85,84,93,103,108,112,118,114,105,103,108,102,76,63,82,96,93,93,90,88,86,81,78,84,82,67,54,47,45,50,56,55,53,53,57,59,60,61,61,60,60,60,60,59,56,54,52,52,
92,93,96,100,105,106,104,101,97,88,72,54,44,40,35,30,40,31,36,60,77,78,79,86,81,83,83,79,76,74,70,66,68,74,87,103,111,110,106,104,97,96,88,70,54,51,63,76,95,99,101,100,92,74,68,80,97,96,95,95,95,96,95,95,89,89,91,92,93,94,94,95,97,98,101,102,98,94,95,99,102,108,111,106,102,104,108,110,104,106,100,99,114,120,106,93,98,94,90,138,149,113,111,103,101,93,112,114,107,90,94,85,114,161,166,177,210,202,216,205,209,199,174,163,186,211,209,196,196,160,122,126,127,98,86,88,118,141,154,170,212,230,207,218,219,191,166,180,196,193,195,194,195,210,219,218,223,231,218,194,178,181,183,179,164,141,116,100,126,151,137,135,148,147,140,119,105,95,95,99,126,129,104,120,146,166,188,189,189,214,223,204,201,220,226,228,209,224,226,223,225,201,202,216,228,234,235,221,222,226,221,219,227,229,222,218,229,231,229,228,232,237,233,225,231,236,225,233,236,215,212,225,210,186,180,197,171,153,178,175,173,111,96,104,79,87,87,112,140,142,148,129,146,133,79,112,158,190,212,212,213,215,204,187,162,181,185,189,203,190,173,180,187,195,197,211,218,208,192,168,136,111,105,99,92,93,93,99,103,87,70,64,62,58,57,59,68,71,75,80,83,79,64,49,44,32,17,10,8,10,12,14,26,35,43,47,54,68,80,86,95,94,97,103,102,96,98,105,109,98,88,88,97,102,98,92,87,88,89,89,89,87,85,84,90,92,96,105,118,126,120,109,106,97,81,69,77,91,92,82,85,84,82,81,81,80,78,76,62,52,44,47,53,56,55,55,57,60,63,63,61,60,62,65,62,63,62,58,57,58,
98,100,103,104,104,102,100,99,93,83,66,52,46,44,38,31,29,32,46,65,72,69,71,79,82,84,84,82,81,79,73,66,56,63,79,98,109,108,102,99,97,97,89,73,56,52,62,73,95,99,101,100,92,76,70,80,95,95,96,96,96,94,92,90,88,88,89,91,92,93,93,93,93,94,97,99,96,91,91,95,97,100,101,97,97,102,108,111,102,104,100,102,114,113,99,89,84,99,101,127,125,99,105,98,85,95,114,107,104,94,96,85,115,162,169,175,204,200,217,207,210,201,181,168,185,212,213,195,201,169,132,136,139,110,93,89,108,150,155,167,206,224,221,218,222,198,152,173,199,190,199,188,186,201,218,222,223,228,223,204,192,183,176,176,174,158,129,105,137,138,116,122,141,151,155,140,129,118,104,118,137,126,114,119,144,185,179,185,204,210,206,209,205,216,222,220,210,222,226,222,217,201,200,215,226,230,232,230,221,223,217,216,225,227,219,215,221,227,229,226,228,232,229,220,222,232,223,227,229,211,207,211,217,180,161,185,179,152,158,160,165,171,114,103,98,79,69,81,122,139,148,152,160,140,97,76,123,177,210,212,217,216,203,198,182,190,188,193,203,186,170,182,191,196,195,210,220,212,197,170,142,116,108,100,92,94,94,103,112,102,87,74,66,62,60,59,65,68,73,76,74,67,58,52,58,45,26,14,9,8,8,11,14,22,28,33,39,50,59,62,73,79,93,110,119,116,107,101,104,94,86,88,96,101,97,91,89,89,89,89,87,85,83,81,83,86,89,97,110,122,126,123,114,93,72,67,75,83,86,87,84,82,81,82,83,83,82,81,74,61,49,47,53,59,63,66,64,67,69,67,64,62,63,66,69,69,67,63,62,63,
103,106,109,107,103,98,96,96,91,80,64,54,52,52,45,36,27,39,56,64,61,59,67,77,81,83,85,87,89,88,80,71,55,60,74,93,106,108,105,102,100,99,91,75,58,54,62,72,92,98,99,97,90,76,70,78,90,92,95,96,95,92,88,86,87,87,88,89,90,91,92,92,90,91,95,97,94,89,88,91,91,91,89,87,90,98,105,108,97,98,97,102,110,101,88,85,81,109,111,116,107,96,105,92,79,103,119,100,102,97,97,87,113,159,169,168,193,197,216,206,210,203,188,173,182,211,215,192,199,172,138,144,150,125,103,91,100,158,161,164,197,217,232,219,223,204,137,158,196,192,206,185,177,179,202,221,221,223,224,212,207,193,181,180,181,169,143,119,151,130,110,119,130,138,154,153,148,137,114,134,140,121,125,118,150,189,176,189,201,205,197,204,205,207,214,206,206,212,221,212,204,199,197,211,222,224,224,236,220,219,212,212,222,224,216,211,212,223,227,221,220,226,224,215,212,228,222,221,220,209,202,194,202,195,166,159,169,165,158,150,146,184,142,116,112,95,75,66,97,131,136,156,159,145,135,81,90,154,198,209,215,212,205,210,196,193,186,194,205,189,176,188,193,192,186,202,218,217,204,178,147,120,111,102,92,92,94,105,117,118,107,86,70,65,62,57,62,65,70,72,62,52,52,59,74,63,45,25,13,8,8,10,10,14,19,23,30,38,43,44,50,59,75,97,119,128,119,107,104,96,88,88,94,97,94,89,87,87,88,87,86,84,82,81,80,82,84,88,97,113,127,134,122,92,70,72,79,79,81,88,82,82,82,83,85,86,86,86,81,68,55,52,56,62,69,73,70,73,74,71,66,64,65,68,75,76,74,69,67,68,
103,105,107,106,102,99,96,96,93,85,72,62,61,60,53,44,37,48,56,55,52,58,72,84,79,82,86,91,97,97,87,76,63,63,70,85,99,107,109,110,107,102,91,73,58,55,63,73,90,97,98,94,87,75,68,73,85,88,92,94,93,90,88,86,88,88,88,89,90,91,92,92,91,92,95,97,95,90,89,91,90,88,84,81,85,93,97,97,91,90,90,96,100,87,77,82,88,109,107,106,103,102,105,88,92,114,118,95,102,97,95,91,112,152,165,161,185,196,215,203,208,203,190,174,179,208,212,186,195,174,143,147,159,143,120,100,101,151,169,161,190,213,228,223,221,202,136,136,182,203,212,190,183,161,177,213,224,224,224,218,214,207,198,190,181,169,153,142,149,124,119,130,121,118,140,157,155,147,134,140,134,125,134,128,160,173,185,193,177,202,199,193,198,199,209,193,197,198,209,197,193,198,192,208,218,221,214,230,219,217,209,210,220,221,212,207,206,219,224,216,213,219,220,214,206,225,222,218,214,208,201,182,182,209,184,150,160,169,164,164,139,140,164,142,112,122,102,79,78,119,125,145,153,150,156,118,85,121,173,204,206,204,209,212,203,196,187,192,204,196,182,181,189,182,170,185,207,215,210,188,150,121,113,104,93,91,92,103,116,127,120,93,72,67,64,56,59,62,69,68,54,41,51,70,83,79,67,46,23,12,9,11,11,12,15,20,27,34,38,39,42,45,51,66,93,118,124,118,111,102,92,88,89,90,88,85,82,83,84,85,85,85,84,84,82,84,85,84,87,99,117,130,127,100,80,80,84,80,80,85,84,83,83,85,87,89,89,88,78,68,60,59,62,66,70,73,72,75,76,73,67,64,67,70,79,80,78,72,69,70,
99,99,99,101,103,102,100,98,97,92,82,73,67,64,57,50,46,49,49,46,51,65,78,85,83,86,90,95,100,99,89,77,61,58,62,76,93,103,108,110,113,105,90,71,57,56,66,76,88,99,100,94,89,78,70,71,81,84,89,91,91,90,90,90,90,90,90,90,91,92,93,94,92,92,94,97,96,91,89,91,92,90,85,82,84,88,88,84,85,83,81,86,87,75,70,81,87,98,99,99,97,95,97,89,111,114,108,90,104,95,95,97,114,145,164,162,185,200,217,205,207,203,188,173,182,207,206,181,196,181,150,151,166,159,138,112,105,130,172,155,185,213,218,230,220,196,148,119,158,210,215,204,203,161,157,198,226,229,226,223,218,215,207,197,184,173,165,162,143,115,120,133,122,115,132,155,160,157,164,146,130,136,137,142,162,170,195,177,162,205,194,192,192,198,208,187,187,188,199,183,186,196,189,207,214,221,206,217,217,215,208,210,220,218,209,205,207,217,221,213,208,213,218,218,204,219,219,216,210,205,201,178,176,199,189,165,166,160,153,172,153,125,163,159,121,122,120,99,79,111,123,136,160,163,150,138,99,91,143,198,198,200,213,205,209,206,196,192,201,202,183,165,183,171,152,163,188,205,210,195,153,123,113,106,97,93,92,103,114,128,124,94,72,71,70,62,58,62,67,65,50,40,56,80,84,88,84,65,38,17,11,11,9,11,12,16,22,28,33,36,43,43,41,47,68,96,112,116,111,103,92,84,81,82,82,82,80,80,81,82,83,83,84,84,85,87,87,85,83,89,104,118,128,113,94,82,80,82,83,84,86,85,85,86,87,88,88,87,76,70,64,64,66,68,71,74,75,78,79,75,67,64,67,71,82,84,82,76,72,72,
98,97,97,100,104,105,103,101,100,97,89,79,71,65,57,49,45,42,39,43,54,69,79,82,89,92,95,97,98,96,86,75,58,54,58,74,93,104,107,107,114,106,91,74,61,59,67,74,87,101,104,98,94,86,76,73,76,81,87,90,91,91,92,94,92,91,91,91,91,92,94,95,93,92,92,95,94,91,89,91,93,92,88,84,84,85,82,78,82,80,76,78,79,70,68,80,83,91,99,98,86,78,86,99,116,103,95,89,104,96,99,100,111,136,166,168,188,202,218,211,207,204,182,169,190,208,197,178,193,185,155,150,166,167,148,119,108,112,165,146,180,213,214,234,222,190,158,114,130,193,210,215,214,176,151,172,210,227,224,222,222,216,206,198,192,186,179,174,154,120,116,126,129,126,125,141,157,163,180,154,136,141,135,151,161,183,189,147,168,202,184,195,187,200,205,182,175,186,192,171,178,192,187,205,205,221,205,203,208,208,205,209,218,215,206,206,210,215,217,214,209,210,216,222,205,211,211,215,207,201,201,182,167,188,194,172,166,167,150,148,158,151,145,155,146,112,125,119,101,110,117,122,156,173,152,156,120,83,120,182,192,200,213,198,206,207,201,193,197,203,190,167,182,167,142,146,168,188,203,195,159,124,112,107,100,98,96,106,115,125,115,84,65,69,73,69,59,63,66,61,49,45,62,83,84,90,92,80,55,30,15,11,11,11,14,18,23,27,32,36,43,43,44,47,59,76,91,98,102,96,86,78,75,76,79,82,80,80,81,81,81,81,81,81,84,86,87,87,84,86,96,106,123,120,105,82,72,77,84,85,88,87,86,86,87,87,86,85,81,75,71,69,69,69,72,77,77,81,82,76,67,63,66,71,86,89,89,83,78,77,
101,101,102,103,105,105,104,103,104,99,90,80,74,68,56,45,40,35,34,41,54,66,76,83,91,94,96,96,95,92,85,77,67,59,59,72,90,101,104,104,108,104,94,82,70,65,65,68,83,100,106,101,99,93,82,76,73,80,88,93,93,93,93,94,93,92,91,90,91,92,94,95,95,92,92,93,93,91,90,92,90,91,89,84,83,84,83,80,82,82,77,75,76,71,69,78,84,90,99,92,75,68,79,102,109,91,91,91,105,101,106,99,100,123,164,171,185,195,212,213,206,203,171,163,197,208,186,175,186,184,157,149,166,172,156,124,113,113,153,135,174,205,218,226,223,187,155,116,104,150,196,214,212,202,163,145,181,217,222,220,223,217,210,202,196,191,187,184,166,134,122,124,138,137,118,126,141,160,171,164,155,141,140,163,169,185,168,133,170,183,191,186,180,198,193,170,159,185,184,158,165,181,181,198,188,217,205,194,195,198,200,207,215,211,204,206,212,211,213,217,213,208,213,224,210,204,204,216,208,198,203,191,161,176,198,176,162,178,165,140,148,158,146,150,166,126,125,126,122,118,122,119,136,165,170,173,145,106,110,152,181,198,206,201,200,201,201,193,188,194,193,182,187,172,143,140,154,172,190,187,164,124,107,102,100,100,99,110,116,116,97,64,48,57,68,69,62,65,64,57,49,51,65,80,84,87,90,88,76,54,30,16,15,16,22,29,31,31,33,38,40,39,40,44,51,61,75,86,92,89,83,77,73,73,77,80,79,79,79,79,79,80,80,81,84,84,86,89,88,87,91,97,110,117,112,91,74,73,80,84,88,86,85,85,86,86,85,83,83,80,79,78,75,70,70,72,72,76,78,73,66,63,67,74,89,94,95,89,83,81,
104,107,109,108,105,103,104,105,108,100,89,81,77,71,57,43,40,34,32,39,50,61,76,88,88,93,95,94,93,92,87,82,77,65,58,65,81,93,99,100,102,101,97,89,78,69,64,62,79,97,105,101,101,96,85,78,71,79,90,96,96,94,92,92,93,92,91,90,90,92,94,95,98,94,92,94,94,92,92,94,88,89,87,83,82,85,86,85,83,85,80,76,77,73,71,76,88,88,92,81,67,64,73,94,102,86,94,96,106,106,112,94,86,110,160,170,178,185,204,211,204,200,163,157,201,207,177,172,181,184,160,153,171,180,166,133,118,122,144,127,169,197,223,215,223,185,146,119,88,112,183,208,209,225,180,132,161,211,224,223,220,222,219,209,195,187,187,191,162,140,130,128,146,145,117,124,126,156,157,175,176,145,153,177,182,173,149,135,162,162,210,169,173,193,180,158,145,183,178,148,153,172,175,191,174,211,205,189,185,191,195,204,213,208,203,207,213,208,211,219,216,207,211,223,215,201,200,218,209,198,205,199,169,158,190,192,169,175,173,166,141,141,165,154,169,151,121,118,128,129,141,136,122,149,179,170,165,135,108,125,170,193,199,208,204,201,201,193,179,178,186,187,194,179,149,140,148,162,181,180,167,122,102,97,96,99,100,111,115,107,80,46,34,44,60,65,63,66,63,54,48,54,66,75,84,83,87,92,91,74,46,24,19,23,32,39,38,33,34,38,38,31,29,34,41,51,69,86,88,87,84,79,74,73,75,77,75,75,76,78,79,81,83,84,85,83,85,89,90,88,89,92,97,111,117,103,82,72,75,82,87,86,84,85,85,85,84,83,79,81,85,88,82,72,64,63,63,68,72,69,64,63,70,77,90,95,97,92,86,83,
102,109,112,110,108,110,110,108,115,109,100,91,85,78,66,54,49,47,44,43,49,60,72,78,86,95,93,89,95,99,94,90,76,66,57,61,78,96,104,104,108,105,102,98,87,73,64,62,70,84,98,103,102,99,94,88,79,81,85,92,97,99,96,93,93,91,90,90,92,93,93,92,98,96,94,95,97,96,93,90,88,87,87,86,86,86,86,86,83,82,81,79,79,80,81,81,86,80,78,78,71,66,79,99,95,86,101,111,99,100,105,91,82,119,146,166,182,179,219,207,199,177,154,147,201,213,155,159,168,183,163,165,171,185,167,141,125,143,148,138,150,180,225,205,227,181,145,120,101,102,137,194,213,226,204,173,143,173,202,228,222,224,213,214,205,185,192,208,175,136,114,131,148,141,131,131,144,130,145,173,175,166,174,186,169,167,143,146,147,162,198,180,181,191,158,150,142,188,169,146,147,172,172,176,180,189,207,195,188,187,195,206,209,203,199,202,215,214,202,211,220,212,215,218,216,210,201,212,216,206,205,200,168,166,186,182,176,182,170,170,168,147,139,156,175,170,145,125,126,135,148,151,140,134,156,185,190,161,129,122,149,185,203,203,206,202,197,192,186,178,172,169,171,166,171,165,149,163,185,180,166,125,89,89,100,95,93,107,108,99,70,40,28,29,38,53,64,72,71,59,52,58,69,74,81,85,88,90,94,90,69,46,31,33,43,47,37,32,35,36,40,29,21,21,32,50,67,77,83,77,78,80,75,73,74,69,70,70,71,74,78,81,83,83,86,85,85,89,92,93,89,85,93,101,107,102,91,83,84,88,90,89,88,88,88,87,85,83,86,86,86,85,80,71,61,55,58,61,60,62,64,60,64,79,90,97,97,92,88,79,
104,109,111,109,108,109,108,105,109,107,103,99,95,88,74,61,60,55,49,45,49,61,77,88,88,96,94,89,95,99,95,92,88,82,73,69,79,95,104,105,105,105,105,101,88,73,64,63,67,80,95,102,104,102,96,90,82,81,83,90,98,101,98,93,92,91,90,90,92,94,94,94,97,97,98,100,100,98,94,91,90,89,88,87,87,87,87,87,85,84,83,82,82,82,83,84,86,81,79,77,72,70,80,94,92,83,97,108,96,94,99,89,90,112,131,156,180,179,207,187,188,161,147,155,195,202,159,149,169,182,163,171,178,188,169,145,136,145,139,126,141,166,212,210,216,189,142,127,108,85,114,155,188,217,211,188,159,169,183,208,220,225,215,213,206,190,193,199,185,145,114,119,136,141,140,142,145,129,133,149,159,176,189,182,163,163,141,140,140,156,191,176,173,176,147,143,148,179,163,148,148,166,168,177,182,186,200,194,184,183,190,203,208,203,200,201,209,210,199,210,220,213,214,216,215,209,200,210,213,204,204,199,180,169,180,180,182,190,178,172,173,164,147,139,156,176,162,133,138,140,150,158,152,142,145,157,185,180,169,157,157,170,186,196,200,202,197,188,184,182,171,157,158,154,156,154,155,174,185,174,154,134,104,82,78,89,99,100,102,95,70,42,31,28,32,40,58,64,66,60,56,60,69,75,79,83,85,86,90,90,76,58,37,35,42,46,39,36,38,37,32,26,22,28,41,55,62,64,64,63,70,74,70,71,75,72,67,64,62,64,71,77,81,81,85,84,86,89,94,94,91,87,91,95,99,100,97,94,93,93,91,91,91,92,93,91,89,86,86,85,85,83,79,71,60,53,50,55,56,58,58,54,60,77,86,92,90,86,84,77,
105,107,107,106,107,107,105,101,108,109,108,105,101,91,72,56,48,48,49,51,57,66,77,86,87,95,94,91,98,102,98,96,92,91,82,71,73,89,100,102,102,104,107,103,90,75,65,63,62,74,90,101,106,106,100,94,87,83,82,88,97,102,98,93,91,90,90,91,93,95,95,95,96,99,103,104,103,99,96,93,93,92,91,90,89,88,88,88,88,87,87,86,86,86,86,87,85,84,81,77,74,76,82,87,89,81,94,105,93,87,92,91,97,109,123,151,173,171,188,169,175,148,142,167,192,190,166,149,168,178,164,178,184,187,167,149,141,140,128,117,135,150,193,214,202,194,140,136,126,85,101,121,156,203,217,206,182,167,162,188,214,228,219,212,207,197,196,192,194,157,118,110,126,143,150,149,140,130,122,127,154,192,195,164,161,165,144,136,134,151,185,176,171,161,137,137,158,165,153,152,146,160,166,177,182,182,193,193,182,180,185,197,205,204,201,201,206,208,198,209,219,212,212,212,213,209,199,208,210,202,203,198,193,174,174,177,185,194,184,174,174,176,161,139,145,168,170,152,144,139,144,157,162,153,145,143,173,188,198,190,173,168,178,190,195,201,196,185,183,184,168,145,143,143,141,141,152,169,176,171,142,130,115,89,68,78,95,92,101,94,70,46,37,33,33,37,48,49,54,58,60,61,68,75,78,81,83,83,88,93,88,79,51,42,42,44,40,37,37,32,22,23,29,41,54,59,55,48,41,46,59,68,67,71,75,72,68,63,57,57,62,69,73,75,78,79,81,85,90,93,92,90,89,88,90,95,101,102,99,95,93,93,93,94,95,94,92,90,87,85,83,82,79,71,60,51,43,51,54,54,51,45,52,71,80,86,83,79,80,76,
102,102,102,103,106,106,103,99,109,110,111,109,104,93,73,56,44,42,43,50,58,65,73,79,86,94,96,96,104,105,100,99,89,90,82,68,68,84,97,99,101,103,105,103,94,80,67,60,57,67,82,97,107,109,104,98,92,88,86,89,95,98,97,93,93,91,90,91,93,94,94,93,96,100,104,105,102,99,97,97,96,95,94,92,91,90,90,90,90,90,90,90,90,90,90,89,85,86,83,77,77,82,84,81,86,80,91,102,92,84,89,94,99,107,121,149,162,161,172,161,163,149,137,164,188,174,159,155,162,174,166,185,186,180,162,153,136,130,120,115,136,139,174,211,202,193,139,132,138,103,93,100,122,179,208,210,198,167,148,170,202,224,219,209,204,199,199,190,194,166,127,108,122,147,153,145,141,140,115,111,159,199,185,156,162,167,148,132,127,142,173,175,177,154,137,139,166,150,146,159,143,157,167,172,174,180,190,193,186,181,182,191,201,203,202,202,207,209,198,206,215,209,210,210,212,209,199,206,208,201,204,198,199,178,172,177,183,188,185,179,171,174,172,162,152,151,160,169,155,146,144,155,164,161,155,153,161,176,192,196,191,187,188,191,195,199,195,185,182,180,163,141,135,135,130,133,144,152,159,171,138,113,109,106,79,69,82,85,97,90,67,46,42,41,40,44,39,35,40,53,61,61,65,74,74,78,80,81,85,91,93,90,69,54,45,43,38,34,31,23,20,29,44,57,63,61,50,40,28,34,51,64,68,74,75,67,73,69,64,59,58,59,62,64,67,66,68,72,79,85,89,90,87,86,86,92,100,103,99,94,95,94,93,93,94,94,93,92,89,86,83,81,78,71,60,51,45,54,58,55,46,36,42,62,76,81,78,75,79,78,
100,99,100,104,107,108,105,103,108,109,110,109,107,100,83,68,60,48,38,40,49,61,73,82,90,98,101,103,109,106,98,95,91,91,82,69,70,85,97,100,102,102,101,102,99,88,71,56,54,60,73,91,105,110,107,103,97,96,94,93,93,94,94,94,95,93,91,91,91,92,91,90,96,99,102,102,100,98,99,100,99,98,96,95,93,93,92,92,91,92,93,94,94,93,92,92,86,89,86,80,81,86,85,78,82,80,88,96,90,83,88,96,97,99,109,137,152,161,164,155,159,158,133,147,176,154,136,154,158,173,170,190,185,173,160,158,137,124,119,114,131,127,155,198,208,186,138,116,134,122,88,86,93,147,185,200,207,174,145,153,184,212,214,206,200,194,198,192,192,173,136,108,117,146,153,140,143,148,113,109,167,190,168,163,162,166,149,129,120,129,155,170,179,146,137,144,167,139,142,164,141,156,168,164,164,176,186,192,191,185,182,188,196,200,201,201,204,209,198,202,209,205,210,212,213,211,201,206,207,202,205,200,194,181,176,182,179,178,187,190,174,171,173,175,165,152,156,170,170,162,157,160,161,160,160,163,161,167,179,191,199,200,199,198,200,197,193,189,182,172,157,145,133,122,113,124,142,147,153,167,139,101,96,106,87,70,75,78,83,78,61,46,45,45,43,45,33,27,32,49,62,62,64,69,71,75,79,80,83,86,88,88,82,64,51,45,37,32,28,21,25,42,62,71,69,62,52,44,28,32,46,60,69,77,74,60,70,71,70,66,59,55,54,56,55,54,53,56,63,72,81,85,86,86,88,92,97,100,99,98,99,96,93,91,92,93,94,94,92,89,84,81,77,70,61,54,53,63,67,60,45,30,32,50,69,76,75,72,77,79,
99,99,101,107,110,110,109,110,111,110,108,105,102,95,81,68,53,43,37,43,55,66,77,87,99,106,107,108,111,104,93,90,96,94,85,75,72,80,93,100,105,103,101,102,103,95,75,56,54,55,65,84,102,110,109,107,102,102,100,97,94,92,93,94,95,93,91,90,90,90,89,88,94,96,98,99,99,99,100,100,99,99,97,96,95,94,94,94,93,95,96,98,98,97,96,95,91,92,90,85,86,89,87,81,80,82,86,88,87,85,87,93,95,86,87,116,139,164,158,143,165,161,132,132,163,143,116,144,156,174,173,192,185,174,163,164,146,126,124,111,115,110,134,173,197,174,134,105,126,137,104,89,84,121,158,183,212,190,158,144,169,197,205,207,202,192,195,196,188,175,140,107,111,141,151,139,125,136,125,136,177,175,152,159,161,165,154,135,122,121,140,167,172,132,130,146,161,133,140,157,145,149,160,156,158,170,174,183,192,187,184,186,192,196,198,198,197,205,196,198,201,198,207,212,213,213,202,205,206,202,207,201,188,182,179,188,178,169,187,195,181,176,171,169,171,171,167,163,166,164,163,162,159,157,161,168,169,173,182,192,198,199,200,203,203,198,193,190,182,168,154,145,130,104,87,100,130,152,157,153,136,102,85,86,79,75,76,72,70,70,60,50,51,48,41,40,29,23,28,47,63,65,61,60,69,73,77,81,83,85,86,86,86,68,55,47,37,31,29,24,32,53,73,77,70,64,58,53,34,34,42,53,63,74,72,56,59,63,69,70,66,61,57,56,51,49,46,47,52,60,69,75,80,83,86,88,90,93,98,102,99,96,92,91,92,94,96,96,94,91,86,80,74,67,61,57,62,72,75,66,47,26,25,40,59,71,72,70,75,78,
98,98,102,108,110,108,109,113,113,110,105,100,96,89,75,62,45,42,47,58,68,73,83,94,107,111,110,109,111,103,92,90,99,96,91,83,74,75,88,103,106,106,104,105,106,99,80,61,55,52,59,78,98,108,110,110,106,104,102,99,97,95,94,93,93,91,90,89,89,89,89,88,92,93,95,99,101,102,101,99,99,99,98,97,96,96,96,96,96,98,100,102,102,101,99,98,97,97,95,93,92,91,89,87,82,88,87,84,86,88,87,90,91,81,78,101,121,155,146,131,168,146,127,123,149,144,111,127,156,174,171,189,185,179,169,168,151,127,132,110,100,95,114,142,172,169,132,106,120,138,126,94,97,106,129,154,202,201,176,144,153,176,189,205,204,185,185,189,177,171,143,110,111,137,147,136,112,115,141,166,164,151,148,150,155,160,158,144,130,117,127,164,163,117,120,147,152,133,137,140,153,137,145,151,158,160,155,169,185,184,184,186,189,191,192,191,191,203,196,195,193,187,197,203,213,213,203,204,205,201,207,202,190,185,180,191,178,161,178,186,185,181,173,169,176,183,179,169,164,163,163,163,161,161,167,174,175,179,188,197,200,199,201,205,203,200,194,187,181,172,154,137,125,92,63,60,88,136,153,133,130,102,76,68,70,71,70,69,66,69,60,50,48,42,34,32,23,21,26,46,64,65,55,45,53,57,64,72,78,83,85,86,84,68,57,48,33,27,28,26,35,55,72,72,66,63,61,58,39,36,38,42,51,66,70,58,48,54,62,71,75,74,67,62,56,53,50,47,48,52,58,62,71,74,76,76,76,79,86,93,92,91,90,91,93,95,96,95,95,92,87,78,70,63,61,60,67,77,79,70,50,25,20,32,52,67,72,69,74,77,
96,97,102,108,108,105,107,112,109,108,103,100,97,92,80,68,65,61,62,67,69,73,88,106,109,112,109,108,110,103,95,95,102,100,98,92,79,75,90,111,107,108,109,108,107,100,83,66,57,51,55,74,95,107,111,111,108,105,101,99,100,99,95,92,91,90,88,88,89,89,89,88,90,91,94,100,104,105,101,98,99,99,98,97,97,97,97,97,98,100,102,104,105,103,101,100,102,100,98,98,96,93,91,92,86,95,91,83,88,92,89,88,88,84,82,96,104,140,134,125,163,122,118,117,136,145,111,112,155,172,167,184,185,184,173,169,149,125,137,112,93,87,102,119,156,172,133,110,112,124,132,85,110,97,104,125,183,199,185,144,136,155,170,196,198,174,169,174,166,166,145,116,114,136,143,131,122,107,147,171,133,126,155,155,146,152,156,147,133,112,116,157,159,110,114,149,147,134,133,123,160,127,133,150,160,153,139,158,178,181,184,186,188,188,187,185,188,203,198,194,188,178,186,192,212,213,203,203,203,201,207,201,195,189,179,190,176,154,168,171,184,180,178,179,181,181,182,183,178,174,170,168,167,169,174,180,175,177,185,198,205,205,204,205,201,203,195,183,180,178,156,129,120,89,53,25,42,109,144,119,126,97,69,65,70,63,59,69,66,67,55,41,36,30,25,25,17,18,25,44,62,64,48,32,30,34,43,56,68,76,81,84,81,68,58,46,29,22,23,23,33,51,65,65,61,61,60,56,40,36,35,34,40,58,68,62,46,49,57,71,83,84,76,67,62,60,56,52,49,49,51,53,63,65,65,64,62,65,72,79,84,85,87,90,93,95,94,93,94,92,87,77,66,60,60,62,67,77,80,71,51,26,19,29,49,66,73,71,74,78,
99,102,106,108,108,110,114,118,113,109,101,95,93,91,84,75,75,77,73,65,65,77,94,105,101,107,111,109,107,107,105,102,97,103,103,91,77,78,96,115,107,108,106,104,106,107,93,75,57,56,57,71,92,99,103,113,105,105,103,102,103,104,99,93,92,91,90,90,91,91,90,89,91,90,91,96,102,105,103,100,100,100,101,101,101,100,98,97,102,103,105,106,107,107,107,106,106,102,98,99,102,102,98,93,92,92,92,91,91,92,92,93,90,90,85,93,94,115,141,114,156,122,106,103,133,159,126,99,122,167,166,187,206,193,161,165,138,139,132,100,106,92,89,110,120,150,142,117,106,113,126,121,114,96,84,102,157,191,205,153,134,145,135,164,205,183,154,161,149,161,153,125,115,130,137,128,115,133,156,163,119,125,141,152,135,147,149,158,133,118,117,149,160,123,112,147,117,135,135,128,141,153,126,132,143,142,157,143,143,178,192,185,184,183,181,188,179,186,196,203,190,165,168,195,209,211,215,207,195,196,203,202,196,197,184,174,169,154,150,168,176,176,177,178,180,183,186,188,195,180,169,170,171,169,172,180,185,187,192,198,203,206,205,204,205,201,193,184,182,177,158,137,129,87,69,38,30,96,137,113,104,99,69,55,71,73,63,67,70,66,50,29,18,18,17,12,9,12,22,44,62,64,51,38,21,15,16,28,40,47,60,75,71,68,57,39,26,19,19,18,25,38,51,54,53,53,54,54,37,32,26,25,32,44,54,59,48,45,51,71,94,100,81,59,64,62,60,57,54,51,48,46,52,57,58,52,49,57,68,75,83,89,88,87,91,91,91,98,94,95,89,72,58,54,60,66,73,78,82,72,49,26,19,22,46,59,72,75,74,76,
108,109,111,113,115,115,115,114,108,106,103,100,100,99,91,82,74,74,70,65,69,82,96,103,100,106,112,111,110,108,105,102,98,105,107,97,83,80,92,106,107,110,109,107,109,109,97,81,68,62,55,63,80,87,94,106,108,110,110,107,105,105,103,99,94,93,91,91,91,91,90,88,91,90,91,96,102,105,104,102,100,100,101,101,101,100,99,99,102,103,105,107,108,109,108,108,107,105,103,103,105,104,101,98,94,93,93,93,93,93,94,94,93,92,86,91,92,113,138,116,145,129,110,99,122,149,128,95,118,166,169,190,203,188,161,169,139,139,134,104,109,96,86,97,100,125,126,121,116,110,115,113,101,99,90,108,134,175,195,165,129,137,131,147,193,200,163,146,141,148,145,132,127,131,131,127,116,129,139,145,126,128,144,147,133,134,143,165,153,124,118,148,158,137,122,135,106,132,137,135,149,158,137,132,132,130,148,152,164,155,173,186,174,180,190,176,182,184,190,197,193,172,165,177,200,206,214,211,198,196,200,197,193,194,183,174,168,152,145,159,168,172,177,179,180,181,184,187,190,182,176,174,173,171,177,185,189,190,193,198,202,205,205,205,200,205,202,189,177,171,165,158,139,95,74,47,40,85,107,85,86,96,79,54,54,63,64,66,73,68,54,33,16,9,10,13,8,10,19,38,58,64,53,40,16,7,6,13,18,21,30,43,53,52,44,33,25,23,21,18,19,29,40,44,44,45,46,45,31,30,28,26,28,35,44,50,44,40,44,66,94,102,81,56,65,64,63,61,57,53,48,45,45,48,49,51,57,67,73,73,82,86,85,85,90,91,90,95,94,93,84,67,53,51,57,62,74,78,81,71,49,28,22,25,39,52,65,70,71,73,
116,115,114,116,118,117,113,109,104,105,106,106,109,108,101,92,82,78,71,67,70,79,86,89,96,103,110,111,111,111,107,103,103,108,109,99,85,82,91,103,108,111,112,111,112,112,102,90,76,66,53,52,64,73,85,103,110,115,116,111,106,105,105,104,98,96,94,93,93,92,90,88,90,90,91,96,101,105,105,104,100,100,101,101,102,101,101,101,102,104,106,108,110,111,111,110,108,108,108,107,107,105,104,103,96,96,95,95,95,95,96,96,96,94,90,90,90,110,133,117,130,134,111,94,108,133,128,92,114,162,172,195,202,185,162,173,138,134,133,107,112,103,93,94,95,108,110,121,119,98,94,95,91,103,96,110,110,156,178,167,120,120,132,142,179,202,167,147,134,139,140,141,141,133,126,129,121,130,119,119,129,128,147,143,132,118,132,164,172,133,124,148,146,149,133,126,100,128,134,135,140,151,151,143,130,117,121,135,147,153,160,170,184,187,181,179,178,179,182,192,200,187,166,159,189,196,209,212,202,197,195,189,189,190,183,177,169,152,143,150,157,165,175,180,181,181,183,186,183,184,184,180,175,176,183,191,195,196,197,200,204,206,206,206,196,203,202,189,176,171,170,169,154,114,87,61,55,78,77,58,69,75,69,55,49,56,63,66,66,64,47,19,4,3,8,8,8,7,14,31,55,66,57,44,18,8,3,6,7,8,14,23,36,34,30,27,27,27,23,17,15,21,28,32,34,36,36,34,25,27,29,28,26,27,34,40,34,27,30,55,90,105,85,57,63,64,64,63,60,55,50,47,43,40,39,44,60,75,81,80,82,85,82,82,89,89,87,91,95,92,80,61,47,45,52,58,74,77,78,68,48,29,22,24,32,44,57,65,68,70,
114,112,111,112,114,113,110,107,106,108,110,111,113,113,107,99,91,85,77,72,74,80,85,88,98,103,108,110,112,114,112,108,112,111,106,94,84,85,98,110,109,112,114,114,115,114,106,96,76,68,53,48,54,62,81,105,110,115,116,111,107,106,106,105,102,100,97,96,95,93,91,89,89,89,90,94,99,103,104,104,101,101,101,102,102,103,103,103,102,104,107,109,111,112,113,113,110,112,113,111,107,104,104,105,100,99,99,98,98,98,98,99,98,97,95,92,92,109,124,115,119,131,106,93,102,118,126,94,110,155,169,198,204,185,163,172,140,131,134,111,110,105,101,95,99,102,98,111,111,89,83,85,90,100,104,107,102,137,159,155,114,110,144,149,156,167,144,145,130,140,142,141,143,135,128,136,131,139,113,101,126,121,146,146,136,115,124,148,171,139,135,150,134,153,143,131,114,132,131,134,133,142,154,148,133,112,97,110,114,146,158,165,185,186,175,179,172,175,178,190,206,201,176,159,183,186,199,206,202,198,192,182,184,184,183,180,171,157,147,147,150,157,169,179,185,187,187,186,180,185,187,182,178,182,189,194,201,202,204,207,209,209,207,205,195,194,188,180,176,173,167,160,156,128,97,64,60,74,62,47,56,41,45,63,68,66,72,78,77,82,61,21,4,9,11,1,7,5,9,27,53,69,63,50,25,12,4,6,9,10,15,24,29,26,23,23,27,28,23,16,17,20,23,24,27,30,29,26,23,24,27,28,26,25,29,36,32,22,21,44,83,103,87,59,63,64,64,63,59,55,53,51,50,43,37,38,50,68,83,90,86,87,81,80,86,87,85,89,97,95,82,59,41,39,47,56,71,75,76,67,49,32,24,23,31,40,52,61,66,68,
104,104,104,105,107,109,111,112,113,115,114,113,114,114,109,103,88,84,80,80,84,91,99,106,108,111,113,113,115,118,118,115,113,110,103,94,89,94,106,117,111,113,115,116,117,115,107,100,77,72,60,51,52,57,76,103,109,112,113,111,110,110,107,104,105,103,100,98,97,95,92,90,89,89,90,92,96,99,101,102,102,102,102,103,103,104,104,104,103,105,107,110,112,113,114,114,114,116,117,114,109,105,105,106,103,103,102,101,101,101,101,102,99,99,101,95,97,111,115,111,114,121,100,97,103,109,120,102,107,142,157,194,203,186,163,166,139,124,135,118,109,102,101,91,92,94,87,97,103,90,86,86,82,91,116,107,101,114,143,148,116,116,152,143,126,129,112,118,121,142,140,130,135,136,133,143,142,154,126,100,119,115,140,153,146,129,126,129,154,145,149,155,137,155,148,141,134,140,134,139,145,145,150,146,138,121,101,107,104,106,139,167,166,173,182,173,173,179,179,185,201,204,190,178,186,182,188,197,199,197,190,177,178,177,180,180,172,162,154,149,149,153,162,175,188,194,193,189,182,185,185,182,182,188,194,196,202,204,208,212,213,210,205,201,196,190,179,170,167,165,161,155,147,131,102,62,59,79,70,57,73,60,71,98,108,105,106,109,109,115,103,70,34,15,8,4,6,5,7,24,52,72,69,57,30,13,3,6,12,14,19,27,27,24,22,23,27,27,22,18,23,24,23,22,23,26,25,21,23,21,22,25,26,25,28,34,37,27,22,39,75,99,89,65,69,68,66,62,57,53,52,53,59,55,48,42,42,53,71,86,89,90,83,79,84,84,84,90,96,96,84,59,37,34,44,55,70,75,77,72,60,47,38,33,37,42,50,58,63,65,
94,95,97,100,105,111,117,121,120,121,119,116,114,114,110,104,86,82,80,82,87,93,101,107,116,117,116,115,117,121,121,118,108,107,104,102,101,105,112,117,114,114,114,117,119,116,108,100,85,80,67,58,56,57,71,93,105,109,112,112,112,113,110,105,108,106,103,101,99,97,94,92,91,91,90,91,93,95,98,100,104,104,104,103,104,104,105,105,104,105,108,110,112,113,114,114,118,119,119,116,112,108,107,108,107,106,105,105,104,104,104,104,102,102,105,98,103,114,108,106,111,110,101,102,105,108,114,110,106,130,142,185,199,186,164,163,126,104,125,121,110,102,105,94,86,90,83,93,101,90,85,81,72,81,121,109,95,93,129,151,122,126,142,122,111,124,110,98,107,136,131,116,127,134,132,139,146,159,144,110,112,113,127,151,155,152,138,122,136,148,156,156,145,154,148,141,139,143,141,145,153,154,151,155,159,145,126,116,102,86,98,136,158,162,170,182,178,184,182,181,190,197,198,201,196,185,184,191,193,193,188,177,173,170,175,178,171,167,163,154,154,154,158,170,186,196,197,194,188,186,183,183,186,190,196,199,202,205,209,213,214,210,203,197,195,192,182,166,153,150,154,160,146,135,112,77,77,103,99,86,98,109,118,119,118,116,113,111,117,117,126,123,82,27,6,14,7,5,7,21,49,72,75,65,39,18,4,7,17,20,23,27,26,24,26,29,29,25,22,21,29,29,26,21,21,23,23,21,24,20,21,25,26,24,27,33,34,29,25,38,70,98,98,82,78,77,73,66,58,53,52,53,64,66,66,59,48,46,57,70,86,89,85,81,84,83,84,90,92,93,83,60,40,37,47,59,72,78,82,80,75,69,61,55,49,48,50,56,60,61,
86,86,90,98,109,118,124,126,123,124,123,119,116,115,111,106,90,84,81,85,91,92,92,92,105,107,108,109,113,119,119,116,107,107,107,108,110,112,114,114,119,115,114,117,120,117,108,99,96,87,71,63,63,61,67,82,98,105,112,113,113,112,111,108,110,107,105,103,101,99,96,94,95,94,92,91,91,93,96,98,106,106,105,104,104,104,105,105,104,106,108,110,112,113,113,113,118,118,117,116,113,111,109,109,109,109,108,107,106,106,106,106,107,104,108,98,106,117,103,104,107,106,111,107,105,110,110,116,111,125,133,179,195,186,169,168,127,90,112,117,107,101,110,101,92,91,83,96,102,86,81,80,76,76,110,108,86,87,115,150,138,132,120,107,113,126,116,99,99,127,121,109,127,131,119,123,136,149,153,121,105,116,108,134,156,168,151,129,125,146,151,149,153,157,153,141,138,146,151,149,151,161,148,159,171,161,154,135,116,110,92,104,142,150,149,172,169,181,185,184,187,191,198,210,207,194,189,191,187,186,184,178,174,167,173,177,171,172,172,161,160,157,158,167,181,193,198,198,195,187,183,185,187,189,196,205,206,208,211,215,215,211,204,199,192,191,185,169,152,144,148,156,144,127,115,96,98,121,118,104,102,119,117,102,98,92,87,92,103,100,116,135,116,62,23,13,10,7,6,15,42,70,79,74,55,29,9,13,25,29,28,28,29,32,37,40,34,25,21,22,33,33,30,23,21,23,25,25,27,25,28,32,28,22,24,32,34,35,34,41,64,89,94,84,83,83,80,73,64,58,56,57,65,71,78,78,67,57,58,64,77,85,87,85,86,84,83,90,90,89,80,63,50,50,59,67,78,82,84,83,82,81,77,71,63,58,54,56,59,59,
81,81,85,97,112,124,127,126,122,125,125,122,119,117,113,107,95,86,83,91,99,98,92,88,87,91,95,100,107,114,115,112,111,109,108,109,112,115,115,115,122,117,114,118,122,119,108,98,103,89,70,64,68,67,66,75,90,102,113,114,111,110,110,110,110,108,105,103,102,100,97,95,97,96,94,92,91,92,95,97,108,107,105,104,104,104,105,105,104,106,108,110,112,113,113,112,115,114,114,113,113,111,110,109,111,110,109,108,108,107,107,108,111,106,108,98,108,119,102,104,103,106,122,109,103,113,108,118,116,125,131,176,192,187,175,176,147,95,107,111,99,95,108,100,97,90,80,97,105,86,83,89,88,75,92,104,79,92,105,144,157,135,103,104,117,113,108,102,99,122,115,110,132,128,106,107,124,135,153,126,101,118,93,117,152,174,159,138,122,143,142,142,159,165,165,148,142,154,163,152,156,166,138,145,160,160,175,159,149,137,124,107,105,133,148,130,155,173,187,191,192,190,195,209,213,201,196,193,184,180,181,180,177,168,174,178,172,176,179,167,164,161,160,165,176,188,197,201,199,189,184,187,188,187,196,210,210,212,214,216,216,213,207,203,188,187,183,173,160,149,144,144,132,107,103,99,103,120,114,99,108,114,102,96,104,94,88,107,103,97,104,126,134,106,50,7,11,8,4,11,37,67,81,79,65,36,14,18,31,35,32,30,34,41,49,50,39,25,19,22,36,37,33,26,22,25,28,29,30,31,37,39,31,20,22,32,45,49,47,45,56,73,76,68,82,84,83,79,71,65,63,63,67,72,82,88,83,73,68,70,69,81,87,88,89,85,83,90,89,87,78,66,60,64,71,75,82,85,84,81,81,83,80,75,75,66,59,59,60,59,
71,79,92,105,113,116,119,122,115,120,118,112,114,122,122,114,97,95,95,94,89,80,74,73,81,98,107,109,117,122,121,120,110,107,109,115,116,114,117,124,120,115,111,113,119,119,112,104,106,91,76,69,68,66,67,70,77,96,115,119,114,111,111,110,110,108,106,105,104,103,100,99,100,99,97,95,95,97,99,100,107,107,107,105,104,104,105,107,108,107,106,108,112,113,111,109,107,108,110,111,112,112,111,111,112,112,111,111,110,109,109,108,111,106,102,105,111,113,108,101,99,106,117,106,108,110,104,131,129,111,124,156,196,191,181,169,153,116,100,102,94,90,98,101,93,92,93,96,96,92,91,93,86,78,96,85,79,83,86,132,163,122,94,102,118,116,108,106,102,108,106,116,135,128,104,95,99,117,144,145,96,121,110,111,139,164,175,161,107,129,153,128,156,169,174,175,146,157,163,167,168,170,158,140,139,158,173,176,173,166,153,136,121,118,128,139,134,153,173,189,198,196,198,209,221,210,204,201,189,174,173,183,178,173,168,170,176,181,181,179,171,171,167,163,168,181,192,196,195,189,184,184,189,195,199,200,209,216,223,224,219,212,207,205,193,191,183,170,155,146,145,148,124,97,87,92,109,120,108,106,108,107,103,97,96,99,101,100,100,98,104,117,128,123,81,29,10,4,9,7,24,66,85,87,68,47,28,23,31,45,46,33,46,53,57,52,40,31,28,28,41,53,48,31,25,25,28,35,35,34,38,41,35,26,27,35,52,63,67,59,53,57,64,66,70,76,81,80,77,74,71,68,70,71,77,87,93,91,85,81,76,79,82,83,84,85,86,86,84,82,76,69,66,69,75,79,78,86,84,80,85,86,82,80,75,74,70,65,65,67,
72,83,96,104,106,109,113,115,113,118,119,118,120,123,118,110,110,103,97,93,88,82,79,79,93,104,108,112,124,130,122,116,116,115,116,119,121,120,121,123,119,116,114,117,121,120,114,107,110,97,83,73,67,62,61,62,75,93,111,117,114,111,111,110,108,106,105,104,105,104,103,101,100,99,98,97,98,100,102,104,107,107,107,106,104,104,106,107,108,109,109,110,110,110,111,112,112,113,113,114,114,114,113,113,112,112,112,111,111,110,110,110,112,107,104,106,110,111,107,102,99,104,112,105,107,108,105,132,125,101,111,144,187,181,174,165,148,113,96,100,97,95,98,96,97,93,93,97,99,97,94,94,90,84,99,88,80,81,84,128,137,105,83,92,110,115,112,111,102,109,109,117,136,131,109,99,99,106,123,140,101,114,111,120,122,148,173,171,118,106,130,130,146,173,177,177,160,158,154,171,161,179,183,158,133,134,156,174,174,175,173,166,154,142,135,133,136,149,162,176,190,193,197,208,214,208,209,212,202,181,169,170,176,173,170,172,178,183,185,184,176,175,171,166,169,178,187,190,191,189,186,186,190,195,200,203,208,215,223,226,222,213,205,201,186,187,186,178,163,146,140,142,119,95,86,86,99,111,107,113,107,106,102,98,98,102,104,102,102,98,102,111,122,124,96,56,16,2,8,8,20,61,87,93,79,53,27,21,28,36,46,56,54,58,59,54,47,47,56,65,64,73,66,47,34,29,29,36,39,36,35,34,26,18,21,31,53,64,67,54,43,46,57,65,65,71,74,73,73,74,73,71,67,70,78,88,91,88,85,85,80,83,85,84,82,81,82,83,77,76,74,72,72,74,78,81,78,84,81,79,83,82,78,80,73,73,69,61,57,57,
78,92,104,106,105,109,113,114,117,117,119,122,124,123,116,110,115,105,94,88,85,83,83,85,101,112,114,116,125,127,121,117,121,122,121,121,123,126,123,119,115,115,116,119,121,120,115,110,113,103,91,79,69,61,58,58,68,84,103,112,113,112,111,110,107,105,105,105,106,107,106,105,101,100,99,100,101,104,107,108,107,108,108,107,106,105,107,108,108,110,112,110,108,108,111,115,116,115,115,115,115,115,114,114,113,113,113,113,112,112,112,112,112,109,107,108,109,109,105,102,103,103,108,105,107,108,110,134,121,94,99,129,173,173,169,161,142,111,94,98,101,100,97,91,97,92,91,96,100,99,95,94,93,90,103,94,85,85,89,129,122,99,80,83,96,105,107,108,107,115,115,119,131,131,116,106,103,96,97,131,105,103,111,127,116,128,157,173,142,97,108,124,128,166,175,179,177,162,147,173,168,179,180,163,140,131,137,147,174,183,190,187,175,162,155,152,143,149,154,167,185,193,197,206,211,209,213,220,213,191,170,161,174,173,172,175,180,185,189,190,180,178,173,167,167,172,177,179,183,185,188,189,190,194,202,208,208,214,223,228,226,217,206,198,180,182,189,190,174,149,137,138,111,88,78,71,77,89,92,105,107,104,100,98,101,107,107,103,103,99,100,105,113,122,112,88,29,4,10,12,16,51,82,93,85,66,44,45,56,46,41,56,57,58,56,51,48,57,77,95,97,105,101,87,72,53,38,37,39,36,33,30,21,13,14,21,42,53,55,41,28,31,46,58,64,67,68,66,67,70,71,69,64,70,79,88,89,86,86,89,85,88,89,87,82,77,77,79,72,71,70,72,75,76,78,78,79,83,81,81,86,83,81,87,74,74,69,57,47,43,
84,98,108,108,109,115,119,117,125,120,118,121,123,120,117,116,111,102,93,90,89,89,90,92,99,115,121,118,116,115,117,124,121,124,122,120,123,128,124,115,112,114,117,120,121,118,114,111,112,107,97,85,72,63,60,61,58,73,92,106,113,114,111,109,108,107,107,107,109,109,109,108,102,102,102,102,103,106,108,109,107,108,109,108,107,107,108,109,109,110,110,109,109,110,114,117,115,115,114,114,114,114,114,114,114,114,114,114,114,114,114,114,112,111,110,109,108,107,105,103,109,105,107,109,110,111,119,137,117,97,98,115,158,169,170,157,136,114,98,98,102,102,98,93,97,94,94,99,101,100,98,98,93,94,105,100,95,95,102,137,121,104,84,76,81,92,99,102,111,119,123,123,126,127,122,116,114,102,89,125,111,103,118,131,128,115,126,155,165,114,104,108,109,140,161,179,186,170,155,170,178,176,173,167,158,146,134,127,153,171,189,193,185,178,175,176,160,159,156,166,185,194,197,204,216,212,212,218,216,200,180,167,174,174,175,177,181,186,191,193,184,181,176,171,169,170,172,172,173,180,187,189,189,193,202,210,210,215,222,228,227,220,209,201,185,185,193,200,185,155,138,138,112,89,77,65,66,73,77,92,107,104,99,98,103,109,107,102,103,100,101,102,105,116,117,104,44,11,15,19,16,40,70,85,82,74,57,65,88,74,48,48,57,57,54,50,48,57,79,98,109,118,122,123,117,93,64,50,39,33,29,27,23,15,10,10,25,35,39,31,22,25,39,50,66,68,68,65,64,66,68,66,66,70,79,87,89,87,88,91,87,91,94,94,87,78,75,76,74,70,68,69,72,72,73,75,77,79,78,81,87,85,84,93,78,80,74,58,41,34,
87,96,105,109,114,122,123,120,126,122,120,122,123,120,118,118,110,104,100,101,101,98,97,98,103,115,118,113,112,112,117,128,121,123,122,120,123,128,124,115,114,116,120,122,122,119,115,112,112,109,102,89,76,67,63,62,54,65,82,101,113,116,114,112,112,111,110,110,111,111,110,109,105,104,104,104,105,106,107,108,108,109,110,110,109,108,109,110,111,109,107,108,112,115,116,117,113,113,114,115,115,116,116,116,115,115,115,115,115,115,115,116,111,112,111,110,109,107,106,105,112,109,108,112,112,114,126,134,113,105,105,106,144,165,170,151,130,120,106,99,102,103,100,99,99,100,103,106,104,101,102,106,93,97,105,105,104,103,111,138,123,109,89,74,72,80,91,97,100,111,127,133,130,127,126,124,123,116,98,121,117,114,129,136,139,113,103,129,167,135,114,98,98,109,141,172,186,180,174,166,177,184,189,186,172,155,144,138,130,147,168,183,193,195,190,182,181,175,165,166,181,190,197,208,219,214,211,215,217,209,191,177,178,177,177,178,182,186,190,193,188,185,180,177,174,172,172,173,167,175,183,187,189,193,202,210,215,217,222,225,225,221,213,207,199,194,198,205,192,162,141,135,124,102,89,78,77,82,81,92,108,105,101,100,104,109,106,100,101,100,103,103,101,109,111,102,49,16,20,27,24,39,61,80,84,76,50,49,85,94,72,61,59,58,58,57,54,57,72,87,105,112,117,125,132,118,91,75,48,36,26,22,21,17,10,5,14,22,29,28,26,28,34,38,64,69,72,70,69,71,72,71,73,74,79,86,90,89,89,90,87,91,97,100,94,83,77,77,79,72,67,67,68,67,70,75,73,76,74,77,85,84,82,88,83,86,80,63,43,34,
96,100,107,116,123,127,127,125,120,124,126,127,125,122,119,118,112,109,109,110,107,101,97,98,111,113,109,109,117,122,122,126,124,124,124,123,125,127,125,120,120,122,124,125,124,121,117,114,113,113,109,97,84,73,64,59,57,61,73,92,108,115,116,116,115,113,112,112,112,112,111,109,107,107,106,106,106,106,106,107,108,110,111,111,110,110,110,111,112,109,108,109,114,117,117,116,114,115,116,118,119,119,118,118,116,116,116,116,116,116,115,115,111,110,110,110,110,109,108,107,110,111,108,113,111,116,130,124,109,110,111,104,133,153,162,145,122,124,113,102,104,105,103,106,100,102,106,108,104,100,102,108,98,102,104,107,109,106,113,131,130,118,99,83,74,74,81,87,83,92,119,139,137,131,130,128,124,122,110,116,119,124,134,139,141,124,104,118,149,142,128,105,98,92,120,151,179,187,188,167,176,188,198,195,183,170,159,151,142,141,144,156,179,197,195,184,194,188,175,169,175,183,196,212,215,212,211,215,220,216,199,183,183,181,179,180,183,187,190,191,186,182,178,176,173,170,169,171,166,172,180,186,190,197,205,211,220,221,223,223,221,218,214,212,208,200,200,206,200,173,145,130,129,109,101,94,94,97,93,102,108,107,104,103,106,109,106,101,102,101,105,105,102,105,105,96,52,27,27,34,39,47,58,80,94,85,53,41,69,96,89,72,59,57,57,59,56,55,61,71,108,118,118,117,122,119,105,95,70,51,30,18,15,15,12,8,10,15,20,24,24,24,22,21,48,61,73,77,78,79,81,81,81,80,83,88,91,89,89,90,88,89,96,103,100,88,80,79,80,74,70,70,66,63,66,73,75,79,76,77,86,89,84,82,84,89,85,69,50,40,
105,106,114,126,130,125,124,127,118,127,131,126,121,122,123,121,116,116,116,115,108,101,99,101,113,113,108,111,122,125,123,126,128,126,126,127,127,125,124,126,127,126,126,126,125,123,118,114,114,118,118,110,98,85,70,59,63,59,63,78,96,107,113,116,114,113,112,112,112,112,111,110,108,108,108,107,107,107,108,108,108,110,112,112,111,111,111,112,112,112,112,112,114,115,115,115,115,117,119,121,122,121,118,117,117,117,116,116,116,115,115,115,110,109,108,109,111,112,110,108,108,114,110,114,110,118,133,113,110,109,115,109,129,138,149,142,114,124,116,104,108,111,107,109,104,105,107,110,108,104,104,108,105,108,104,109,113,108,113,123,134,125,114,105,93,83,81,86,78,76,102,133,136,131,134,133,130,127,125,118,124,132,133,144,146,143,122,126,135,148,143,123,101,94,103,120,168,185,187,171,176,187,194,193,193,191,178,162,167,158,143,139,153,175,185,183,188,191,186,180,179,180,191,210,212,211,210,212,219,218,204,187,187,183,180,181,186,191,192,191,185,180,177,175,172,168,168,171,170,173,178,186,195,203,209,212,223,225,225,222,217,212,211,211,203,196,195,205,208,188,153,126,120,105,103,99,100,102,99,108,108,109,108,107,108,110,108,104,104,102,106,107,105,106,105,95,65,48,40,41,53,54,52,76,99,94,72,52,59,84,91,79,62,55,51,52,51,47,50,57,98,124,134,124,118,115,110,107,95,75,47,25,15,13,11,9,11,12,15,17,18,15,12,12,26,46,68,79,82,83,85,87,86,87,90,92,90,86,87,91,90,88,92,101,101,91,83,82,78,75,75,75,66,55,54,60,75,82,79,77,91,99,92,82,81,86,85,73,58,50,
108,108,117,129,128,117,115,123,120,131,132,121,114,120,127,127,123,123,123,120,112,105,106,111,106,113,115,116,121,120,122,130,131,127,127,129,127,122,123,128,130,127,125,124,124,122,116,111,114,121,124,120,111,97,78,63,67,58,55,67,85,99,109,115,112,111,110,111,112,112,111,110,108,108,108,109,109,109,109,109,108,110,112,113,112,111,111,112,112,114,116,115,113,112,113,114,115,118,121,123,122,120,117,114,118,117,117,116,115,115,114,114,109,108,107,109,112,114,112,109,108,117,113,115,110,120,135,108,112,108,116,116,130,127,138,142,108,122,116,105,113,116,109,109,114,112,113,116,116,113,111,112,110,112,105,111,117,112,115,120,128,123,123,123,115,101,95,99,85,69,88,122,129,129,135,138,143,137,142,128,134,141,135,152,155,158,137,138,133,155,156,137,103,102,92,95,160,179,179,175,170,188,200,198,197,201,194,181,172,172,162,146,141,152,166,172,175,188,195,194,189,182,187,204,212,211,208,208,214,217,206,191,190,185,181,182,189,194,194,192,191,185,181,180,177,172,172,176,175,174,177,186,199,209,213,214,224,227,227,222,214,208,207,208,192,186,189,204,215,200,161,127,112,101,102,99,99,101,98,109,107,110,111,110,110,112,111,108,107,103,105,108,107,110,108,99,82,69,53,47,61,56,43,68,95,93,80,56,48,70,93,94,70,58,48,47,45,42,45,52,69,116,146,137,124,117,115,115,110,93,66,39,22,14,10,8,15,15,15,16,15,12,10,10,11,34,63,78,81,81,84,86,89,92,95,95,89,84,86,93,93,87,89,98,100,92,85,84,76,76,79,79,66,48,42,46,68,78,75,74,91,105,97,82,77,83,84,74,63,57,
94,97,109,121,123,118,116,120,124,123,121,118,117,121,130,137,131,124,124,122,113,109,109,106,102,106,110,109,103,104,120,140,132,132,130,129,128,128,129,131,124,135,138,128,117,115,118,119,116,123,126,124,119,109,89,71,64,62,58,56,64,84,103,114,114,112,111,112,113,112,111,110,109,109,109,109,110,110,108,107,110,111,113,114,115,114,113,112,112,113,115,116,116,116,116,115,115,117,119,121,122,121,119,118,120,119,118,116,114,113,112,112,111,111,111,110,108,108,111,114,116,118,117,115,117,122,123,120,119,117,117,120,122,126,135,145,115,112,109,110,114,117,117,115,117,115,115,117,120,121,117,113,110,110,114,119,120,119,120,124,130,126,127,131,127,117,113,117,106,91,86,106,113,112,131,139,141,144,144,148,150,145,147,161,164,161,153,151,152,148,152,167,137,100,101,88,138,179,178,174,167,175,189,201,203,199,200,203,192,186,180,169,147,132,141,161,170,182,196,201,195,189,195,204,207,211,215,215,212,208,204,202,189,187,181,178,181,189,193,193,193,186,178,176,178,178,173,167,172,175,182,192,203,211,215,217,224,219,221,220,212,208,207,201,183,176,186,205,213,202,172,141,116,104,100,100,95,96,101,102,102,109,116,118,116,113,110,108,104,108,110,109,109,109,107,103,94,86,70,62,61,55,50,54,84,96,87,67,59,57,72,100,87,69,54,51,47,41,41,47,52,89,127,139,130,120,118,119,114,114,95,61,32,13,9,21,24,24,24,17,7,10,12,5,7,19,43,66,75,76,82,92,94,95,101,105,93,75,72,80,87,83,85,86,86,92,91,80,77,73,75,77,63,40,32,39,50,73,74,61,74,98,99,86,77,82,81,71,61,56,
97,99,102,104,105,107,114,123,117,118,120,122,124,127,129,130,131,125,125,125,117,112,110,103,102,116,118,103,100,117,130,129,136,134,132,130,129,128,127,127,130,133,131,123,116,114,115,116,115,121,124,123,121,114,97,79,64,60,55,54,60,76,95,109,114,113,112,112,113,112,111,110,110,109,109,109,110,110,110,109,112,112,112,113,113,114,114,114,115,115,116,117,117,117,116,116,115,117,119,121,121,121,120,119,120,119,118,117,116,115,115,115,113,113,112,110,107,107,109,112,113,116,117,117,120,124,123,119,121,116,114,118,122,126,132,138,117,114,111,112,116,118,118,116,117,116,115,118,121,122,120,117,113,112,114,118,119,120,123,128,132,127,127,132,131,125,123,126,125,110,97,106,102,97,118,129,142,146,141,140,150,157,162,168,163,162,158,157,158,151,152,164,155,112,96,75,121,166,167,160,165,150,177,209,202,197,207,204,204,199,194,187,171,149,136,134,147,159,179,196,201,199,199,201,197,202,209,217,219,215,204,196,187,184,181,180,181,184,186,188,188,182,173,168,168,172,179,183,174,179,186,193,200,208,217,224,225,221,223,221,212,208,210,207,184,170,173,195,212,210,185,154,127,111,104,104,98,96,103,107,109,114,119,119,116,112,110,108,110,113,114,111,109,107,103,98,91,90,77,64,59,55,54,61,81,95,90,73,62,56,66,90,96,82,68,61,54,46,43,44,50,73,100,116,121,122,119,116,114,112,103,79,46,27,30,42,26,20,18,16,12,15,16,8,3,11,29,47,57,63,75,88,95,96,101,102,91,75,66,68,75,72,77,83,86,91,88,74,74,78,78,70,54,39,31,30,28,51,63,63,73,87,94,98,86,81,76,71,62,52,
96,102,106,105,104,108,114,118,113,115,119,124,129,131,130,128,131,127,128,127,120,116,111,100,109,117,118,105,103,122,133,125,137,134,132,131,131,130,128,125,136,129,123,120,117,114,112,113,119,122,123,122,122,119,103,86,66,58,53,53,57,66,85,104,114,114,114,113,112,112,112,111,111,110,110,109,110,111,112,113,113,113,112,112,113,114,116,116,118,118,119,119,118,118,117,117,116,117,119,120,121,121,121,120,120,120,119,118,118,118,118,118,116,115,113,110,107,106,108,110,110,113,117,120,123,125,123,119,122,117,114,117,121,124,126,128,118,116,114,115,118,120,120,119,119,117,116,118,121,123,122,120,120,118,118,120,122,123,128,134,136,131,131,136,137,135,135,139,146,133,118,116,100,87,104,112,129,142,144,141,152,165,171,175,163,166,166,168,169,161,159,168,171,127,98,70,109,156,156,143,150,137,154,193,208,201,200,206,208,204,201,201,197,180,154,133,129,136,153,177,195,203,205,205,195,197,203,214,223,221,210,200,188,181,178,181,181,178,180,185,190,186,178,167,160,162,172,181,177,186,196,200,201,205,213,221,225,223,224,221,211,209,212,209,198,176,172,192,213,216,196,168,139,118,108,110,103,98,102,107,111,115,120,121,118,113,110,110,114,116,115,110,106,103,98,93,90,95,84,66,58,58,61,67,74,88,90,79,67,57,62,79,101,96,87,75,63,52,45,42,51,61,75,87,99,111,118,120,120,115,113,92,56,43,55,61,41,27,22,23,21,21,19,11,2,4,11,22,30,38,54,70,86,91,96,95,86,73,61,54,54,54,63,75,80,83,74,57,52,64,67,53,41,37,32,25,34,47,53,54,54,56,73,97,98,84,75,70,58,41,
100,107,109,105,106,112,115,113,115,118,122,126,129,130,131,131,131,130,132,127,118,116,113,102,115,102,106,114,109,111,124,131,135,132,130,130,132,132,130,127,135,125,119,120,119,113,111,114,125,126,124,121,122,119,105,89,70,60,54,55,56,60,78,99,111,115,116,115,113,113,114,113,112,112,111,110,110,112,114,117,113,113,114,115,116,117,117,118,120,120,120,119,119,118,117,117,117,118,119,120,121,121,121,121,122,121,120,119,119,118,119,119,118,116,113,110,108,108,109,110,109,111,115,119,123,124,122,120,123,120,118,119,121,121,121,121,118,116,115,117,120,123,124,124,125,124,123,123,125,127,126,126,127,125,125,127,128,128,132,137,138,138,141,144,144,141,143,149,158,151,140,138,117,97,102,100,108,129,144,149,156,162,167,175,166,172,175,178,181,175,172,179,177,143,111,85,112,153,150,135,128,142,131,152,209,210,189,207,209,207,204,203,207,204,185,163,140,135,136,150,170,189,203,212,204,201,202,208,218,222,219,214,196,183,175,178,180,177,179,185,187,187,184,175,165,161,164,169,171,183,198,207,210,211,215,219,226,222,222,220,212,211,210,201,196,177,176,196,214,217,204,184,156,129,115,117,112,104,103,105,109,113,119,123,120,114,111,112,113,113,109,103,99,97,95,92,91,96,84,65,62,67,69,70,63,74,82,79,69,61,65,78,98,104,103,89,70,55,47,44,55,58,61,63,69,84,103,117,122,118,118,93,58,62,79,71,46,31,25,29,26,22,20,15,8,4,4,7,10,15,28,43,66,78,87,85,78,71,61,52,46,46,59,74,78,75,61,40,34,46,52,44,37,36,31,24,28,36,40,39,37,33,46,71,96,84,72,62,49,36,
108,106,99,92,94,106,113,112,116,123,130,133,130,128,129,132,131,133,134,124,113,115,116,106,108,88,98,117,107,101,120,135,134,132,129,129,130,130,128,126,129,123,121,123,120,114,112,116,127,127,124,120,120,119,108,93,75,64,57,57,56,57,72,90,106,113,118,116,114,115,116,115,113,113,113,112,111,113,116,119,112,114,117,120,121,121,120,119,121,121,120,119,119,118,118,117,119,119,119,119,120,120,121,122,123,122,121,120,119,118,118,118,118,117,114,113,112,112,113,113,111,111,112,115,119,120,120,120,121,123,125,124,121,120,119,119,117,116,117,118,122,125,128,129,133,132,131,130,131,131,130,130,130,129,131,134,134,131,132,135,139,144,150,153,149,145,147,152,165,161,155,156,141,121,119,107,105,116,128,144,158,160,162,172,173,180,182,184,188,183,181,188,182,161,131,109,120,151,149,138,118,138,122,125,184,213,200,203,214,215,212,206,207,210,204,193,172,158,143,139,149,167,188,204,207,205,204,206,211,217,222,224,213,193,177,177,179,177,178,183,178,180,182,180,175,172,170,171,167,177,191,205,214,220,224,226,227,220,219,217,214,214,205,188,169,161,172,197,214,218,213,203,179,146,124,121,116,110,110,109,112,114,121,126,123,115,112,113,112,110,105,97,92,92,92,90,91,91,76,64,72,82,79,74,55,60,70,75,69,66,74,82,93,107,115,102,78,58,50,48,54,51,46,43,45,56,72,85,101,108,112,87,64,85,100,77,41,31,31,34,28,23,22,20,15,9,6,6,6,5,11,21,47,64,78,78,74,73,70,66,59,59,72,87,87,77,57,35,37,40,46,50,48,39,31,28,25,42,58,68,76,77,81,91,103,98,82,59,43,38,
105,103,97,93,95,102,107,108,115,126,137,140,135,128,126,127,131,134,132,119,109,115,118,107,93,84,100,110,96,103,125,129,135,133,130,128,125,124,124,124,124,123,124,123,119,115,114,117,124,126,124,119,119,120,112,101,81,71,62,58,56,57,67,78,96,108,116,115,113,115,117,116,114,115,116,115,113,114,116,119,114,117,121,124,126,125,123,122,122,122,121,120,119,119,119,119,121,121,120,119,119,120,121,122,124,124,122,121,120,119,119,119,119,118,117,117,117,117,116,115,113,110,109,112,114,115,116,118,117,123,128,127,124,123,122,121,119,119,120,122,125,128,131,133,134,133,133,132,131,130,129,128,130,131,134,138,138,134,132,134,140,147,154,155,151,148,150,154,171,167,160,164,156,146,146,132,130,119,113,128,152,160,161,168,177,184,185,186,189,187,185,191,193,181,152,134,128,147,148,145,125,120,127,129,142,192,220,200,210,217,219,215,211,213,214,212,203,188,169,156,151,157,172,185,197,200,203,206,209,213,217,221,225,207,189,182,181,178,177,178,179,179,179,179,178,178,178,178,181,184,190,200,211,220,224,226,227,220,217,216,215,216,203,181,152,149,168,199,215,218,218,214,196,165,138,125,115,114,116,115,119,119,123,127,123,114,111,114,113,112,106,98,94,93,93,90,90,86,73,68,82,91,85,78,57,53,62,71,69,71,81,85,90,105,118,112,88,65,54,54,53,43,34,33,37,42,48,51,74,92,100,80,72,99,107,81,58,54,58,58,46,38,35,30,23,16,13,14,12,7,9,14,41,57,72,75,74,77,81,83,76,77,90,101,96,79,57,36,37,31,37,52,57,47,38,39,56,75,90,102,119,132,140,148,141,141,121,84,54,46,
104,103,104,104,102,101,106,112,119,128,137,139,135,129,125,125,132,132,127,114,109,120,120,103,86,83,102,106,91,107,132,125,132,132,130,125,120,119,122,125,124,126,124,119,116,116,116,114,121,125,125,121,120,121,116,108,90,82,70,62,59,60,64,67,86,101,113,113,112,115,116,115,114,117,119,118,115,114,116,119,118,120,123,127,128,128,127,127,124,123,122,121,121,121,121,122,124,122,120,119,118,119,120,121,125,124,123,122,122,121,121,122,121,120,120,121,122,121,118,116,113,109,107,110,111,110,111,113,112,119,124,126,128,129,127,123,123,124,125,126,127,130,133,135,134,135,136,136,134,133,132,131,131,132,137,142,141,138,136,138,142,145,148,151,152,154,155,155,170,168,162,167,164,162,168,155,161,145,122,120,139,154,159,165,173,182,185,186,191,191,190,195,200,195,168,159,142,149,148,150,133,114,136,141,114,150,208,206,204,212,220,222,220,219,220,222,218,209,196,184,173,166,168,173,184,190,198,205,209,211,214,216,223,214,203,193,186,181,177,175,182,182,181,179,178,178,181,183,193,193,195,201,210,217,221,223,228,221,218,216,215,216,205,183,151,145,162,194,214,219,218,213,206,186,165,146,129,125,127,123,123,120,120,122,117,110,110,117,113,115,113,108,105,104,101,97,94,91,81,79,88,89,81,78,69,56,61,72,70,74,82,81,83,93,109,114,99,76,63,62,61,52,43,40,41,44,51,59,82,100,102,85,82,99,103,89,92,94,100,97,84,76,68,57,46,38,33,33,32,27,27,31,47,56,67,72,74,78,86,91,89,90,102,111,100,79,58,39,36,26,29,47,58,53,46,45,68,78,81,83,92,104,121,140,159,166,161,133,100,81,
113,109,104,100,94,94,109,128,126,129,132,133,131,128,127,128,132,129,123,112,111,124,121,99,89,81,100,109,94,108,132,126,128,129,128,123,118,117,123,128,127,128,123,114,112,116,116,112,121,127,128,123,120,120,116,110,98,91,78,66,62,64,64,61,79,96,110,111,110,114,115,113,115,118,120,119,116,114,116,118,121,122,125,127,129,130,130,131,125,124,123,122,122,122,123,124,125,123,121,119,118,118,119,120,125,124,124,123,123,124,124,125,122,122,122,124,125,123,119,115,112,108,106,110,111,108,107,109,108,114,120,125,131,135,132,124,127,128,128,129,130,131,134,136,141,142,144,145,144,142,141,140,133,135,139,144,145,142,142,144,143,142,142,146,153,158,159,156,166,167,164,169,168,169,178,167,179,171,145,123,127,143,155,163,167,178,183,187,194,196,196,202,201,201,179,178,157,155,150,152,135,123,142,143,108,116,176,216,207,212,219,225,225,222,220,222,220,216,210,203,192,179,173,173,178,184,193,202,208,212,214,216,214,215,211,201,190,184,179,175,175,178,181,181,180,181,185,189,187,191,197,206,214,221,225,227,228,223,220,216,214,216,208,188,148,136,149,184,210,220,218,211,212,205,196,175,151,142,139,132,122,116,113,114,111,106,111,120,111,115,117,116,115,114,111,106,100,99,92,89,90,81,73,75,80,61,63,74,71,74,80,75,75,81,97,111,105,85,71,69,72,69,63,54,45,48,69,90,115,126,118,97,91,96,98,100,109,115,124,124,115,112,104,89,74,65,58,57,55,51,51,56,54,57,63,69,73,78,85,91,98,98,110,117,104,82,61,45,46,34,32,44,56,55,47,42,50,56,57,54,52,50,65,91,135,154,173,171,150,128,
125,121,109,97,99,115,126,127,123,124,126,129,132,134,133,132,124,128,120,112,120,124,114,102,84,92,96,95,98,110,124,132,127,128,127,118,114,125,132,124,130,129,124,119,115,115,115,113,120,122,126,127,126,124,121,120,107,103,90,74,66,67,65,59,71,87,102,108,110,113,116,116,119,118,117,117,119,122,126,128,127,128,129,129,128,128,129,130,129,129,129,130,130,128,124,121,125,122,118,115,115,118,122,125,125,125,126,126,126,126,125,125,124,125,125,126,126,125,124,123,116,117,119,122,121,117,111,107,106,105,112,124,131,130,127,126,127,125,130,137,135,127,127,136,133,139,145,146,146,146,143,138,135,139,144,147,148,147,145,144,141,144,148,152,157,160,160,159,165,169,173,175,175,176,178,180,188,188,164,147,124,139,148,162,175,179,183,184,185,189,198,205,203,193,188,187,177,160,153,157,156,126,128,135,140,117,147,188,212,214,214,219,227,225,222,227,224,225,221,211,201,193,186,180,180,180,182,191,201,209,212,212,216,212,208,206,203,197,187,180,180,176,174,172,172,174,183,192,191,196,202,207,215,224,229,229,230,230,223,214,213,214,198,177,165,146,152,183,206,214,214,211,213,204,197,192,174,149,137,138,126,114,98,92,96,103,108,110,110,110,111,116,118,115,107,100,96,84,89,89,83,72,56,60,56,63,58,52,61,71,66,59,63,69,75,87,101,97,77,64,65,72,65,54,50,52,78,119,127,129,130,123,110,99,100,106,122,127,125,121,122,117,113,117,106,92,78,73,70,67,69,74,68,65,65,68,70,72,81,92,95,115,125,118,106,88,71,65,60,55,44,44,60,61,40,23,35,42,50,52,47,43,49,58,91,127,163,175,169,163,
120,116,110,106,111,119,121,119,118,120,124,129,133,133,130,128,130,129,125,120,120,120,112,99,89,96,97,92,94,107,120,124,124,126,127,120,116,126,131,122,127,127,124,119,116,116,115,112,115,120,126,129,127,123,120,119,113,110,97,80,70,68,66,60,67,83,99,108,112,115,118,118,119,118,118,119,121,124,126,128,128,129,130,129,128,128,129,130,130,130,130,131,131,129,126,123,123,121,118,116,116,118,121,123,123,124,124,125,126,127,128,129,127,127,128,129,129,128,127,126,124,126,130,132,130,123,117,113,111,109,112,117,119,119,120,123,124,125,126,127,127,128,130,133,135,139,142,143,145,146,143,139,141,144,148,152,153,152,151,150,153,152,152,153,157,161,161,160,165,167,170,174,177,180,181,181,192,194,181,164,144,144,143,144,164,174,182,183,185,193,201,205,207,198,192,193,187,174,162,158,154,140,124,137,124,128,142,178,209,215,215,218,227,228,226,229,225,227,225,219,212,205,197,190,187,185,184,187,195,203,209,212,213,211,208,205,202,198,194,192,176,172,172,175,179,181,185,189,196,202,208,212,218,224,228,228,226,226,221,214,213,210,190,166,146,143,163,195,208,211,218,223,211,206,203,196,173,143,128,128,128,118,104,97,97,101,104,105,109,111,114,116,115,112,107,103,101,90,91,83,74,68,59,66,56,65,61,52,57,64,61,57,50,56,59,70,90,93,76,61,62,67,66,60,54,58,85,120,129,129,130,130,124,114,108,107,114,123,123,120,122,121,118,119,114,105,96,89,81,73,66,64,69,69,70,70,70,72,78,85,95,115,130,131,116,87,65,63,62,68,65,59,62,57,38,25,33,42,49,45,38,39,52,64,82,104,136,164,176,176,
113,108,108,115,120,119,113,110,114,118,124,131,134,134,130,126,138,129,131,131,120,116,113,99,100,104,99,88,90,106,118,118,124,126,129,124,120,128,131,121,122,124,123,119,116,117,115,111,109,117,127,131,129,124,120,119,121,119,107,88,75,71,66,61,63,77,95,107,114,118,120,120,119,119,121,122,124,126,128,128,128,130,131,131,130,130,131,132,133,132,132,133,133,131,128,125,123,121,120,119,119,120,121,123,126,126,126,126,127,129,131,132,130,130,131,131,131,131,131,130,128,134,140,141,137,131,126,123,119,116,113,111,109,108,111,117,116,120,121,121,125,132,134,131,133,135,136,137,141,145,143,139,142,144,147,150,152,152,151,150,166,161,156,157,160,163,164,163,167,167,169,175,182,186,186,185,192,197,199,183,172,156,145,133,147,166,182,184,181,186,196,203,208,203,198,198,198,190,175,162,156,149,131,131,115,126,136,158,197,210,215,215,224,229,230,231,227,229,229,227,224,220,210,201,200,196,190,187,189,195,202,206,210,210,208,204,200,198,198,200,190,185,182,186,192,195,197,200,203,210,216,219,221,225,227,227,226,227,224,220,220,213,188,161,126,122,145,183,206,214,218,219,213,212,213,206,184,157,145,148,166,158,145,133,124,119,116,115,109,112,114,115,113,110,109,108,97,96,103,90,75,66,53,57,58,67,63,53,55,61,62,62,57,62,60,67,90,100,86,70,58,56,59,56,49,60,93,120,123,121,124,130,129,115,98,86,101,116,119,115,119,123,121,120,116,116,112,105,97,86,71,59,62,66,69,67,66,68,72,75,91,115,139,145,125,86,62,63,59,77,80,68,61,54,43,36,36,47,50,39,30,37,55,69,71,76,100,139,171,182,
117,110,109,116,116,106,100,101,118,121,127,133,137,136,132,129,143,128,134,137,120,116,118,106,112,113,102,85,88,107,120,118,129,130,133,129,124,130,132,123,118,123,123,119,117,118,115,109,105,115,127,132,131,125,122,120,126,125,115,95,81,74,68,61,62,73,90,105,115,120,120,120,119,120,123,125,127,129,129,129,130,131,132,132,131,131,133,134,135,135,134,135,135,133,130,128,124,124,123,123,123,123,124,124,132,130,129,128,128,129,130,132,131,132,132,132,133,133,133,133,128,135,141,140,137,135,134,133,127,123,117,113,110,109,110,111,107,107,110,118,127,132,133,132,133,134,133,134,138,143,142,138,141,141,143,146,149,150,150,149,170,163,159,161,165,168,168,168,168,170,173,179,186,190,192,192,189,195,208,195,195,175,164,145,141,156,176,185,182,179,191,206,206,205,202,200,201,199,186,170,161,151,147,125,122,110,127,136,173,198,211,213,219,227,230,233,231,232,232,231,231,228,219,209,211,207,201,195,191,191,195,198,206,207,207,206,204,201,198,197,198,190,184,184,187,190,195,200,207,214,221,223,223,226,227,227,228,228,226,225,226,217,190,162,129,125,147,185,210,220,223,222,219,217,215,209,192,173,167,172,184,178,169,156,143,134,128,126,116,116,116,115,113,111,109,108,97,103,112,97,79,69,57,60,64,69,61,48,49,55,57,60,65,70,64,63,80,91,82,70,61,50,51,49,43,62,100,120,129,127,130,136,133,114,89,72,91,110,114,107,111,119,119,117,115,118,116,110,105,95,75,55,53,59,62,60,59,62,65,64,84,121,151,149,120,82,62,65,55,77,80,66,59,58,53,48,43,53,53,37,30,41,60,70,71,67,77,110,149,173,
124,115,111,112,106,96,97,107,124,126,129,133,136,137,134,132,142,127,134,138,122,120,126,116,119,117,103,86,88,108,122,122,134,133,135,131,125,130,132,124,118,124,125,120,118,119,116,108,104,113,124,131,131,127,124,123,128,128,118,101,87,79,71,63,64,71,85,100,113,118,119,118,119,121,124,127,129,130,131,131,131,132,133,134,133,133,134,136,138,137,136,136,136,135,132,130,127,128,128,128,128,128,128,127,131,130,128,127,127,128,130,131,132,132,132,132,133,133,134,134,131,137,140,136,133,135,138,138,133,128,124,122,123,122,116,109,103,92,92,108,119,119,124,133,138,139,138,137,139,143,142,138,144,143,143,146,149,152,152,152,166,160,159,165,171,172,173,174,170,174,179,184,187,190,193,196,190,196,209,200,207,194,190,175,150,144,152,174,185,184,191,206,201,206,205,201,202,203,196,185,168,157,155,136,127,102,112,123,147,180,203,209,215,221,227,234,236,236,234,233,234,233,225,217,214,213,211,206,201,197,195,195,201,202,204,208,210,207,200,193,197,194,191,190,189,189,195,202,208,215,222,224,225,228,229,228,226,225,223,223,223,213,186,161,125,136,167,199,209,212,219,225,221,217,213,206,192,175,167,168,172,172,169,163,157,151,149,149,139,134,126,121,116,111,105,100,105,105,107,86,67,62,57,64,75,75,63,50,53,59,61,65,71,77,71,63,69,76,73,70,66,52,49,50,48,68,99,110,117,115,115,116,110,94,77,67,89,107,111,102,106,114,115,114,117,117,114,109,107,100,81,62,60,61,60,58,58,60,60,58,84,133,161,140,101,71,60,63,62,77,77,67,68,68,58,48,45,53,52,40,37,50,64,69,75,73,73,85,117,149,
118,111,108,107,103,102,113,130,129,129,130,132,134,135,134,132,136,129,133,135,126,128,131,122,120,115,103,91,94,109,121,125,133,132,134,131,125,128,130,123,120,127,128,121,119,121,116,107,105,111,119,125,128,128,127,127,129,128,120,105,95,88,79,68,68,70,79,95,109,116,117,118,120,122,124,127,130,131,132,132,132,133,135,135,135,135,136,138,139,138,137,137,137,136,134,132,131,132,132,132,132,132,132,131,127,127,127,127,128,130,132,133,134,134,133,133,134,135,136,136,140,144,143,136,133,137,140,139,135,133,131,132,135,135,125,114,108,88,82,94,102,100,108,125,137,140,141,140,140,141,140,137,145,143,142,144,148,152,153,152,160,157,160,169,174,174,176,181,175,180,185,187,188,189,192,195,193,200,208,204,209,209,209,201,169,139,126,147,174,184,189,196,198,203,206,204,204,206,204,199,179,172,157,159,129,115,105,121,129,161,188,200,209,215,221,230,235,236,237,236,237,237,231,225,215,215,215,214,211,207,202,200,196,197,201,208,213,211,203,195,192,194,198,201,201,199,201,206,210,215,220,223,227,232,232,230,228,227,224,222,218,206,180,158,121,131,165,201,216,221,223,222,219,218,216,211,198,180,168,165,170,171,172,172,171,170,170,171,165,156,144,133,125,116,106,99,105,100,99,79,56,41,26,29,53,55,46,41,50,59,64,69,69,76,72,63,62,63,65,72,67,55,49,50,56,69,80,82,82,79,78,77,72,66,64,66,87,104,109,103,106,111,112,113,115,115,113,111,112,111,103,95,86,77,68,65,64,61,58,58,94,142,161,124,79,56,54,59,77,83,78,74,78,73,55,42,44,51,52,47,46,56,66,71,72,75,71,69,86,113,
116,112,109,107,107,110,123,136,133,133,133,134,135,134,132,130,129,133,135,133,133,135,131,122,118,114,107,103,104,111,120,127,130,129,133,134,129,130,130,123,124,131,131,122,119,121,117,107,107,108,112,118,124,128,129,129,130,129,121,110,104,99,88,76,71,68,73,89,105,113,117,119,121,122,124,127,129,131,133,134,133,134,136,136,136,136,138,139,140,139,138,137,137,137,135,133,134,134,134,134,134,134,134,134,130,130,131,132,133,134,135,135,137,137,136,136,137,138,139,140,145,148,146,139,138,143,144,141,136,136,136,136,139,140,133,123,116,100,91,93,94,90,96,107,117,125,132,134,134,136,137,136,144,141,139,141,146,150,152,151,158,157,161,171,174,174,178,186,185,187,190,191,192,192,193,193,190,200,204,207,206,215,215,214,196,164,133,130,148,167,180,187,194,198,202,205,207,208,208,207,194,186,168,168,143,132,117,124,119,143,167,185,200,206,210,220,226,231,236,238,239,239,236,230,222,219,217,216,215,213,208,205,194,195,198,202,205,204,201,197,185,186,191,198,201,200,200,203,213,215,218,222,228,235,235,231,233,232,229,224,215,198,172,151,137,138,163,199,223,234,233,226,219,220,220,214,199,182,173,171,169,169,168,169,170,170,170,170,174,167,158,148,139,130,122,117,115,107,108,94,71,44,16,11,25,32,31,32,41,50,55,63,60,64,61,56,53,49,53,68,72,62,47,45,57,63,57,53,61,62,65,68,68,66,69,75,81,97,105,106,109,109,108,113,112,112,113,113,110,110,115,122,113,92,75,72,71,64,59,60,104,141,148,108,64,44,48,59,87,84,74,71,76,69,53,45,48,54,58,57,54,57,65,73,70,75,73,67,70,81,
128,124,117,112,108,109,114,119,136,136,136,137,137,135,132,129,125,137,137,132,138,139,129,119,118,114,112,113,113,114,120,128,127,128,135,138,134,134,132,124,127,134,133,123,119,122,117,107,108,106,107,113,121,127,130,129,131,129,122,113,110,107,95,81,72,67,70,85,102,112,117,120,121,122,124,126,129,131,133,134,133,135,136,137,137,137,138,140,141,139,138,137,137,137,135,133,135,135,135,135,135,135,135,135,136,136,137,137,137,137,136,136,140,139,139,139,139,141,142,143,145,148,147,141,142,149,149,143,136,138,138,136,138,140,136,130,122,114,107,102,97,91,89,91,94,106,118,124,126,130,134,135,146,142,140,141,147,152,153,153,159,158,163,171,173,172,178,189,195,194,193,195,197,197,195,192,182,197,199,208,202,217,214,216,221,200,164,133,127,148,174,188,190,192,198,205,209,209,208,208,207,191,183,163,161,140,136,126,115,131,150,172,193,199,201,210,216,225,234,238,240,240,237,233,230,224,218,215,215,214,210,206,195,196,196,195,194,194,195,197,196,193,194,200,206,207,208,210,216,216,217,221,229,237,237,232,234,234,231,224,211,190,163,142,143,147,168,191,201,209,218,221,221,222,219,207,188,171,166,168,168,167,166,167,169,171,172,171,169,167,163,157,150,144,141,141,140,125,123,113,95,70,44,42,43,54,57,56,59,61,63,71,68,69,65,63,60,53,58,75,83,73,48,40,57,59,45,41,50,56,66,75,77,73,72,74,74,90,101,108,111,108,105,111,112,113,113,109,98,92,103,120,127,98,77,75,74,65,59,63,110,134,134,98,59,39,45,63,89,80,65,61,66,61,53,56,55,61,66,66,58,55,63,75,75,78,80,77,72,67,
135,130,121,112,107,109,117,124,133,131,132,134,134,131,129,129,132,132,132,133,135,133,127,120,118,118,122,120,113,119,126,125,122,124,131,135,135,139,136,124,130,136,133,127,128,123,114,112,104,105,105,108,121,135,134,125,127,128,129,127,121,111,101,95,78,70,67,77,96,113,121,124,122,124,126,128,129,131,134,137,136,136,137,139,141,142,140,139,140,139,138,136,135,135,134,134,135,136,136,136,137,138,141,143,142,137,133,132,136,140,142,141,142,141,139,139,139,140,139,138,142,142,143,145,147,147,145,144,142,135,133,137,140,138,135,135,134,129,122,117,114,109,96,82,80,83,89,98,108,117,124,127,139,136,140,147,149,146,149,157,159,162,168,172,172,174,183,194,194,205,204,196,194,193,195,201,191,195,199,202,206,210,215,219,233,219,198,170,136,120,146,184,179,187,193,194,199,209,216,217,217,205,201,175,161,157,133,129,134,125,142,154,164,189,201,202,207,217,229,237,239,238,236,235,234,230,223,216,213,212,214,215,208,198,190,191,200,203,193,182,185,188,196,205,208,208,212,218,222,223,224,224,226,230,235,238,237,239,232,220,204,175,147,137,124,139,160,186,210,215,211,214,212,214,208,192,174,164,160,159,163,161,163,169,172,170,167,165,160,159,159,159,160,163,166,168,166,162,155,147,139,130,119,113,121,111,97,88,85,83,81,79,81,78,74,71,68,68,76,85,106,89,71,61,55,51,51,53,55,62,71,78,81,80,78,76,78,77,86,102,109,105,106,114,106,116,107,87,76,75,79,86,91,80,80,78,75,60,45,60,112,136,111,80,63,39,45,73,93,67,51,46,55,56,45,56,65,68,68,62,55,56,66,74,79,78,80,82,78,71,
132,129,123,117,114,116,121,125,121,123,130,137,137,130,125,126,130,132,133,133,131,128,125,122,124,122,123,121,117,123,129,127,117,117,126,135,135,135,131,121,129,135,132,127,128,124,116,113,104,102,103,112,122,127,128,127,130,130,130,127,122,115,108,103,84,74,68,75,92,109,119,121,122,124,127,129,131,133,136,139,136,135,135,136,138,139,139,138,139,138,137,136,135,135,134,134,136,136,136,136,137,139,141,143,142,138,135,135,139,143,144,144,142,141,139,139,139,139,138,137,140,141,143,146,148,147,144,141,139,136,136,141,143,140,137,137,135,137,138,137,134,124,107,92,89,84,80,81,89,97,102,104,122,123,131,143,147,147,152,160,166,168,173,177,175,173,179,189,194,207,206,195,191,192,195,201,196,199,202,205,207,210,213,216,218,220,218,198,163,139,151,176,189,182,179,186,198,206,211,213,221,211,206,186,171,155,129,133,134,126,140,149,158,174,184,196,201,208,218,228,235,239,239,239,236,232,225,218,213,211,211,211,209,208,203,195,188,185,186,187,186,189,196,205,208,208,211,215,222,224,226,228,229,231,234,236,236,236,227,216,201,171,141,130,133,152,172,193,211,216,214,216,219,217,209,194,181,174,170,167,161,160,163,168,169,164,161,160,157,158,160,162,165,168,171,173,175,174,173,174,174,172,168,165,165,156,144,138,133,126,113,103,88,83,78,74,72,76,87,98,115,106,95,87,77,65,55,51,61,68,75,77,76,77,81,85,82,78,79,89,101,107,106,103,106,113,103,87,80,78,75,77,81,71,73,72,71,59,48,65,111,126,97,70,59,40,50,81,92,56,36,29,37,48,50,62,70,68,66,66,67,71,77,83,86,83,81,80,75,69,
126,124,121,119,119,120,120,120,120,123,132,142,140,129,126,130,128,130,131,130,126,123,124,126,129,126,127,125,121,126,132,128,114,111,122,137,137,131,125,118,128,134,131,127,130,126,118,116,104,98,100,113,121,121,124,130,133,132,131,129,125,120,116,113,92,81,71,73,87,105,116,120,122,125,128,130,132,135,138,140,137,136,134,133,135,137,137,138,138,138,137,136,135,135,135,135,137,137,137,138,139,141,143,144,142,139,138,139,143,146,147,146,144,143,142,142,142,142,141,140,142,143,146,149,151,148,144,140,141,141,143,146,146,143,140,139,140,147,152,152,148,139,124,112,104,94,83,78,80,84,84,82,87,94,108,125,134,141,154,167,166,166,170,176,175,172,178,189,191,208,209,194,189,193,196,200,201,204,207,209,209,210,211,212,212,222,230,221,197,174,167,171,184,180,176,177,187,201,208,208,222,218,212,198,187,159,127,130,129,128,137,140,149,158,164,186,195,199,207,218,228,236,239,240,237,233,227,221,215,212,210,209,209,212,210,199,184,176,179,187,185,188,194,203,208,210,212,215,223,226,229,232,232,233,233,234,233,230,220,208,192,161,130,118,139,164,185,197,209,215,215,218,220,214,201,185,175,172,171,168,161,161,163,166,164,158,156,156,161,162,165,168,172,175,178,179,180,181,183,186,190,191,190,188,186,178,171,169,169,162,148,135,130,124,117,110,104,101,106,113,127,124,120,113,100,83,69,62,63,72,80,79,73,70,73,78,83,84,82,84,95,108,113,110,107,108,95,81,79,79,74,73,77,69,72,71,71,63,56,75,115,115,80,61,56,42,56,89,97,51,29,21,23,42,52,58,64,66,75,85,89,86,84,86,89,86,84,81,75,69,
125,123,121,121,122,122,119,117,125,126,132,137,133,124,127,137,130,128,126,124,122,121,126,132,129,129,132,130,123,126,131,127,118,110,120,138,138,128,122,120,127,133,130,127,131,129,121,118,103,97,97,107,116,122,127,132,134,134,133,131,128,123,119,117,100,88,75,72,85,104,117,122,124,126,129,131,133,135,137,139,139,136,133,132,134,136,137,138,137,137,136,135,135,135,136,136,140,139,138,139,142,144,146,146,143,141,141,143,145,147,147,146,147,146,146,147,148,149,148,147,147,148,150,152,153,151,148,145,147,148,149,149,147,144,142,142,148,153,156,153,148,144,139,135,119,111,101,92,87,83,78,74,64,73,86,98,105,116,137,157,163,163,168,173,172,170,175,184,184,206,209,195,190,195,198,200,205,207,209,211,212,212,211,211,221,223,224,223,220,210,193,178,168,181,185,176,179,196,206,204,216,221,214,205,203,174,131,117,118,126,132,127,140,152,154,175,189,194,203,213,222,228,233,236,234,232,229,224,219,216,213,211,209,207,204,198,190,182,180,182,186,188,192,199,205,211,216,219,224,227,230,233,234,234,235,236,229,226,214,200,179,146,120,114,149,179,199,203,210,215,218,221,220,210,192,172,160,159,161,162,162,162,163,164,160,156,156,160,170,171,172,174,177,181,184,186,193,194,196,197,199,198,197,196,198,193,188,187,189,187,181,175,175,171,165,157,147,136,131,132,141,139,136,129,118,106,98,94,91,92,89,81,72,68,71,77,82,86,87,84,83,89,101,109,115,112,96,81,82,83,82,84,81,75,78,76,76,71,67,88,120,108,71,60,60,48,64,93,89,42,26,21,20,40,50,49,53,65,87,106,110,99,89,85,85,85,85,82,77,71,
131,128,126,125,126,124,120,116,118,120,125,127,123,119,126,136,133,126,120,120,121,123,130,138,127,130,136,133,123,123,128,125,124,112,119,136,135,125,121,122,128,133,130,128,134,132,124,121,102,101,98,99,109,124,131,130,133,134,134,132,129,124,119,116,105,95,80,74,85,106,121,126,126,128,131,132,133,133,135,136,140,137,135,134,135,137,138,138,137,136,136,136,136,137,137,138,139,138,137,138,142,145,146,146,144,144,144,145,146,146,146,145,147,147,148,151,153,155,154,153,152,152,151,152,153,153,151,150,150,151,151,149,147,148,148,149,152,155,155,149,144,145,147,149,134,129,120,108,97,88,83,81,74,78,80,77,75,84,106,127,152,159,168,173,174,173,173,175,177,200,206,197,195,199,200,201,207,208,210,213,215,216,215,214,224,222,218,219,225,226,214,199,171,177,182,185,189,195,201,203,207,220,213,209,213,193,147,108,105,120,125,115,131,151,154,167,181,190,203,212,217,221,227,232,234,233,232,228,224,219,214,211,209,204,200,197,190,183,182,185,192,193,194,196,201,209,216,220,225,227,230,232,233,234,236,237,227,224,211,193,168,137,120,125,169,196,213,213,215,218,220,224,224,214,192,167,151,150,155,160,162,160,159,159,157,156,160,166,174,174,174,176,179,184,188,191,195,197,200,202,203,203,203,203,204,203,200,198,197,196,196,196,191,188,185,182,175,166,161,161,163,162,158,152,146,141,139,138,147,134,115,98,89,89,94,98,100,96,94,94,87,79,85,97,116,115,101,88,85,83,81,85,79,76,80,77,77,75,74,96,117,101,70,68,70,61,76,101,74,31,20,18,18,39,49,45,52,59,75,96,110,109,96,85,82,82,81,77,74,72,
129,128,127,125,123,119,114,111,105,115,123,124,122,125,130,134,134,126,120,122,124,126,133,141,131,132,136,132,122,123,128,124,124,112,118,131,130,123,122,122,130,134,131,130,136,136,127,123,104,107,103,97,103,119,127,126,132,132,132,131,128,123,118,115,108,99,85,77,87,108,124,128,127,129,132,133,133,133,134,135,138,137,136,136,138,139,139,138,136,136,136,136,137,138,139,140,138,136,134,136,140,144,144,144,146,146,145,145,146,146,146,146,146,147,148,151,154,156,155,154,154,152,151,151,153,153,153,152,150,151,150,148,149,153,154,154,150,154,154,150,146,147,150,152,150,146,137,125,112,105,104,105,100,95,85,73,67,73,90,106,118,135,151,159,167,176,179,174,176,193,200,198,200,201,201,204,210,210,212,216,219,221,221,221,219,221,222,223,224,225,222,219,197,176,171,192,205,200,198,207,203,216,213,213,215,206,172,119,100,110,117,108,119,144,153,164,173,186,201,211,214,217,224,230,235,235,235,232,226,219,212,208,208,207,206,199,185,175,181,194,197,200,200,197,198,205,213,218,225,227,230,232,232,233,234,236,224,219,205,185,162,138,135,151,186,207,219,218,218,218,217,221,223,213,192,167,151,149,154,158,160,156,155,156,156,158,163,170,172,172,174,176,181,186,191,195,195,198,201,203,203,203,203,203,198,201,204,204,202,201,202,204,204,200,197,196,194,191,192,194,191,191,190,186,183,183,181,178,183,171,155,143,137,132,125,119,117,104,99,106,105,92,83,84,97,100,93,83,78,68,61,62,70,70,76,73,73,73,74,96,105,93,73,78,82,76,93,111,86,49,32,20,19,37,44,45,55,51,52,64,88,103,94,77,76,76,72,66,65,68,
122,124,125,124,119,112,107,103,103,117,126,123,125,133,138,135,132,127,127,130,129,126,132,141,142,136,133,128,122,127,131,126,120,112,118,129,129,126,125,123,132,136,132,131,138,138,129,125,108,110,109,104,101,105,114,120,131,131,130,128,125,121,119,117,110,102,89,80,89,110,124,127,127,130,133,135,135,135,136,136,135,135,136,139,140,140,138,136,137,137,137,137,138,140,141,142,138,136,134,136,141,145,145,144,146,146,146,146,146,147,148,149,147,147,149,152,154,155,154,153,153,153,153,154,156,156,155,154,152,152,150,149,151,155,155,151,149,153,154,151,149,150,151,151,156,154,150,144,138,135,134,134,129,116,96,82,79,84,89,92,81,102,115,118,133,161,175,171,179,189,194,196,201,201,201,209,214,214,215,219,223,227,228,227,221,221,223,225,224,222,224,227,217,192,177,188,202,205,207,214,205,212,215,221,211,207,198,150,105,99,109,106,107,127,147,166,173,183,197,206,211,215,221,226,232,233,234,233,228,220,212,207,204,207,210,206,189,175,178,191,195,201,204,201,199,205,213,218,225,228,231,233,232,231,230,229,218,209,192,174,158,145,154,178,196,209,216,219,222,219,216,221,215,206,188,169,157,155,157,157,158,155,154,157,161,163,167,171,171,173,177,181,185,189,192,193,204,207,210,211,210,208,208,208,205,207,209,211,212,213,216,218,219,215,212,213,213,212,213,216,215,215,213,210,211,213,211,206,199,193,188,186,184,175,159,146,137,131,129,134,131,116,97,86,85,89,85,78,74,62,51,51,68,70,78,73,71,71,72,94,94,88,77,86,90,87,105,118,112,81,55,33,30,39,40,47,56,62,61,60,70,84,78,61,60,63,62,57,57,61,
119,123,127,126,120,112,105,102,106,122,127,119,121,135,141,135,129,129,133,137,132,125,130,140,152,140,130,125,123,131,135,127,118,112,119,130,130,130,129,124,133,137,133,132,140,139,130,125,112,112,114,112,101,92,101,116,131,130,127,124,122,121,120,120,110,104,91,81,89,110,124,126,127,130,134,136,137,137,138,139,132,133,136,140,142,141,138,135,137,137,137,138,139,141,142,143,141,138,136,138,143,147,147,146,146,147,147,146,146,148,150,152,149,149,151,153,155,155,153,151,153,154,156,158,160,160,158,155,155,155,153,150,153,155,151,143,150,153,153,149,147,150,152,152,149,151,153,157,159,158,153,150,155,135,109,94,93,93,87,79,67,84,86,78,94,134,159,159,184,188,189,195,201,200,201,212,218,217,218,221,226,230,232,231,231,223,218,222,226,225,224,226,221,213,194,178,185,208,221,219,210,211,217,228,207,203,214,178,112,93,103,107,98,111,139,168,177,184,194,202,208,213,217,220,227,229,232,232,228,221,213,208,200,202,209,212,201,184,177,181,189,199,206,204,201,207,216,221,224,228,233,235,233,230,226,224,212,200,180,165,156,151,166,194,201,209,215,222,228,225,222,228,209,201,186,172,166,165,162,158,159,155,156,161,167,169,170,172,174,177,182,187,190,191,191,190,198,201,205,207,207,206,207,208,212,209,206,205,207,210,213,215,217,216,218,222,224,222,220,221,226,225,220,217,220,226,226,221,218,211,203,201,201,198,190,183,182,190,193,186,171,152,129,111,94,95,89,84,83,74,65,66,75,77,84,78,74,72,72,93,88,87,80,89,92,91,110,120,120,95,67,41,40,45,41,52,57,83,96,83,71,70,64,50,42,49,54,54,54,56,
132,129,127,125,120,112,108,108,116,115,119,130,138,140,142,145,135,133,134,134,131,129,133,139,147,141,133,128,127,130,132,134,121,117,117,125,133,133,128,125,129,135,135,134,140,139,130,126,121,118,111,106,102,93,95,110,125,122,123,128,128,124,122,123,114,104,91,85,88,99,115,128,129,131,135,137,138,137,136,135,137,136,136,136,137,138,139,140,137,138,139,140,140,141,141,141,134,138,145,149,150,149,147,147,145,147,150,152,152,153,155,157,155,155,155,154,153,152,152,152,151,153,156,159,160,159,157,156,158,156,152,150,149,149,150,151,154,154,154,154,154,153,152,151,155,155,157,161,165,167,166,164,157,147,133,123,120,115,100,85,86,80,69,67,79,94,119,147,176,163,181,194,194,202,205,208,220,213,220,220,222,226,228,241,234,230,224,220,220,221,222,223,224,220,212,199,179,173,197,229,218,215,214,218,219,215,209,206,150,104,93,103,91,98,131,150,167,180,189,197,208,213,211,212,217,221,229,233,232,224,217,213,199,199,201,204,205,200,190,182,192,194,198,202,207,212,215,217,225,227,228,229,232,232,225,217,203,192,166,139,134,154,178,192,202,209,215,219,223,226,224,220,208,192,182,175,161,154,156,157,159,160,162,163,165,168,172,176,180,183,187,188,187,188,191,195,200,202,206,209,206,201,202,206,205,206,209,213,217,219,219,218,221,222,224,225,226,226,227,228,232,231,231,232,234,234,233,232,226,223,220,221,224,229,231,232,228,228,226,220,212,198,177,159,133,110,96,93,86,82,83,84,82,78,82,80,70,69,80,87,91,94,98,97,97,80,103,114,99,69,54,40,36,44,47,52,67,89,110,111,92,66,46,35,34,47,52,53,59,63,
125,123,122,123,123,119,117,117,111,114,124,138,146,146,142,141,132,134,135,133,130,132,138,143,147,141,132,126,127,131,135,137,126,118,116,123,133,134,130,125,129,136,135,134,141,140,132,129,125,121,110,103,98,91,94,109,123,121,123,126,127,123,120,121,113,107,97,85,83,94,114,128,129,130,132,134,136,136,135,134,129,131,134,137,139,140,140,140,138,139,140,141,141,141,141,141,139,142,146,149,149,149,148,149,147,149,151,152,152,152,154,155,158,158,159,158,157,156,155,154,154,156,158,160,161,161,160,159,154,152,149,148,149,150,151,152,155,155,155,154,154,154,153,153,158,158,159,163,168,168,164,160,156,152,144,138,135,133,125,116,102,88,70,66,73,81,102,132,155,143,164,184,194,208,210,211,216,212,221,222,225,231,228,236,237,233,228,225,225,225,225,225,229,216,214,218,202,179,183,205,219,220,218,215,217,220,216,208,189,136,96,100,108,99,110,143,160,175,186,194,206,211,211,214,212,216,221,227,229,225,217,212,199,195,194,198,205,206,201,194,198,199,201,204,209,214,218,220,227,231,233,233,232,230,224,217,207,188,156,129,124,143,170,188,199,204,209,213,216,219,216,211,210,185,165,155,147,148,155,158,158,159,162,164,168,172,178,182,186,187,188,188,188,190,194,197,196,197,200,203,201,198,200,205,207,209,213,217,220,222,223,223,223,224,225,226,228,229,231,232,233,234,236,238,240,240,238,237,235,234,235,238,241,243,243,242,240,240,239,235,231,223,208,194,174,145,118,100,83,79,87,93,85,78,80,84,82,86,96,100,104,101,93,80,77,68,100,115,84,57,46,36,33,41,44,51,67,86,104,106,92,69,48,35,37,50,57,61,70,73,
124,120,119,121,122,119,115,115,112,118,131,145,152,150,145,142,134,138,137,131,129,136,142,143,147,140,130,126,128,133,138,140,131,121,116,122,132,135,132,127,131,137,135,134,141,141,135,133,129,124,111,100,94,88,91,105,117,118,121,124,125,121,118,118,112,112,103,85,78,90,112,128,129,128,128,130,134,136,135,134,124,128,134,140,144,144,143,142,141,141,142,142,142,142,142,141,142,144,146,147,147,147,148,149,150,151,152,152,151,151,152,153,160,161,162,163,162,161,159,158,157,158,159,160,161,161,161,161,155,153,150,149,150,151,152,152,157,156,155,154,154,155,156,156,159,159,161,165,168,167,161,156,156,158,157,153,150,150,149,146,130,114,94,86,86,82,90,111,113,105,129,155,177,198,204,208,213,214,225,224,228,236,232,235,238,235,232,230,229,228,227,226,227,218,219,226,219,196,181,181,211,219,219,212,213,222,222,213,207,173,114,97,116,104,105,149,156,170,180,189,203,210,211,215,210,210,213,218,224,224,218,211,202,195,189,193,203,210,210,206,204,205,206,208,212,216,221,223,216,223,228,228,226,223,218,214,196,181,162,151,150,158,173,186,195,200,206,210,214,218,215,210,191,162,141,136,138,148,160,164,159,161,163,166,170,175,181,186,189,188,186,186,189,192,194,195,193,192,194,196,196,195,198,203,207,212,217,221,222,223,225,228,225,226,227,229,231,233,235,236,241,242,244,245,245,246,247,249,245,245,247,249,251,251,250,249,248,248,246,244,244,242,233,224,205,181,157,135,108,92,87,84,90,80,81,90,95,102,109,108,100,95,82,64,63,63,103,120,88,62,54,45,39,43,43,49,65,78,91,96,91,78,58,41,44,56,64,71,83,87,
125,122,122,125,127,122,117,114,122,127,137,146,151,151,148,146,139,142,138,129,129,139,142,137,144,138,130,128,131,136,139,139,135,126,120,124,131,134,133,132,134,139,135,133,139,140,134,132,131,126,113,100,94,86,86,98,109,112,117,122,123,120,118,118,113,115,106,86,77,90,111,125,128,126,125,128,133,137,137,135,129,133,139,144,147,148,147,145,143,143,144,144,144,143,143,142,140,143,145,147,146,146,147,148,150,151,152,152,151,152,153,155,159,160,162,164,165,165,162,160,159,159,158,159,159,160,160,161,161,158,154,153,153,154,153,151,157,156,155,154,154,156,158,159,157,159,162,164,164,162,159,158,161,164,163,159,156,157,157,156,151,146,133,121,115,103,93,94,78,77,97,116,138,164,178,194,202,210,226,224,227,237,234,237,236,235,233,232,231,230,227,226,219,224,223,218,219,217,201,181,197,207,214,212,212,218,222,222,205,202,152,107,105,103,114,154,158,168,173,181,197,208,211,215,212,209,206,208,214,219,216,210,205,198,192,194,202,209,211,210,208,208,210,212,215,219,222,223,223,228,232,231,228,223,216,209,180,172,171,181,188,189,193,200,206,210,214,216,219,220,215,208,175,151,137,140,146,155,165,166,162,163,165,166,169,174,179,183,185,183,181,183,188,191,191,189,192,191,192,193,193,191,194,199,206,212,219,222,222,223,226,229,229,229,229,232,235,238,239,240,243,244,244,244,244,246,249,251,250,250,249,250,250,251,250,250,249,250,248,246,247,247,241,234,229,216,205,191,165,141,119,101,93,83,84,93,98,103,105,100,89,90,83,68,71,73,111,125,103,77,71,64,55,54,51,57,65,69,75,83,93,93,77,58,62,73,78,80,84,83,
127,126,129,134,137,133,127,125,130,135,142,147,149,149,147,144,142,142,135,128,133,144,142,132,141,136,131,131,135,138,138,136,136,131,128,129,131,132,135,138,138,141,137,133,138,137,130,129,130,128,116,104,96,86,82,88,99,105,114,119,121,121,119,118,116,115,106,90,83,93,109,118,123,123,125,129,134,138,138,138,139,141,143,146,147,147,147,146,144,144,145,145,145,144,144,143,139,142,146,149,149,149,149,149,150,151,152,152,152,154,156,158,157,157,159,163,166,166,164,161,160,160,159,159,159,160,160,161,162,159,155,154,155,156,154,151,156,155,154,153,154,156,158,160,155,160,164,164,160,159,162,166,168,168,165,161,160,162,160,156,156,166,160,146,140,130,112,100,81,81,91,90,98,117,135,161,175,191,218,222,226,235,232,235,235,234,233,233,233,232,229,227,221,227,225,218,221,228,219,201,193,199,211,218,215,210,215,225,218,216,185,135,100,93,112,140,163,168,168,172,190,203,208,213,214,210,203,198,201,208,209,206,204,201,198,198,201,206,210,211,208,210,212,215,218,220,221,222,229,231,230,227,223,215,202,190,170,164,168,185,198,203,211,222,222,224,225,224,223,219,208,198,181,163,155,158,158,160,163,162,160,162,164,166,168,172,176,179,178,177,177,182,188,190,187,183,190,189,189,189,186,184,188,195,207,212,219,222,222,222,226,229,230,230,230,233,237,239,239,238,237,239,241,243,244,245,246,248,246,248,251,252,252,251,251,251,251,252,252,251,251,251,246,240,242,231,224,214,196,176,150,125,91,83,86,93,94,93,91,85,85,89,88,80,84,82,115,127,107,81,77,73,66,64,59,64,63,62,61,70,89,102,93,76,88,100,107,108,105,97,
133,132,134,137,135,130,126,125,133,139,144,145,144,144,142,139,140,137,133,131,139,147,142,132,140,135,131,132,136,138,136,132,137,135,134,135,134,133,136,141,140,144,139,134,138,136,128,125,128,129,119,108,100,88,78,79,91,101,111,117,120,121,120,118,118,113,105,96,90,93,102,109,116,119,125,131,135,138,139,139,144,145,145,145,145,145,144,144,144,144,145,146,146,145,145,144,141,145,149,152,153,152,152,152,150,151,152,153,154,156,159,162,158,158,158,161,165,166,163,161,162,162,161,161,161,161,161,162,158,154,151,152,155,156,154,151,153,152,152,153,154,156,158,159,156,161,165,165,162,162,167,172,171,169,165,163,165,169,167,163,160,174,172,162,160,157,144,135,114,113,109,89,82,87,96,122,143,162,198,215,226,235,231,235,236,235,235,235,236,235,233,231,231,227,227,231,232,228,223,222,203,204,214,224,219,206,208,220,231,213,196,166,120,96,108,127,162,167,166,166,180,192,201,209,213,212,204,193,190,196,200,199,198,198,199,200,203,206,210,212,209,210,212,215,217,219,221,221,223,224,223,220,216,208,193,179,161,160,169,188,202,208,216,226,222,224,225,225,224,218,205,193,180,166,162,164,161,159,162,162,158,160,163,166,169,172,175,177,174,174,176,181,186,187,183,178,184,184,183,180,174,174,184,195,208,213,218,221,222,223,225,227,228,228,229,232,236,237,235,232,234,235,238,241,243,242,239,236,232,237,245,251,252,252,251,251,250,252,252,252,253,254,251,246,246,237,230,219,202,181,151,119,94,86,87,92,88,84,80,74,73,76,79,79,86,81,115,131,112,83,76,72,66,61,54,58,56,56,55,59,76,94,92,80,73,91,109,122,128,122,
137,135,134,132,126,120,119,123,137,140,139,135,133,136,138,138,138,137,136,139,144,145,140,135,142,136,131,131,135,137,134,130,140,137,137,139,139,137,138,141,142,146,141,136,139,136,128,124,128,130,121,110,102,89,76,75,87,99,111,117,119,121,120,117,117,111,107,103,95,88,91,100,107,115,125,133,136,137,138,140,144,145,145,146,146,145,144,143,143,144,145,145,146,146,146,146,146,148,151,152,152,152,153,153,152,153,154,154,155,157,161,164,163,161,160,161,164,165,162,159,162,162,162,161,161,161,160,160,156,152,149,150,154,155,152,149,149,150,151,152,154,155,156,157,158,160,163,165,166,167,169,170,168,168,166,165,169,174,175,172,169,176,177,176,178,174,171,175,156,153,140,114,104,98,89,104,114,127,162,188,210,226,227,237,236,235,235,236,237,237,236,234,237,231,230,234,232,225,224,228,216,215,218,222,219,211,207,209,222,213,204,185,146,114,112,125,151,163,166,164,169,178,190,204,211,215,210,196,186,188,194,196,195,195,196,200,204,209,211,211,212,211,211,212,214,218,222,224,223,226,226,222,216,205,191,178,157,164,180,199,210,214,217,221,218,221,223,225,224,217,202,188,167,156,156,163,163,163,165,164,159,163,167,170,171,172,173,174,174,175,176,179,182,181,178,175,177,177,175,169,163,166,184,203,208,211,214,217,220,221,221,221,225,225,226,230,233,232,227,222,224,218,210,206,206,205,201,198,203,209,217,225,232,239,245,248,250,252,252,251,252,253,253,249,252,248,243,230,211,191,160,127,107,95,91,91,85,80,76,69,65,63,69,75,84,77,111,132,122,89,79,75,69,64,55,58,59,66,67,63,68,81,85,79,52,67,85,103,118,117,
135,133,132,129,123,119,125,132,141,140,133,123,121,129,138,142,139,139,142,146,146,141,136,135,144,137,130,129,133,136,133,129,142,138,138,141,143,141,139,139,142,147,142,138,141,138,129,125,129,131,122,111,103,89,76,73,85,98,111,117,119,120,119,115,117,110,108,108,97,83,84,94,101,111,125,134,136,136,137,139,143,144,146,148,148,147,145,144,142,143,144,145,146,146,146,146,149,150,150,150,149,150,152,153,154,154,155,155,156,158,161,164,168,165,162,163,165,165,162,159,160,160,160,160,160,159,158,157,159,154,150,150,153,154,150,145,147,148,150,152,153,155,155,156,158,158,159,164,169,170,168,165,164,166,166,165,169,175,178,178,175,175,177,187,190,179,179,195,186,181,167,143,138,127,105,110,95,97,124,154,185,210,219,235,235,234,234,235,237,237,237,236,235,238,234,224,222,227,228,223,223,222,219,217,217,217,210,202,206,224,219,191,159,129,115,123,140,159,167,163,162,167,182,201,209,218,217,201,188,187,192,195,197,194,193,198,205,210,210,208,215,212,210,209,212,217,224,228,218,222,221,212,199,183,167,155,163,172,186,199,208,214,220,224,225,227,228,227,223,212,193,177,163,152,155,166,169,169,168,164,164,167,171,173,173,171,170,170,175,175,175,176,177,176,174,172,173,173,170,163,156,163,188,212,207,208,210,214,217,218,217,216,222,222,223,227,230,228,222,216,206,190,169,155,151,152,151,150,179,181,186,193,203,218,233,243,253,253,253,251,251,252,252,251,248,243,236,221,204,194,177,153,121,104,94,91,85,81,76,67,72,68,72,81,88,74,105,127,128,93,82,81,80,78,69,72,71,85,88,78,72,79,85,84,82,86,90,100,110,105,
124,126,125,123,123,128,131,132,130,123,118,121,129,135,138,138,149,146,140,136,135,138,141,141,134,131,133,138,135,126,125,130,147,140,138,143,148,146,142,140,142,148,142,142,139,135,140,133,124,130,124,114,107,94,78,72,81,91,103,113,120,123,120,114,116,107,111,114,95,77,79,88,92,109,125,132,133,135,136,136,139,141,144,148,149,149,147,145,144,145,145,144,143,143,145,147,149,150,152,152,151,152,154,157,159,156,152,150,152,156,161,164,173,163,157,161,165,164,161,161,164,166,164,159,158,161,161,158,159,155,153,153,156,156,153,150,152,150,149,151,154,157,157,156,163,158,158,162,166,167,169,173,171,177,178,173,170,173,176,176,182,179,183,190,191,187,190,198,197,190,180,173,168,158,139,122,103,101,107,115,141,172,188,212,218,226,229,225,225,229,227,221,224,224,223,221,220,221,224,226,223,223,223,221,219,216,213,211,210,217,219,204,176,148,130,123,134,157,167,162,161,167,180,193,201,204,210,210,200,189,190,199,198,197,198,201,206,209,209,207,212,215,217,216,213,215,221,227,226,217,213,211,195,167,150,147,160,179,199,208,210,212,217,221,224,225,221,218,218,212,190,166,146,148,154,163,167,166,165,166,168,172,175,176,175,173,173,173,174,177,178,176,177,179,176,170,173,165,160,151,153,182,204,198,192,200,209,212,210,209,211,215,211,220,223,220,225,229,215,192,159,156,151,144,140,147,168,187,213,213,208,197,190,192,197,201,232,243,252,253,253,252,252,251,253,246,229,212,204,198,183,167,133,119,91,81,95,92,76,74,77,76,91,99,98,90,97,133,130,114,90,78,81,79,78,84,84,84,88,87,80,82,86,81,79,87,90,87,87,93,
125,127,127,124,123,126,128,127,125,126,129,134,135,135,138,141,152,145,137,134,136,140,142,142,138,134,134,137,135,129,130,136,148,143,142,146,149,147,144,143,138,145,139,141,141,140,146,140,130,132,124,113,109,99,84,79,80,87,99,111,119,120,117,114,114,107,112,114,97,81,79,82,84,99,115,125,131,135,137,135,132,136,141,144,143,143,144,145,143,144,145,145,144,144,145,146,148,150,152,152,152,153,156,158,159,155,150,147,149,153,157,160,165,160,158,161,165,165,162,160,165,167,167,164,163,165,164,161,160,157,154,155,158,160,159,157,155,155,156,156,156,157,158,160,162,159,159,164,168,168,169,172,175,178,177,171,168,171,176,178,186,184,187,196,198,194,194,200,196,197,196,194,190,183,170,157,144,130,120,111,121,138,148,172,192,205,214,211,208,210,210,207,210,210,210,209,209,210,213,215,219,220,221,221,219,216,213,211,205,213,218,210,189,164,145,135,119,146,166,170,169,167,173,185,194,200,207,211,207,198,194,194,200,200,201,204,208,210,211,211,212,215,218,218,216,216,218,221,226,218,210,203,190,173,162,160,171,186,203,210,213,216,220,222,227,229,226,219,213,202,179,157,155,158,165,171,171,168,166,168,174,177,181,181,179,176,175,174,176,175,170,165,167,172,175,174,168,154,151,164,183,199,200,189,190,199,208,211,208,204,204,205,219,224,225,221,221,221,207,189,157,166,181,194,200,204,213,223,234,239,241,236,227,214,198,184,188,215,237,240,243,253,253,251,248,244,232,220,213,208,193,177,151,133,98,83,92,93,82,81,76,76,91,99,98,90,95,128,132,122,105,96,96,90,84,88,84,83,88,88,84,89,91,85,89,96,94,80,68,64,
133,134,132,128,127,128,128,126,127,131,139,143,140,136,140,148,153,143,134,134,140,146,146,144,140,135,133,135,135,132,136,143,149,146,145,148,149,147,145,145,137,143,138,141,143,143,150,144,137,135,123,113,112,105,91,85,84,86,96,112,120,118,114,115,112,109,113,112,98,86,81,75,80,91,105,116,125,132,134,133,133,137,142,143,141,140,142,145,142,143,145,145,144,144,144,145,146,148,151,152,154,155,158,160,160,155,149,145,146,150,154,156,157,159,160,161,163,165,163,160,161,164,164,163,162,162,161,158,156,154,153,156,160,164,165,165,156,158,160,158,155,154,157,159,160,158,159,164,167,167,167,168,172,175,175,173,172,175,180,182,196,194,196,203,205,200,197,198,194,199,203,201,197,194,190,185,166,149,136,124,123,123,120,138,165,188,210,217,216,215,215,213,206,207,207,206,205,206,208,210,214,216,218,219,218,215,212,210,201,207,214,215,204,185,163,150,117,141,163,176,178,170,169,181,186,192,198,202,204,203,197,190,197,199,202,204,206,207,209,211,213,215,218,220,220,218,216,215,215,214,209,198,181,168,167,173,184,195,207,212,215,219,221,222,223,227,226,219,209,198,182,167,170,170,172,174,173,171,172,176,176,178,179,179,176,172,169,168,170,171,170,169,170,172,171,168,148,148,159,188,212,205,187,181,203,203,202,199,198,201,210,217,228,230,231,231,232,230,222,213,204,210,222,234,239,240,243,248,249,251,251,251,248,237,219,202,165,165,184,220,245,248,249,254,242,242,238,231,225,219,203,187,170,145,106,83,86,90,87,87,77,75,85,87,85,81,87,120,136,128,111,96,89,78,71,74,72,72,78,82,84,92,98,93,90,98,98,86,75,71,
145,144,139,132,130,133,133,131,136,135,138,142,141,138,143,151,150,139,132,137,148,153,150,147,138,134,133,135,136,136,140,145,148,147,147,147,146,145,145,145,141,146,139,142,143,141,147,141,141,137,123,114,116,110,94,85,86,83,92,108,116,112,109,113,113,110,112,108,97,90,84,73,84,91,101,109,115,122,127,130,136,139,141,140,139,138,139,140,141,143,145,145,144,144,144,145,146,148,150,153,155,158,160,161,160,155,148,145,147,150,153,155,156,161,163,161,161,163,163,160,160,161,161,160,160,160,159,158,156,156,155,157,160,162,161,160,155,156,156,155,152,152,153,154,157,156,157,161,164,166,167,168,168,171,175,177,180,183,188,190,198,195,197,203,206,203,200,200,199,201,200,194,189,189,191,191,191,178,171,159,146,120,93,96,117,148,185,209,219,221,219,216,213,214,214,213,211,211,212,213,215,216,218,219,217,214,210,207,203,206,212,216,213,200,179,164,141,148,159,175,184,176,172,181,184,188,189,189,194,202,202,196,196,200,204,205,205,206,208,210,213,213,216,219,222,222,218,215,204,204,205,197,177,161,167,184,196,203,209,212,215,218,220,219,218,221,218,207,198,192,186,181,184,178,173,173,174,176,180,184,186,186,185,184,181,179,177,176,173,177,181,182,178,168,155,145,132,161,190,211,214,190,175,186,209,206,201,198,201,210,224,234,237,237,240,245,245,244,243,243,249,245,244,245,246,246,248,250,249,249,246,246,249,250,244,234,201,162,146,178,216,230,236,246,238,243,245,241,235,226,210,193,183,156,116,88,83,88,90,90,84,77,78,73,71,73,84,118,138,129,107,85,74,65,64,72,84,85,91,94,94,102,110,108,111,115,112,101,90,85,
150,146,138,131,130,133,135,134,140,132,131,138,143,141,141,144,145,137,134,144,155,156,152,148,136,134,135,138,141,142,144,147,147,147,147,146,145,146,146,145,142,147,140,142,143,141,145,136,142,137,124,116,119,112,94,82,81,76,82,99,109,107,107,112,115,111,110,104,95,93,89,77,87,92,98,101,102,108,118,127,132,131,131,133,136,137,136,134,141,142,144,144,144,144,145,146,147,148,151,154,157,159,160,161,157,152,148,147,150,153,154,153,155,158,158,154,152,152,152,152,153,153,153,154,155,156,157,159,156,156,157,158,159,157,155,152,156,154,152,152,153,154,153,152,155,155,156,159,165,170,173,173,171,170,170,172,176,182,190,196,191,192,195,201,205,205,205,206,206,206,202,196,193,194,195,193,199,193,193,185,172,143,108,106,109,135,171,200,216,221,219,215,215,216,218,218,217,217,217,218,221,222,223,222,220,216,212,209,214,213,214,217,217,209,193,180,172,163,160,174,191,187,177,180,183,188,188,186,189,199,203,201,200,204,208,209,208,208,209,211,213,212,213,217,222,223,221,218,207,192,185,186,178,166,174,194,204,209,212,212,214,217,219,217,220,216,205,190,179,178,182,185,193,185,178,179,182,183,184,185,187,186,185,184,184,185,185,185,187,184,179,174,166,155,145,139,150,193,219,214,196,177,178,200,199,201,205,210,217,224,231,235,244,243,245,248,248,245,245,247,247,244,244,249,252,252,251,251,248,250,251,251,253,254,250,244,245,213,170,147,157,188,212,221,235,244,251,248,241,232,216,201,192,167,132,99,83,84,88,85,83,78,79,72,73,79,90,119,137,131,111,90,80,78,82,93,102,103,107,104,96,99,105,103,113,112,107,98,91,87,
145,141,133,126,126,132,134,132,135,127,126,138,145,140,134,134,143,139,140,150,156,152,147,145,137,137,139,143,147,149,150,150,147,148,146,144,146,149,148,145,139,145,139,143,145,143,146,136,141,138,126,119,122,115,95,81,78,74,79,93,105,110,114,118,117,110,107,103,95,94,93,84,87,90,93,94,93,97,109,122,124,122,123,129,136,140,139,136,141,142,143,143,142,143,145,147,149,150,152,155,158,160,160,159,154,151,149,151,156,157,155,152,146,144,141,140,136,131,130,132,128,127,129,133,136,136,138,140,134,138,143,149,154,157,158,159,155,152,150,152,155,157,156,155,154,156,158,159,164,170,172,171,166,159,150,147,150,158,171,181,187,191,197,203,205,206,206,208,204,206,206,205,206,207,203,197,194,193,197,194,194,187,168,171,171,182,198,212,220,222,219,216,214,216,219,221,222,223,224,225,226,227,227,226,224,221,218,216,224,221,219,220,220,216,207,199,195,183,174,186,203,200,186,183,183,188,193,193,195,198,200,200,204,206,209,211,210,210,209,209,213,212,213,215,219,220,219,218,215,183,159,163,173,176,184,196,208,212,214,213,212,215,217,216,219,209,193,178,172,177,187,194,197,192,189,192,194,190,185,182,188,187,187,188,189,189,188,187,181,170,157,150,150,155,164,172,192,217,223,201,181,181,194,208,196,198,202,209,219,228,234,237,245,244,245,247,248,245,244,244,248,243,242,246,249,250,251,252,251,252,253,250,248,250,249,247,248,238,216,182,150,145,175,209,233,245,253,250,243,233,220,207,192,173,145,110,81,76,79,73,71,74,83,82,86,90,91,112,133,134,120,104,97,94,95,102,100,102,108,106,99,100,103,98,96,93,90,88,88,89,
138,135,129,125,128,133,134,132,130,123,125,135,137,130,128,133,147,145,147,153,151,142,137,138,139,139,140,144,148,152,153,152,146,145,143,141,145,150,149,144,136,143,139,145,149,147,149,138,142,140,128,121,124,117,99,87,78,76,78,87,101,112,117,119,116,107,106,105,98,95,95,91,91,90,91,92,91,93,102,113,115,117,121,128,135,140,140,138,142,142,142,141,141,142,146,148,152,152,153,156,159,160,159,157,156,155,155,160,164,164,158,153,144,135,133,136,132,121,116,120,107,107,110,116,117,113,111,112,108,112,119,128,138,147,155,159,148,148,148,150,153,155,157,157,155,158,158,156,156,157,153,147,136,125,114,109,110,116,128,138,156,168,182,192,197,200,202,205,200,203,205,206,206,207,203,197,204,205,208,200,205,210,199,203,214,214,214,215,213,212,211,211,215,218,222,224,224,224,224,225,225,225,225,226,226,225,225,225,226,224,223,223,223,222,219,217,215,209,202,206,218,215,205,204,199,201,205,210,210,207,207,208,213,213,215,216,217,216,213,211,214,214,214,215,215,214,212,210,214,189,161,153,165,182,193,196,206,211,214,211,209,210,213,214,213,200,184,175,178,187,198,205,198,197,197,198,196,191,189,189,200,200,200,200,198,193,186,180,156,150,148,154,166,179,194,206,217,217,209,190,180,191,203,200,196,196,198,205,218,231,240,244,245,246,247,248,250,251,247,243,250,244,240,240,241,242,244,248,251,251,248,244,243,247,251,251,242,235,237,230,185,140,156,204,232,244,252,247,237,227,215,205,188,175,156,121,84,75,78,71,65,74,91,94,98,97,89,100,127,133,127,115,111,107,102,104,101,103,113,120,120,123,120,109,98,96,92,87,83,79,
135,133,130,129,133,137,137,133,128,124,126,131,127,120,126,139,152,150,152,153,146,133,129,133,139,139,139,142,147,152,153,153,144,142,139,137,143,149,147,141,136,143,140,147,152,149,150,139,143,141,129,122,126,120,103,93,77,76,75,80,92,106,112,111,114,105,105,108,101,96,96,94,97,94,92,93,93,93,98,104,107,112,118,125,130,132,134,134,143,143,142,140,140,142,146,149,153,153,154,157,160,160,158,156,160,159,162,167,172,170,162,155,152,140,138,146,142,126,119,123,107,107,111,117,115,107,100,99,98,100,105,111,119,129,138,144,139,142,145,147,147,149,154,157,155,158,157,152,146,140,130,120,100,91,83,81,81,84,90,98,108,127,151,171,183,192,200,205,201,204,204,201,199,199,198,195,197,204,209,202,209,218,207,208,209,208,209,209,208,208,212,215,217,219,222,222,221,219,218,218,220,220,221,223,224,226,228,229,223,223,224,223,223,224,226,228,229,230,225,223,227,226,223,228,224,220,221,226,227,223,222,225,225,224,224,226,228,227,223,219,215,216,216,215,213,209,205,203,210,204,184,163,163,184,199,201,202,208,212,208,205,206,209,211,208,195,180,175,180,190,198,203,198,198,198,196,191,188,194,202,196,196,195,193,187,176,162,153,139,144,159,181,196,203,207,211,217,203,196,189,183,195,202,188,186,191,200,215,229,239,243,243,249,251,252,250,251,251,245,236,230,230,235,241,244,242,240,241,247,249,251,251,252,251,249,244,252,245,242,233,198,163,167,194,233,245,251,243,230,219,207,198,188,179,166,133,92,83,88,80,72,83,101,104,107,102,89,95,123,131,129,123,123,122,117,118,99,101,112,124,130,133,123,105,90,90,88,84,78,74,
144,144,142,140,140,142,140,135,136,136,134,132,131,135,143,150,146,154,155,146,137,135,135,132,132,139,141,140,144,151,149,142,144,139,142,140,135,146,151,136,135,137,144,153,156,152,146,144,141,138,132,128,128,124,112,99,89,77,69,75,89,100,106,108,111,113,111,104,99,98,96,93,99,100,97,93,95,98,97,91,95,105,116,122,127,132,135,134,141,147,149,143,138,141,148,154,151,151,152,155,159,162,162,161,160,162,166,168,168,164,160,157,156,155,154,154,153,150,146,143,134,136,137,133,125,116,110,107,105,98,95,99,104,106,108,112,116,127,139,145,148,147,143,137,135,132,136,128,107,101,100,86,78,79,81,83,85,85,83,82,91,90,99,120,142,159,177,190,193,190,188,188,190,190,190,188,199,201,203,204,202,201,200,199,197,201,204,202,199,198,203,207,215,216,217,217,217,215,213,211,209,213,219,221,222,222,224,225,220,219,218,217,219,221,224,226,226,230,230,228,228,231,229,225,226,227,229,231,232,233,236,239,237,235,236,238,238,234,231,231,226,224,222,222,219,212,200,191,193,187,182,183,188,194,198,199,203,204,201,199,200,205,206,204,199,193,190,191,194,195,199,203,197,195,195,196,193,189,192,197,194,189,187,184,168,144,134,139,151,172,190,202,214,216,212,214,206,197,191,194,197,195,194,194,202,209,222,234,243,245,246,244,249,247,250,251,251,253,244,225,208,201,205,224,239,240,239,240,241,247,252,250,248,248,248,247,248,247,239,225,213,204,196,189,215,235,248,241,229,218,203,186,182,173,163,146,112,79,70,80,70,73,95,110,104,102,98,82,109,136,134,125,127,133,136,124,102,103,109,117,114,101,87,79,69,68,69,71,74,76,
145,143,142,146,149,147,141,136,138,139,140,141,142,145,151,155,146,150,150,146,142,141,141,140,141,136,135,142,151,150,141,133,138,138,142,142,140,144,145,139,139,141,148,156,158,152,146,144,139,135,132,133,134,127,114,103,91,80,72,75,86,97,106,113,111,111,108,102,98,97,94,90,93,100,104,102,99,96,93,90,95,100,108,117,124,130,134,137,140,142,143,143,146,151,151,148,151,151,153,156,160,162,162,160,162,164,167,169,169,167,163,161,159,159,159,161,162,161,159,157,153,151,147,141,135,130,128,127,121,113,106,104,104,103,102,103,118,118,119,120,118,115,111,108,107,96,91,85,76,85,93,85,94,94,93,92,90,87,83,80,79,73,72,81,95,115,143,166,176,174,173,175,178,181,181,181,188,191,194,193,190,187,188,190,193,197,200,199,196,195,199,203,208,209,209,209,208,206,204,203,202,204,206,208,209,211,213,214,210,209,209,210,213,217,221,223,222,225,226,225,227,230,229,225,224,223,223,223,224,227,232,235,239,236,235,238,240,240,241,244,242,238,233,228,222,215,207,201,190,189,190,195,201,205,205,204,208,205,199,193,194,200,203,203,195,192,192,195,198,198,199,201,192,193,194,194,194,195,197,200,188,185,174,153,133,130,146,165,177,191,199,205,213,215,213,215,210,205,203,207,211,212,212,214,224,228,236,243,246,248,248,248,250,247,249,249,248,250,242,223,195,182,178,196,218,230,234,236,230,238,245,247,248,249,249,247,250,246,231,219,220,225,219,207,226,242,249,242,228,217,204,193,178,170,162,152,125,91,72,70,75,76,92,103,97,95,93,81,109,136,131,116,110,112,120,114,116,108,98,90,80,68,62,61,54,55,56,59,62,64,
149,142,142,150,155,152,146,145,145,147,149,151,152,152,151,151,147,144,144,148,150,149,147,147,144,136,137,147,151,142,132,129,135,140,143,146,148,141,138,144,139,142,149,158,159,154,149,147,139,132,132,139,141,130,116,108,94,84,76,76,83,94,107,117,112,111,107,101,99,98,94,88,90,101,110,108,100,95,94,95,97,94,98,109,118,122,127,134,135,139,143,145,148,151,149,144,151,152,154,157,161,162,161,160,162,164,166,168,168,168,166,166,165,165,166,168,170,170,169,168,168,165,160,156,153,151,148,147,143,133,122,115,109,104,100,100,108,98,92,92,91,85,80,80,80,71,70,75,85,105,119,117,110,110,109,107,104,100,97,95,96,97,104,113,118,126,143,161,163,162,163,165,169,174,176,177,180,184,188,186,180,178,182,186,188,191,194,193,190,190,194,197,204,204,204,204,202,200,197,196,196,195,195,196,199,201,203,203,195,196,197,200,204,209,213,216,215,216,216,217,221,224,223,220,218,216,213,211,213,218,224,227,229,224,222,225,229,232,237,242,242,242,241,239,236,231,226,223,212,211,212,215,218,217,214,211,214,209,198,188,188,194,200,202,195,194,197,202,205,203,200,200,197,198,194,187,187,191,189,183,171,153,123,101,106,138,174,194,195,202,202,202,210,215,216,220,214,214,216,220,224,225,227,230,238,240,242,244,246,246,246,246,246,244,245,246,246,251,245,228,192,173,163,176,203,221,227,227,225,231,236,238,242,247,249,249,247,236,221,217,230,243,235,217,226,238,245,239,225,214,206,201,183,173,165,161,145,117,92,81,90,91,100,104,98,96,96,89,102,131,130,114,100,94,103,103,101,90,75,62,54,50,51,55,44,48,55,65,75,82,
145,137,137,147,151,147,147,152,155,155,155,155,152,148,144,141,148,142,142,152,157,153,148,147,139,142,148,150,143,133,130,135,139,147,147,149,151,137,131,147,136,140,149,158,160,156,152,152,145,135,133,143,144,131,117,112,98,87,78,77,84,95,107,117,116,113,108,103,102,102,96,89,91,100,107,106,101,99,101,105,98,90,91,103,112,112,116,124,128,138,145,142,138,139,143,146,150,152,155,159,161,162,161,161,161,162,163,165,166,167,167,167,171,170,170,171,172,172,170,168,168,168,169,170,171,167,160,155,159,150,138,128,119,112,107,105,101,86,78,82,83,74,67,66,63,68,81,98,114,130,140,141,134,134,133,129,125,122,119,119,118,127,144,159,160,153,153,158,157,157,158,160,164,168,172,174,175,178,180,179,177,177,180,183,182,185,187,186,184,184,187,190,200,199,198,196,193,190,188,186,188,186,185,186,190,192,191,190,184,185,187,190,195,200,204,207,207,206,206,207,209,211,210,207,210,208,204,201,204,210,213,213,208,203,201,205,211,216,220,225,229,234,241,245,244,240,236,234,233,230,228,227,227,227,225,223,222,215,202,191,188,195,201,203,198,197,199,204,205,200,196,195,197,197,190,182,184,189,178,159,137,101,66,70,116,169,198,204,207,211,207,204,211,216,216,219,218,221,224,227,227,228,230,232,238,239,241,242,243,244,244,244,247,244,244,244,242,246,241,225,197,180,167,174,195,211,215,212,214,217,219,221,229,240,248,249,241,228,216,217,226,228,218,206,219,230,240,236,223,208,198,193,190,177,165,161,154,137,118,106,107,108,112,112,106,102,100,97,93,124,131,123,108,95,98,98,80,71,60,57,59,62,65,65,78,81,88,96,104,108,
133,130,136,146,147,141,143,152,156,156,155,152,149,145,142,141,150,144,146,155,159,153,145,142,138,147,151,145,137,136,138,137,146,151,148,148,146,130,126,146,139,143,151,159,160,157,155,156,152,140,136,142,142,130,118,114,102,89,78,78,87,97,107,114,117,114,109,105,104,104,99,92,92,95,101,106,109,109,109,110,98,90,92,103,111,110,112,119,126,131,133,129,129,134,143,148,150,152,156,159,161,162,163,163,163,164,164,165,166,167,169,169,172,171,170,170,171,171,169,167,166,167,171,175,177,174,167,161,167,161,150,139,129,123,118,114,113,95,84,88,90,82,74,73,79,94,111,124,132,136,142,151,158,157,154,148,141,135,133,133,137,139,147,157,159,153,152,155,153,153,153,153,155,159,162,165,168,168,168,170,172,175,176,176,176,177,179,178,177,178,180,183,189,187,185,183,179,176,173,172,173,172,172,175,178,179,176,173,180,180,182,185,189,193,196,198,201,199,198,197,196,195,194,194,199,199,196,194,198,202,201,196,185,181,183,191,199,204,207,210,218,222,228,231,230,226,222,220,224,224,225,227,229,231,232,232,229,222,210,199,197,203,208,210,205,202,201,203,202,197,193,193,188,190,185,180,184,182,155,121,78,54,51,90,148,188,202,202,219,223,219,214,218,217,213,212,222,227,231,231,230,230,232,233,239,240,243,245,247,247,246,245,249,245,244,239,234,234,228,211,195,185,173,172,183,197,202,202,197,199,201,205,215,227,234,235,222,205,193,192,187,177,178,187,216,230,241,239,225,208,192,181,184,174,162,155,150,140,126,116,114,119,120,116,110,101,94,94,94,121,128,129,119,103,101,100,88,77,64,62,70,78,80,77,87,91,98,106,113,117,
129,134,145,153,151,144,143,149,149,151,152,150,147,146,149,151,152,151,152,156,156,150,144,140,145,147,143,137,139,147,145,137,148,149,148,146,139,127,128,143,146,149,155,160,159,155,155,157,155,144,138,139,139,130,120,115,105,92,79,78,87,97,106,113,116,115,111,106,105,105,101,96,92,91,97,109,119,120,113,108,98,95,98,107,112,113,116,121,127,120,113,114,128,143,148,146,150,152,156,158,160,162,165,167,169,169,169,169,170,170,171,172,171,170,169,170,171,172,171,170,168,169,170,172,173,172,170,168,170,167,159,148,139,134,129,125,126,111,100,102,107,106,103,102,109,123,131,132,134,133,142,161,154,154,152,146,140,136,136,137,147,142,143,150,153,150,149,152,150,150,149,149,149,151,155,158,163,162,162,165,170,173,172,171,169,170,171,171,170,171,173,175,177,176,174,172,169,166,164,163,164,165,166,169,171,170,168,166,177,177,178,180,183,186,188,189,193,192,192,190,186,181,182,186,190,191,190,189,192,195,189,179,161,160,166,178,190,196,198,199,203,202,202,203,203,204,205,205,210,213,217,221,225,226,226,226,227,223,214,206,206,213,219,220,220,216,212,212,210,207,205,205,194,195,189,181,174,156,114,73,33,46,84,137,174,188,196,205,212,220,218,215,217,215,208,208,224,230,234,234,234,236,238,238,240,242,245,247,248,246,245,244,239,236,235,230,224,224,217,201,188,185,177,170,173,186,197,200,195,195,193,193,197,201,199,194,174,163,154,149,138,133,152,179,210,226,238,235,227,218,203,187,178,173,164,156,149,138,123,110,116,125,125,121,116,103,93,94,103,121,122,126,122,106,105,105,104,90,72,65,71,82,85,83,65,70,78,89,99,106,
137,143,150,152,149,145,145,147,145,149,153,151,147,146,151,157,154,157,158,154,149,148,146,145,146,143,138,138,143,147,145,141,147,145,149,148,137,131,137,142,147,149,153,157,155,152,153,158,151,144,138,137,138,134,124,116,107,94,81,78,83,93,106,116,116,116,114,110,107,107,105,101,98,93,96,109,122,123,114,107,103,104,106,109,112,115,119,122,123,114,106,111,130,147,151,145,150,152,155,157,159,163,167,170,173,173,173,173,173,173,173,173,171,170,169,169,171,172,171,171,171,171,171,170,168,168,168,169,168,169,165,157,150,148,144,140,137,129,122,123,130,134,132,127,126,135,132,129,131,128,132,151,145,145,144,139,134,132,134,137,141,138,141,150,153,146,141,141,144,145,144,144,144,146,151,155,159,159,161,164,166,168,167,166,162,163,163,163,163,164,166,167,168,167,166,165,163,163,162,162,162,163,166,167,167,167,167,168,169,170,170,172,174,175,177,178,181,182,184,183,176,171,174,182,183,185,184,183,187,189,179,165,148,147,154,169,182,188,189,190,188,185,184,185,190,193,195,195,202,204,205,207,208,209,210,211,217,213,207,202,206,216,225,228,233,229,226,226,226,224,223,224,218,215,206,193,180,160,126,94,78,104,145,180,194,194,197,203,200,209,209,205,206,204,201,203,222,227,230,230,232,237,240,238,239,240,242,244,244,244,243,242,231,229,229,223,216,215,208,192,180,185,183,174,172,181,189,191,190,185,175,168,167,167,162,155,147,154,158,153,143,144,164,186,206,221,226,218,216,220,211,192,178,176,169,160,152,140,121,104,110,124,126,124,125,114,103,108,107,118,116,123,121,106,106,108,107,100,89,82,82,87,85,80,73,75,79,85,90,92,
144,146,144,139,137,140,143,143,147,152,156,153,146,143,148,154,154,161,161,151,145,147,150,150,143,139,140,145,143,138,141,150,146,142,150,152,138,137,146,144,143,145,149,152,151,149,153,158,145,142,138,135,137,137,128,117,108,96,84,77,79,89,106,120,117,119,118,113,110,110,109,107,107,98,95,106,118,121,115,110,107,111,112,109,108,113,118,120,117,114,113,117,130,144,149,147,150,152,155,157,159,163,168,173,175,175,175,175,174,173,173,172,172,171,169,169,170,170,169,168,169,172,173,172,168,164,164,165,165,169,168,163,159,159,157,153,149,147,144,144,148,149,141,130,147,152,144,140,144,134,127,138,151,151,148,142,134,131,131,134,142,140,144,153,154,146,141,141,136,137,137,137,137,141,146,151,153,156,160,161,160,160,160,161,158,158,159,159,159,160,162,163,159,159,159,159,159,159,160,160,160,162,164,163,162,163,166,169,161,161,162,164,165,167,168,169,171,174,178,177,169,164,170,180,180,182,181,178,182,184,174,158,146,146,152,166,179,185,185,185,185,183,182,185,189,191,188,185,193,192,189,187,188,193,199,203,205,203,198,195,202,215,226,230,236,232,230,232,234,232,232,234,234,230,222,213,207,201,189,176,171,184,197,205,209,209,202,194,202,210,207,199,197,194,191,195,218,222,223,223,227,233,235,233,239,240,241,242,243,244,245,245,238,235,232,223,211,205,195,177,173,184,187,179,174,176,177,173,172,162,147,136,137,142,143,139,162,187,204,198,186,185,191,194,212,223,219,201,199,210,203,184,179,177,170,160,152,141,121,103,101,118,123,124,130,122,114,122,103,114,114,124,123,106,105,109,108,112,113,109,103,96,85,74,80,82,87,93,99,103,
151,148,143,137,138,143,145,143,140,150,147,147,146,146,157,155,162,156,147,142,150,159,152,138,141,144,147,148,147,146,150,154,144,148,148,143,141,142,142,140,142,142,148,150,147,150,154,151,142,142,137,131,132,136,130,119,106,99,92,81,75,89,109,115,122,121,119,116,114,111,109,108,109,101,97,103,111,115,116,118,113,111,110,112,117,123,127,130,129,124,121,126,137,145,146,145,147,151,154,154,159,168,173,172,174,178,179,175,173,174,173,169,173,171,168,169,171,172,170,168,171,168,169,171,170,166,167,170,168,168,168,167,167,166,163,159,151,153,151,148,149,152,150,144,151,158,150,131,128,140,140,127,132,139,141,136,132,134,135,133,132,134,137,138,137,135,135,135,133,133,132,133,136,140,145,148,150,154,155,153,152,153,154,152,151,152,153,154,156,157,158,159,155,155,156,157,158,158,158,157,161,160,159,159,159,159,158,156,149,146,149,157,164,165,162,160,166,167,167,166,163,164,167,170,170,173,176,179,181,178,166,153,144,146,151,160,170,176,178,177,184,178,173,174,179,182,179,175,175,176,177,176,177,182,192,200,202,200,198,196,198,207,218,226,223,224,225,226,228,230,231,232,231,228,228,232,231,224,218,217,217,218,216,212,208,204,197,189,186,184,192,196,182,174,183,194,208,214,218,218,220,225,230,231,237,237,239,241,244,244,241,238,228,233,232,222,212,205,195,185,191,186,180,175,168,161,162,166,145,134,126,131,146,158,156,148,182,209,224,213,210,201,215,205,216,224,217,212,201,188,185,174,174,171,170,167,154,136,125,124,123,118,112,109,113,119,120,118,106,106,116,124,122,120,116,105,117,114,114,111,103,102,96,82,82,76,77,89,100,103,
143,145,145,145,145,146,142,136,137,144,139,143,147,149,157,151,157,151,148,151,155,152,143,135,142,146,151,153,151,150,151,153,143,147,147,143,141,142,142,140,140,141,147,149,146,153,158,153,136,138,135,128,126,128,123,115,107,102,94,81,73,86,107,116,121,120,119,117,114,112,110,109,113,104,97,99,105,108,111,113,113,114,117,121,126,132,136,139,133,129,127,130,137,142,143,141,147,151,155,157,161,168,171,170,166,173,177,175,172,173,174,174,172,171,170,169,170,170,170,169,171,169,169,171,170,166,166,169,168,168,168,168,167,165,161,158,154,157,157,156,157,159,157,152,153,152,144,134,129,129,128,124,137,140,140,134,131,131,131,129,127,129,130,130,129,127,127,127,129,129,129,131,134,137,141,144,149,152,152,150,149,151,153,153,153,153,153,153,152,152,152,152,152,153,154,155,155,156,156,156,160,159,157,156,156,155,153,151,142,138,138,145,153,156,157,159,160,160,160,160,160,162,165,168,164,167,169,172,174,172,161,150,143,147,153,159,165,169,172,174,174,172,171,172,175,176,175,173,172,172,172,170,170,176,185,192,197,196,195,193,193,198,206,212,217,219,223,226,229,230,230,230,229,226,226,230,230,225,221,221,215,216,213,208,204,202,197,191,191,187,193,192,176,166,173,181,200,206,210,210,212,217,222,223,229,230,231,235,237,238,236,233,228,230,228,220,209,199,189,181,192,194,184,162,144,137,134,131,130,124,122,133,152,166,167,162,187,214,230,221,219,209,221,209,217,226,221,217,205,190,186,175,170,167,166,166,157,141,125,118,125,121,110,98,100,110,115,111,97,103,116,125,122,118,113,105,110,108,108,103,95,95,95,88,69,72,83,99,109,108,
138,142,144,143,141,138,131,123,143,146,139,146,153,154,158,149,150,144,146,153,152,140,133,134,144,149,154,156,154,152,152,151,144,146,147,144,142,142,143,142,137,142,149,148,146,155,160,151,136,138,135,128,125,125,120,114,108,106,97,81,72,81,103,118,119,119,119,118,116,114,113,112,118,109,100,98,101,105,109,112,118,123,129,133,134,135,137,139,137,136,135,136,138,139,140,139,147,152,156,159,163,168,169,168,162,170,177,176,172,171,172,174,169,170,171,170,169,168,169,169,172,169,169,170,169,166,165,166,166,166,166,168,167,164,159,156,155,157,159,159,161,163,161,157,158,147,140,139,133,122,118,123,141,139,136,132,130,129,126,123,122,123,124,124,122,122,122,123,125,125,126,129,131,134,137,138,146,148,147,144,144,149,153,154,154,153,152,151,150,148,148,147,149,151,153,154,152,151,152,154,156,155,154,154,155,154,152,150,139,132,129,132,138,143,150,155,155,154,153,154,156,159,160,160,161,163,165,166,169,168,160,150,143,148,154,158,160,162,167,171,171,172,172,172,171,170,170,170,166,166,164,162,162,167,176,183,184,185,186,188,191,196,203,207,210,214,220,225,228,229,227,226,227,225,224,227,226,223,219,218,211,211,207,202,200,200,198,193,196,192,193,189,173,164,169,174,191,197,201,201,202,206,210,211,215,216,219,224,228,231,230,230,229,227,224,219,208,194,185,182,188,196,185,154,133,132,130,122,127,126,129,141,157,165,165,162,184,210,227,222,223,212,222,209,216,228,226,224,210,192,187,177,168,162,156,155,151,139,124,113,113,112,102,89,88,98,101,96,85,97,113,122,120,112,103,97,96,88,87,88,91,100,104,97,88,90,97,104,108,108,
140,142,142,139,137,137,134,130,150,151,143,150,155,152,153,143,149,148,149,151,146,138,137,141,147,151,155,154,153,153,153,151,147,148,148,146,144,143,144,144,135,143,153,151,148,156,157,145,140,138,132,127,126,125,119,111,108,110,100,83,73,77,97,119,118,119,119,119,118,117,116,115,122,114,106,102,103,105,109,111,114,122,131,136,136,135,135,137,140,140,141,141,140,140,141,141,149,152,155,159,162,166,168,168,165,171,177,177,174,170,169,168,167,169,171,170,167,166,167,169,172,170,168,168,167,166,165,164,162,161,162,165,165,161,157,155,154,155,155,155,156,157,157,156,162,148,141,144,141,130,123,125,138,134,131,131,131,129,124,120,122,123,123,123,122,123,124,126,122,124,126,128,131,133,134,135,141,143,142,138,140,146,152,155,152,152,151,151,150,149,148,148,149,151,153,152,149,147,148,150,149,149,150,152,154,155,154,153,142,134,126,123,126,132,142,150,154,151,149,150,153,155,154,153,157,159,160,160,162,163,157,150,144,147,152,156,159,162,166,169,172,171,169,167,166,164,164,163,161,160,158,156,157,162,170,176,176,177,180,184,190,197,204,208,207,211,217,222,225,225,223,221,225,224,224,224,222,217,211,208,204,204,202,198,197,198,196,192,191,187,187,182,169,165,171,173,184,191,196,197,196,197,197,196,194,196,201,206,212,216,218,219,220,215,212,211,202,188,181,182,186,187,174,152,140,142,142,137,142,144,151,162,168,167,163,160,183,205,220,215,219,209,219,206,213,226,227,228,214,195,189,179,169,160,148,140,137,133,123,114,97,98,97,94,92,90,86,82,81,95,108,118,121,111,97,91,88,72,67,77,93,108,107,93,97,97,97,96,98,102,
140,142,142,140,141,146,149,148,147,150,143,149,149,142,144,137,151,158,161,155,149,149,150,150,152,155,155,151,151,154,156,155,152,152,151,150,147,144,144,145,132,141,153,155,152,156,154,141,142,134,125,123,126,125,116,104,108,114,103,85,75,74,90,116,118,118,120,121,120,119,118,117,121,118,113,107,104,104,104,103,100,110,123,133,137,138,139,141,140,141,143,143,142,143,144,146,150,150,152,156,159,162,166,168,169,170,173,177,177,173,168,165,165,168,170,169,167,165,166,167,171,169,167,166,166,166,164,162,158,155,157,162,163,158,155,155,155,154,153,152,151,151,153,155,163,152,144,145,148,145,135,128,133,127,126,132,135,130,124,122,125,126,126,125,123,122,123,125,124,125,128,130,133,134,135,136,137,139,138,136,138,145,152,154,153,152,152,151,151,150,149,149,151,152,153,151,147,144,143,144,144,144,146,149,152,153,152,151,144,135,126,120,120,124,135,146,151,148,147,148,151,153,152,150,152,153,154,153,155,156,152,146,145,146,149,154,160,165,166,166,166,162,158,157,158,159,158,157,158,157,154,153,154,159,166,171,176,175,175,178,184,192,199,203,206,209,214,218,220,219,217,215,220,221,222,222,220,214,206,200,196,197,197,195,195,196,194,189,181,177,177,171,162,165,172,171,177,185,191,192,189,188,184,181,176,179,183,188,192,195,198,199,199,194,193,194,188,178,174,177,187,171,154,146,141,139,139,141,160,165,176,185,184,176,171,171,192,208,217,211,215,204,214,201,210,222,224,228,216,196,189,180,170,163,150,139,134,132,124,113,98,96,99,105,99,84,75,75,83,93,99,110,124,117,99,92,87,72,69,79,91,100,97,84,86,89,91,92,97,104,
137,140,141,138,138,141,142,142,145,148,144,149,147,139,143,140,151,161,164,157,153,156,155,149,157,159,156,150,150,157,161,159,157,156,154,153,149,144,143,144,131,138,151,158,154,154,151,140,144,133,122,122,127,127,115,102,108,117,105,88,80,74,84,111,118,119,121,122,122,121,120,119,119,120,117,111,104,101,97,94,96,106,119,130,135,137,138,138,140,141,142,142,143,144,146,148,149,147,149,153,157,159,163,168,167,166,168,175,178,176,171,168,166,168,169,170,168,167,166,166,169,168,166,164,166,167,165,161,157,153,154,159,160,156,153,155,159,157,155,155,153,151,152,156,162,155,147,145,150,152,143,131,133,126,126,135,138,131,127,128,130,130,129,127,124,121,121,121,128,129,131,133,136,137,139,139,137,139,140,138,139,145,151,152,153,153,152,151,150,149,149,148,152,151,150,148,145,143,140,139,140,140,142,145,148,148,147,145,142,135,126,120,117,120,130,141,144,144,144,147,149,151,152,152,151,153,154,153,153,154,151,146,144,145,147,153,160,163,162,160,157,153,151,152,157,160,160,159,157,155,153,152,154,158,162,165,165,163,163,167,175,186,194,199,202,205,209,213,214,213,210,207,209,213,215,215,214,211,204,197,190,192,192,191,192,194,191,187,182,178,175,167,161,168,174,170,171,178,184,183,180,177,173,170,172,175,177,179,180,182,183,185,183,182,181,180,177,173,172,174,174,151,136,138,137,129,135,150,174,180,190,196,189,178,176,182,206,216,219,210,213,201,209,196,211,219,220,225,215,195,188,179,168,168,160,150,146,140,123,103,101,97,98,100,91,77,70,73,82,87,83,93,117,117,99,94,83,75,76,82,84,87,90,86,80,81,77,71,76,87,
137,140,139,134,132,135,137,137,150,152,146,153,151,143,147,145,156,157,156,153,152,152,151,149,157,159,156,149,150,159,162,160,161,158,156,154,149,142,140,142,139,139,150,159,153,147,143,137,142,131,121,121,126,125,114,103,107,118,107,90,85,74,79,106,118,120,122,123,124,123,121,120,117,121,121,115,109,105,100,96,99,105,116,126,133,135,134,133,142,141,139,139,140,142,144,145,145,143,146,152,156,157,160,165,163,162,166,173,177,174,172,172,170,169,170,171,172,171,169,167,168,167,165,163,165,168,166,160,161,155,154,158,159,153,152,155,158,157,158,160,157,153,152,156,162,157,151,149,150,148,142,136,139,130,129,137,139,131,129,135,132,133,134,132,129,126,125,125,132,133,134,136,138,140,142,143,141,144,145,143,143,147,149,149,148,148,148,148,149,149,149,149,150,147,144,144,144,143,139,136,136,137,139,143,146,147,145,144,142,137,130,124,118,117,124,133,139,141,143,145,146,147,149,150,154,156,157,155,155,155,152,148,143,145,149,153,155,155,153,151,147,149,151,155,158,160,161,162,156,155,153,152,153,154,156,157,151,150,151,157,167,178,186,190,194,198,205,210,211,208,202,199,199,202,203,202,203,203,199,193,188,189,188,186,188,191,190,187,188,183,177,168,162,172,177,170,166,172,175,172,169,168,168,166,171,173,175,176,175,175,177,179,176,178,177,173,170,170,171,170,149,134,129,135,132,127,145,173,183,187,195,196,186,177,183,197,216,223,224,216,220,208,215,202,215,219,216,222,214,194,186,176,167,168,163,156,154,145,118,88,86,91,91,84,79,78,79,79,85,86,74,79,108,111,96,96,92,78,73,76,78,83,88,87,78,79,68,52,50,61,
142,143,141,137,137,145,153,157,155,154,147,153,153,144,148,145,169,157,149,150,150,147,149,156,155,158,155,148,150,158,162,158,163,160,157,155,149,140,138,140,149,144,151,159,151,140,136,133,135,126,118,118,120,117,108,100,106,119,107,92,88,75,76,103,119,120,122,124,124,123,121,120,116,122,125,120,115,112,110,107,94,100,110,122,132,137,137,136,144,141,137,136,138,140,140,140,141,140,145,152,157,157,158,162,161,162,167,173,174,170,170,174,172,171,171,172,174,174,171,167,167,167,164,162,165,169,166,160,164,157,155,159,158,152,150,154,154,154,158,162,159,153,151,154,165,158,154,154,150,142,138,140,146,135,132,139,138,130,131,139,133,135,137,138,136,135,134,133,134,135,135,137,139,141,144,145,145,149,150,147,146,148,148,146,140,141,143,145,147,150,151,152,147,143,140,141,143,143,139,134,132,134,137,142,147,149,148,147,146,142,136,128,119,114,118,126,138,141,143,144,142,142,144,146,152,155,156,154,153,153,150,145,141,146,151,153,150,147,145,145,138,144,152,155,155,154,155,157,156,155,153,152,152,152,151,151,150,148,148,152,160,168,174,176,187,193,202,208,210,205,198,193,193,195,194,191,192,194,193,188,188,188,185,183,184,188,189,187,187,183,176,165,161,171,177,168,165,169,170,165,163,164,167,167,163,166,169,170,169,170,173,175,170,175,173,166,163,166,167,164,131,128,131,134,126,125,153,189,185,188,195,196,188,184,199,219,223,230,232,227,233,221,229,215,219,220,215,220,213,194,185,174,166,166,159,153,153,145,112,77,68,84,88,76,75,90,96,89,94,94,76,77,105,109,96,99,114,86,66,67,75,83,83,74,85,93,91,76,69,74,
142,146,146,143,144,151,154,150,146,143,138,143,151,146,143,151,156,153,149,147,153,160,162,159,154,158,146,142,157,161,156,160,164,157,147,143,143,145,146,146,150,149,151,150,138,126,129,139,132,131,125,123,122,110,100,104,113,114,104,92,85,79,82,95,115,120,122,118,119,124,125,122,127,121,117,120,125,125,115,105,86,93,102,112,123,131,132,129,135,131,130,132,134,134,137,141,138,139,145,152,156,157,161,165,162,168,172,172,172,174,174,171,174,174,171,169,174,178,174,167,168,165,161,162,165,166,163,160,164,155,158,163,157,154,156,154,157,150,148,152,152,147,149,155,151,153,152,151,153,153,147,138,141,141,142,142,141,140,139,139,140,138,136,135,135,134,132,131,134,134,137,141,145,145,142,138,141,145,150,152,151,149,149,149,147,145,144,143,144,145,145,145,148,149,148,146,142,139,137,136,137,138,138,140,145,149,145,138,138,139,137,132,125,123,126,130,136,141,144,143,143,146,149,149,149,150,152,154,153,150,146,143,142,144,148,151,152,150,146,144,142,144,149,155,155,152,153,156,155,154,153,151,150,150,151,151,150,152,155,158,163,168,174,177,188,194,198,195,192,192,189,185,187,188,189,186,182,181,183,185,181,182,182,182,181,182,184,186,179,178,169,158,159,168,171,167,166,168,168,165,161,160,163,167,162,161,159,158,159,160,163,164,161,156,160,160,155,161,157,134,119,120,125,118,111,134,165,171,185,187,192,195,189,186,199,217,221,225,231,234,233,229,227,226,230,218,219,210,203,203,187,175,173,156,161,161,142,136,114,64,47,66,70,65,81,101,103,95,92,97,91,81,91,109,105,85,84,75,71,75,80,80,78,77,83,96,102,93,82,79,
126,137,149,154,154,152,149,145,139,137,134,139,147,145,145,155,148,148,147,145,147,153,156,155,151,155,146,142,156,161,156,159,156,152,147,145,145,147,149,149,151,150,147,141,132,127,132,141,129,130,121,119,123,110,98,104,110,109,102,95,89,79,81,95,115,120,120,116,117,124,126,124,127,124,122,124,128,126,120,113,101,100,102,110,119,122,120,116,114,120,123,124,127,132,130,124,134,144,150,149,148,154,158,159,159,165,170,170,171,173,173,170,173,175,175,173,173,175,173,169,165,162,159,159,160,161,160,158,160,155,157,160,158,158,159,156,157,150,148,153,153,147,145,148,142,146,149,149,150,152,149,144,144,144,142,141,140,139,139,139,135,134,133,134,136,137,137,136,134,136,139,143,146,147,146,144,141,145,149,151,150,149,148,148,150,147,145,145,146,146,145,144,148,149,149,147,144,142,141,141,143,144,143,140,138,138,135,130,138,139,138,134,129,128,131,134,135,140,142,141,140,142,143,142,146,147,150,153,153,150,146,142,136,139,145,149,150,147,144,141,144,146,151,156,156,153,153,156,151,150,150,149,149,150,152,153,151,153,157,161,165,168,171,173,172,179,185,184,181,181,181,179,186,186,186,184,183,181,179,178,179,178,178,178,178,179,179,179,175,174,166,157,158,167,170,166,161,164,166,165,163,160,160,161,153,152,150,149,150,152,154,155,157,150,153,155,152,154,141,114,109,119,121,110,112,139,162,164,170,171,174,175,173,175,185,196,199,202,207,212,217,220,222,224,231,227,229,217,207,202,191,196,173,154,153,156,149,139,107,59,50,74,83,78,85,98,105,109,102,92,76,69,86,106,100,79,70,78,88,88,79,72,79,90,82,96,103,93,79,74,
108,120,139,153,156,151,147,146,143,142,138,139,143,140,141,152,139,143,144,142,142,147,151,152,147,150,145,144,154,159,156,157,155,154,152,151,151,151,152,152,147,147,143,134,128,130,134,136,125,128,116,114,125,111,94,104,109,104,98,98,92,76,75,91,113,118,119,115,116,123,127,126,127,127,128,130,131,130,126,123,113,103,99,105,111,109,104,102,100,109,113,111,116,125,124,113,118,135,143,138,137,148,155,155,157,163,168,170,171,172,172,170,171,174,176,174,171,170,169,167,161,160,158,156,156,156,157,158,158,159,159,159,158,159,157,152,157,149,146,150,151,146,142,142,137,143,147,148,148,150,150,149,146,145,142,140,138,137,137,137,134,134,133,135,138,140,141,141,135,137,140,142,144,145,146,147,149,152,155,157,156,155,154,154,154,151,147,147,149,148,145,141,142,143,143,142,140,139,139,140,140,142,142,137,134,135,135,134,136,137,138,136,134,134,137,140,137,141,143,141,139,139,137,134,140,142,145,148,149,146,141,137,132,136,142,146,148,146,142,139,143,144,148,153,153,150,150,152,149,149,148,147,147,149,150,151,150,154,159,164,167,167,166,165,161,168,172,170,168,172,178,182,177,177,177,179,181,181,179,177,175,173,172,172,174,175,173,171,169,168,162,156,158,165,167,163,158,160,164,166,164,161,156,153,145,144,143,143,143,145,147,148,155,149,151,155,154,148,126,96,102,116,112,102,117,145,157,154,154,156,155,152,153,161,168,172,173,175,179,185,194,204,210,213,223,223,219,204,196,187,181,204,182,161,143,141,143,131,97,64,66,71,67,64,74,83,86,88,94,87,80,86,104,116,106,89,76,89,100,94,75,63,72,88,82,97,105,95,77,68,
118,118,125,139,146,145,144,147,145,146,143,142,143,138,137,146,138,141,142,141,143,148,152,152,143,146,146,146,152,157,157,155,158,155,151,150,150,150,148,145,139,143,141,132,131,136,135,128,126,128,114,113,126,111,93,106,109,100,94,97,91,71,68,88,108,116,119,117,118,124,128,126,130,129,130,132,135,136,133,129,113,100,94,99,101,95,92,95,101,103,102,100,105,114,116,113,111,122,130,130,131,139,147,150,153,158,163,166,167,168,167,166,169,171,173,171,169,166,164,162,159,159,158,156,155,156,159,161,155,160,159,158,161,160,153,148,152,142,136,139,143,143,141,141,142,145,147,148,149,149,149,148,145,144,142,140,138,136,134,133,138,137,136,136,138,140,141,141,141,143,144,143,143,145,150,155,159,160,163,164,163,162,161,160,158,154,150,149,150,148,143,137,136,137,138,137,136,135,135,136,138,140,139,135,134,137,139,139,134,134,135,135,136,138,140,142,141,145,146,144,141,139,134,129,134,134,137,140,142,140,135,131,133,136,141,145,146,145,142,140,143,143,146,150,151,148,147,149,150,149,147,146,145,145,145,146,148,152,158,164,167,165,161,157,158,161,162,159,159,166,179,190,173,174,175,175,174,174,173,173,172,169,167,168,171,171,168,164,162,161,157,154,157,163,164,161,159,160,162,163,162,158,152,147,144,143,143,143,143,145,147,148,152,150,151,156,155,142,116,91,109,116,105,104,132,154,154,154,151,155,152,144,145,156,162,161,158,163,168,172,178,187,195,199,207,203,191,177,181,173,164,192,203,185,154,136,134,116,90,80,89,81,66,60,67,71,72,78,88,91,99,108,114,114,110,107,102,103,100,88,71,59,59,64,73,87,95,86,69,59,
151,136,127,132,141,143,143,144,140,146,146,146,148,143,141,148,144,143,141,141,146,154,156,154,143,144,147,148,149,154,156,153,156,149,143,141,144,144,140,136,136,142,139,131,132,138,136,126,129,127,115,116,125,110,96,109,109,97,91,96,92,72,70,91,103,114,121,121,122,126,127,125,133,130,129,133,138,140,136,131,110,100,95,97,95,87,87,94,103,97,94,97,99,99,103,110,112,112,117,125,128,129,134,142,148,151,158,163,164,163,162,162,170,169,168,168,168,165,161,159,159,159,159,158,158,159,161,164,153,160,157,155,162,158,147,144,138,128,120,121,128,135,139,142,147,145,144,146,149,149,147,145,144,144,143,142,140,137,134,132,138,136,135,135,136,138,139,139,146,147,147,146,148,153,162,168,165,165,166,166,166,164,162,160,158,155,151,149,148,144,138,132,136,138,139,139,138,137,136,137,143,142,138,132,132,135,136,133,132,131,131,133,136,139,141,142,143,147,148,145,143,140,135,129,126,125,126,130,135,136,134,130,135,137,140,142,143,143,142,141,144,143,145,149,150,148,147,148,147,146,145,143,142,142,143,143,146,150,157,164,168,166,160,155,153,155,157,158,159,165,176,186,181,182,180,173,165,160,161,164,168,166,164,166,168,168,163,159,157,155,152,151,155,160,160,158,160,159,158,157,155,151,146,142,143,143,143,144,145,147,148,150,148,150,152,155,152,134,110,96,120,114,103,116,148,159,154,158,156,161,157,145,143,154,161,159,157,166,173,174,176,182,188,190,187,179,168,167,185,180,160,175,215,212,186,160,141,109,82,83,79,80,75,69,66,62,70,88,98,98,102,104,102,99,105,114,114,108,97,85,73,63,54,49,57,67,74,69,58,52,
170,155,140,137,142,147,149,149,149,155,155,155,157,152,147,150,151,147,142,139,145,154,157,155,144,144,149,149,145,151,156,151,151,146,142,141,143,143,141,137,140,142,138,130,131,138,138,131,132,123,117,120,120,108,104,113,105,95,90,95,94,77,75,94,101,113,123,124,124,127,128,124,135,131,129,133,139,141,137,132,115,109,105,104,98,91,91,96,99,93,94,101,98,89,90,100,101,96,101,115,120,119,125,136,145,148,156,163,165,164,164,165,172,168,166,167,167,163,160,159,160,160,159,159,159,160,160,161,161,163,152,148,154,142,127,130,122,116,110,112,120,129,137,141,147,142,140,144,148,148,146,144,145,145,144,143,141,139,137,136,135,133,131,132,135,138,139,140,143,144,145,149,154,162,170,176,171,170,169,169,168,166,162,160,156,154,152,149,144,138,131,127,132,135,138,139,138,137,135,135,139,138,134,130,131,135,136,133,134,131,129,130,135,139,141,142,143,145,146,145,143,142,136,130,120,117,116,119,126,131,132,131,132,134,137,140,141,141,141,140,140,138,139,143,145,143,142,143,141,140,139,139,139,140,141,142,144,148,155,163,169,168,163,157,150,153,159,164,167,168,172,177,177,179,177,169,158,153,157,162,162,161,161,163,164,163,159,155,154,151,149,149,153,157,158,157,159,157,155,151,147,143,141,140,141,141,141,142,144,146,147,148,150,155,157,157,152,130,108,105,117,106,105,130,155,158,154,159,158,159,153,141,140,150,156,155,162,171,179,179,181,185,187,185,168,163,167,178,201,197,168,165,204,219,214,194,167,122,83,72,63,63,61,67,78,79,80,88,94,91,92,98,102,103,106,111,103,102,97,88,81,74,67,61,58,60,61,60,57,57,
173,167,154,140,133,137,144,148,155,159,156,155,159,156,150,151,155,151,143,136,138,146,151,153,148,145,151,151,142,148,155,149,147,148,149,148,146,144,143,143,141,142,139,135,135,138,137,133,134,117,118,125,114,107,113,119,101,95,91,95,94,78,74,88,102,115,124,125,124,127,128,126,135,133,133,135,138,139,137,134,125,123,119,115,111,107,104,103,97,99,104,105,98,89,90,96,93,93,99,107,110,111,118,128,137,140,149,159,163,162,163,166,170,167,166,166,163,159,159,162,160,159,157,157,158,158,154,152,156,152,134,130,138,124,110,122,117,116,117,120,127,135,140,143,148,143,142,145,147,146,145,147,145,143,141,139,138,138,139,140,136,134,133,133,136,140,142,143,142,144,149,156,164,171,175,176,174,172,170,168,167,164,160,157,152,153,152,147,140,131,125,122,123,128,133,136,136,134,132,131,129,132,132,130,131,136,141,142,139,134,130,130,135,140,142,142,142,144,145,144,144,145,140,134,120,114,108,109,115,121,124,124,125,129,135,140,143,143,141,139,137,134,135,139,142,141,140,141,136,136,135,134,134,135,137,138,139,142,149,158,166,168,164,160,153,153,157,164,167,166,166,168,161,164,164,159,153,151,154,159,154,155,157,159,159,157,153,151,152,149,146,147,151,154,156,156,156,156,154,150,144,141,141,142,139,140,141,142,144,146,147,148,155,161,159,158,153,127,105,107,107,106,123,150,161,163,165,166,164,159,149,142,145,153,158,157,165,172,176,177,182,188,185,177,163,165,183,196,207,204,179,167,192,213,223,217,198,158,109,80,77,66,55,68,96,107,97,88,74,74,77,86,96,102,105,106,95,93,88,83,84,88,89,86,78,71,64,61,64,67,
177,177,164,137,117,117,127,136,143,147,144,145,153,155,151,152,156,153,143,133,130,137,145,150,150,146,152,152,140,146,155,148,143,149,155,153,146,140,140,142,137,140,142,143,142,140,135,131,133,111,117,127,110,105,119,123,99,96,93,95,92,76,68,78,104,116,125,124,123,127,129,128,134,135,137,137,137,136,136,136,133,132,127,123,122,122,117,111,101,109,113,107,97,94,97,100,102,110,113,109,104,106,112,116,123,127,137,149,155,155,156,160,166,165,165,164,158,153,156,164,160,157,155,155,156,154,149,144,136,129,110,111,127,116,109,130,119,123,129,134,139,144,146,146,150,147,147,148,147,143,144,149,144,141,137,133,133,135,139,141,141,139,137,137,139,142,144,145,150,153,159,168,176,180,179,177,171,168,165,163,161,158,154,150,150,152,152,146,136,127,121,119,119,124,131,136,137,135,133,132,128,134,136,133,131,136,142,146,143,137,131,131,136,141,143,143,142,144,145,144,146,147,144,138,123,115,105,101,105,110,113,113,121,126,135,143,147,146,142,139,141,138,138,143,146,146,145,145,136,135,133,131,131,131,131,132,134,137,143,153,162,166,163,160,154,149,148,153,157,157,159,162,154,155,154,152,148,146,146,147,148,151,154,156,155,152,150,148,152,148,145,146,150,153,155,156,155,157,156,152,146,142,144,146,141,141,143,144,146,148,149,150,155,160,156,155,150,122,98,101,105,115,147,171,172,175,182,178,177,166,154,151,158,166,169,167,167,170,170,171,179,186,180,167,171,177,202,208,205,204,188,177,195,210,224,227,220,194,146,104,85,75,62,67,90,101,95,89,63,63,62,62,67,78,92,101,99,90,77,72,82,97,103,101,97,83,68,63,67,70,
171,181,178,157,130,106,100,111,137,146,148,142,145,156,156,147,154,152,147,140,133,133,138,143,147,148,149,149,147,148,150,153,153,150,147,145,145,145,143,141,138,145,146,141,139,142,140,134,126,108,119,128,111,114,129,120,104,91,93,96,94,76,62,81,110,121,124,122,127,129,128,133,137,138,134,130,135,144,144,136,131,130,127,126,129,133,129,122,118,120,120,115,108,105,107,110,118,115,109,103,102,105,104,101,106,112,122,133,143,149,150,150,156,158,157,151,149,152,156,157,145,146,147,145,140,135,131,130,110,115,109,111,125,126,127,142,140,143,146,147,146,147,148,150,148,148,147,147,146,145,145,144,142,138,132,129,131,133,135,136,141,145,149,148,144,144,149,154,158,167,174,174,175,177,174,168,162,161,159,156,154,152,151,151,151,147,143,141,139,133,124,117,116,120,125,130,132,132,130,129,128,132,134,134,136,142,148,150,148,140,133,132,134,137,141,146,144,144,143,142,144,147,145,140,133,122,108,101,101,105,108,108,115,126,137,143,147,150,152,152,150,148,147,150,154,154,151,146,144,139,132,128,128,128,127,125,133,137,142,149,157,163,160,154,147,145,143,147,154,161,164,164,157,154,149,142,136,136,139,143,144,149,151,150,149,151,152,151,151,151,143,140,148,151,148,150,154,155,157,156,153,149,145,143,145,144,144,146,149,151,153,153,152,155,156,154,139,107,87,91,105,124,153,173,176,170,169,173,169,156,146,151,169,186,192,190,193,190,191,200,202,183,169,173,193,197,201,202,202,201,195,187,192,210,221,219,218,215,193,166,122,101,87,89,93,89,86,89,81,86,82,74,72,72,83,102,94,88,82,83,89,96,98,97,107,83,64,63,69,69,
160,174,179,175,162,134,105,91,106,129,150,154,150,150,150,149,154,151,144,133,122,118,123,128,140,143,146,148,148,149,150,152,148,146,144,146,148,149,147,144,136,143,145,140,137,138,137,132,120,109,122,127,111,119,130,114,106,92,93,95,95,80,67,85,111,121,122,121,127,131,131,135,136,137,135,132,137,145,145,139,135,135,133,132,136,139,135,128,127,128,129,127,124,121,118,117,123,120,113,107,105,106,104,99,99,104,111,121,129,136,139,141,145,148,148,144,143,145,146,145,127,127,126,122,117,115,116,117,113,121,121,126,137,136,137,151,148,150,152,152,150,150,151,153,146,146,145,145,145,145,145,145,140,136,132,131,133,135,136,136,139,142,146,146,146,150,156,161,165,170,173,173,171,170,166,161,158,155,152,153,155,155,152,149,148,148,147,144,140,133,126,122,120,120,122,126,129,129,125,121,126,130,134,137,142,150,154,154,149,141,135,134,136,137,141,145,143,143,142,140,141,145,145,141,134,123,108,97,95,98,102,105,109,120,132,138,142,145,147,146,154,154,154,154,153,150,147,144,139,135,129,124,121,119,117,115,125,130,137,144,152,158,158,153,148,143,139,141,148,153,154,153,152,151,148,143,138,134,133,134,138,143,146,145,144,145,147,146,148,149,142,139,145,147,145,148,152,153,152,151,148,145,142,141,140,140,140,141,144,147,148,147,146,149,150,145,127,95,77,82,99,118,142,153,152,148,147,149,155,149,145,151,166,180,188,190,198,205,210,208,195,177,178,198,209,213,215,215,214,211,202,192,198,211,215,211,214,221,215,199,187,149,108,93,94,95,91,88,97,105,101,96,94,81,78,95,96,94,90,87,84,81,78,77,84,71,61,61,65,65,
174,180,180,181,184,168,133,108,99,115,135,147,148,147,150,155,155,154,149,139,126,118,116,117,123,127,134,140,145,148,151,153,150,147,146,149,154,154,149,143,135,143,146,141,137,137,137,135,117,113,126,128,116,124,130,110,107,92,91,91,93,83,71,87,113,121,121,121,129,133,134,137,135,137,137,136,140,146,146,141,138,138,137,138,142,144,140,134,132,133,135,137,137,133,127,122,127,125,120,114,113,112,108,103,101,102,106,111,117,124,130,134,132,134,135,134,134,135,132,127,112,111,107,102,100,102,108,114,119,129,135,140,146,144,144,153,151,151,151,150,148,148,148,150,145,145,144,143,143,143,144,145,137,135,134,134,136,137,137,137,137,139,142,146,150,157,164,169,172,170,169,169,165,158,154,153,154,151,149,152,158,160,157,152,145,147,149,147,142,135,129,126,123,121,120,122,126,125,120,115,122,126,132,138,148,158,160,158,151,143,137,136,138,139,140,143,143,143,141,138,139,143,143,141,137,127,111,97,90,91,96,101,110,123,136,142,145,148,150,149,157,159,159,157,152,147,143,142,132,130,126,121,117,113,111,109,117,124,132,138,145,151,152,150,148,142,136,136,140,144,144,143,139,141,142,141,138,135,132,131,133,139,143,141,139,141,143,144,149,150,144,141,145,145,145,151,151,150,148,145,143,141,139,139,139,138,138,139,142,143,143,142,141,146,146,137,116,86,71,79,101,120,136,138,133,132,133,134,141,142,144,151,160,170,178,182,184,194,198,192,180,170,185,214,219,222,224,224,224,220,209,198,201,209,210,205,210,224,229,225,223,203,172,140,115,99,91,87,96,99,93,101,115,96,79,93,96,97,98,96,91,84,78,74,67,65,63,64,66,67,
189,190,181,176,184,184,166,151,122,111,111,128,147,153,152,153,153,155,156,153,144,132,121,114,111,116,124,133,141,148,153,156,160,157,156,158,160,157,148,140,138,145,149,145,141,141,142,141,124,117,126,132,123,124,125,111,105,90,86,84,89,85,74,88,113,122,122,123,132,135,133,135,135,138,139,138,140,144,144,141,137,137,137,140,143,144,141,137,137,138,140,142,142,138,132,128,131,131,127,124,123,123,118,112,107,106,105,104,107,113,120,125,121,122,122,122,123,123,119,112,104,103,101,98,98,104,114,123,130,136,142,145,147,144,142,144,149,148,147,146,145,145,146,146,146,145,143,142,141,141,142,142,136,136,137,138,138,139,138,137,136,139,143,150,157,164,169,172,173,166,162,162,158,149,146,148,148,146,147,152,158,161,159,155,146,147,148,147,143,136,130,126,123,122,121,122,124,124,121,118,121,124,130,139,152,162,163,158,152,144,138,138,140,139,139,140,143,144,143,140,140,142,141,138,138,131,118,104,93,89,92,96,115,128,142,149,151,154,156,156,154,155,155,154,150,146,143,141,130,129,127,123,120,117,115,114,117,124,131,135,139,144,146,145,143,139,135,133,133,135,138,140,136,137,137,136,135,132,130,129,131,137,141,140,138,141,144,145,146,148,143,140,143,142,142,150,151,148,144,140,139,138,138,138,141,141,141,141,143,142,141,139,136,143,142,131,109,82,72,83,109,127,137,131,125,129,133,132,134,137,143,149,155,160,165,167,169,172,169,168,171,173,186,206,214,218,221,223,225,223,214,204,201,209,212,209,212,222,226,224,218,230,231,208,171,135,106,89,91,86,77,98,127,112,89,100,104,102,102,105,107,103,94,86,64,64,65,65,66,69,
182,188,182,174,176,178,177,178,148,120,102,116,139,149,151,153,154,154,155,156,153,142,127,116,118,120,124,131,138,145,150,153,167,165,164,166,167,161,151,142,141,147,150,149,146,145,146,146,135,119,123,135,130,119,117,114,105,90,83,79,87,88,78,88,113,123,125,127,134,135,132,133,137,140,141,140,140,141,141,140,137,136,137,140,143,143,140,138,144,146,147,147,144,142,140,140,138,138,136,133,133,133,127,121,110,107,103,99,97,100,107,112,113,113,112,110,111,113,109,104,101,103,105,105,107,113,124,133,143,142,144,146,146,147,144,138,148,148,147,148,148,149,149,149,149,147,145,143,141,140,139,139,138,139,140,140,140,140,140,140,142,146,152,160,165,169,171,171,168,159,154,154,152,146,144,147,141,143,146,151,155,157,157,156,148,146,145,145,143,138,129,123,120,122,125,125,124,125,127,130,124,127,132,141,154,164,164,158,152,144,137,138,140,139,138,138,142,146,147,144,142,141,138,134,136,133,125,113,101,93,91,91,111,125,139,145,147,150,153,154,146,145,144,146,148,148,145,142,137,135,132,129,127,126,125,124,123,129,133,134,136,139,140,139,133,134,133,130,127,128,134,139,140,138,134,131,128,127,126,125,130,134,137,137,138,142,146,146,139,139,135,134,137,134,135,145,149,144,139,135,135,136,137,137,142,142,141,142,142,140,137,134,131,138,137,124,105,83,79,92,116,129,134,126,121,126,131,130,131,134,138,145,151,155,157,157,168,168,162,163,175,182,187,195,207,212,217,220,223,223,219,212,210,217,221,220,220,222,222,219,222,228,232,230,221,195,150,110,99,93,89,109,130,113,96,109,115,105,98,103,112,113,100,86,65,62,60,62,65,67,
180,187,184,173,167,164,172,187,172,142,114,106,110,122,144,165,160,158,156,155,153,145,134,125,128,127,128,130,134,137,139,140,161,162,165,168,169,165,157,151,146,148,150,150,149,147,146,145,142,121,120,136,133,117,111,114,108,92,83,78,89,93,83,90,112,124,128,128,132,133,131,134,139,141,143,141,139,138,140,141,141,139,139,142,144,143,142,143,148,148,148,146,144,144,145,148,147,147,144,141,140,139,134,127,116,114,109,103,98,98,103,107,109,110,110,108,109,111,111,108,111,116,121,122,123,128,137,145,152,146,148,150,148,152,151,141,145,145,146,148,150,152,151,151,150,149,148,145,143,140,138,137,140,141,141,141,141,142,144,146,151,156,164,169,171,170,169,169,162,155,150,149,149,148,148,149,145,147,150,153,155,157,158,159,149,146,143,142,142,138,130,123,120,124,127,127,126,128,133,139,131,133,136,143,155,164,164,160,151,142,135,135,138,138,137,136,140,145,148,146,143,141,136,132,133,132,129,122,110,99,92,89,102,116,130,136,137,140,144,147,141,138,136,139,145,148,146,144,145,140,134,131,131,132,131,130,130,133,134,134,135,137,137,134,125,127,128,126,123,124,129,134,132,130,127,126,126,128,129,129,125,127,129,130,135,142,144,143,137,134,129,131,136,133,133,143,145,140,134,131,132,134,135,135,139,139,139,140,140,138,134,131,131,138,136,124,108,93,94,109,125,131,132,127,124,127,129,127,129,130,134,140,148,154,156,156,157,162,161,163,174,182,186,193,203,209,215,216,219,222,224,222,225,226,226,225,225,226,225,223,225,217,208,209,216,212,185,157,110,104,107,117,114,96,94,111,112,98,87,91,103,107,94,80,69,62,62,71,78,77,
186,189,185,178,168,155,157,173,179,163,139,113,92,92,121,153,161,162,162,160,154,147,139,134,130,130,130,133,136,138,138,137,147,151,159,164,167,165,162,159,153,152,151,152,152,149,145,143,143,127,124,137,137,122,113,114,109,94,84,78,90,97,86,90,111,124,128,126,129,130,132,139,140,142,144,142,139,138,141,146,147,143,142,145,146,145,145,148,147,145,143,142,144,147,149,150,150,150,148,145,144,144,139,133,127,126,123,117,110,108,110,113,114,118,121,120,121,125,126,125,130,136,141,141,139,141,147,153,155,149,153,154,148,153,156,144,141,142,144,148,151,152,151,149,150,150,149,148,145,142,139,137,141,141,141,141,142,145,150,154,157,163,169,171,169,165,164,165,159,156,150,147,148,152,152,149,151,150,150,152,155,157,157,156,147,145,143,142,140,137,132,128,123,125,127,127,127,130,136,140,135,137,139,143,152,161,164,161,150,140,132,133,136,137,136,135,138,143,147,144,141,140,137,133,133,134,133,129,120,109,98,92,94,108,121,125,126,130,136,140,141,139,137,138,141,144,146,146,146,137,128,125,129,133,134,133,132,133,132,132,134,138,136,132,124,123,123,122,122,123,124,125,121,121,122,125,128,130,129,128,120,119,119,122,131,140,142,138,136,132,126,129,137,135,134,143,143,137,131,129,132,135,136,136,137,138,140,142,142,140,137,133,134,140,137,125,113,103,107,122,133,132,132,132,133,134,132,130,129,130,133,138,146,153,158,161,149,157,158,158,168,177,182,187,193,201,208,209,210,217,225,229,232,227,223,222,223,224,224,224,218,213,205,196,191,188,187,185,139,116,109,108,94,86,98,108,106,96,86,86,92,94,86,77,70,65,74,95,105,99,
182,185,187,189,179,153,137,142,168,170,163,137,100,80,94,117,153,160,166,165,157,147,140,137,129,130,134,140,146,150,150,148,136,143,153,160,163,163,163,163,160,156,153,154,154,151,145,141,142,133,130,138,141,130,118,113,110,95,84,77,90,99,87,89,111,124,127,124,125,128,134,144,141,143,144,143,140,139,144,149,150,145,144,146,147,145,146,150,149,144,141,142,149,154,154,153,149,149,147,145,146,148,144,139,133,134,132,127,120,116,117,119,121,128,134,136,137,141,143,143,143,148,153,151,146,145,150,155,155,151,157,156,146,150,154,142,142,143,146,150,154,155,152,150,149,149,150,150,148,144,141,139,140,141,141,140,142,147,154,160,159,165,170,169,164,159,159,161,159,158,153,146,149,155,155,149,150,146,143,145,150,153,151,148,144,145,145,143,139,136,134,134,127,126,125,126,128,132,135,137,136,137,138,141,149,158,162,161,150,139,130,131,135,136,135,134,136,141,144,142,139,139,138,136,135,136,137,134,127,116,104,97,87,100,113,117,117,122,129,133,143,142,141,139,139,140,144,147,140,130,119,118,125,133,136,135,131,131,129,130,134,138,136,131,128,124,120,121,124,125,122,118,122,123,126,129,129,126,120,114,117,115,113,118,129,140,140,135,133,127,121,125,135,133,131,140,143,138,132,131,134,137,138,138,139,140,142,145,147,146,143,140,133,138,134,122,113,105,110,126,134,130,130,136,140,139,136,135,130,132,135,138,143,150,158,163,162,165,159,156,167,177,177,177,181,190,198,199,201,210,223,232,229,221,216,216,219,219,218,218,216,216,213,203,187,176,175,180,182,136,109,99,85,91,107,106,110,104,97,91,87,83,78,74,67,65,83,113,126,116,
167,176,182,193,197,170,139,135,152,157,170,155,121,89,73,86,127,158,159,167,167,146,143,142,135,135,135,138,145,151,153,152,152,154,155,154,152,153,158,163,162,158,157,157,153,145,139,138,139,137,133,133,136,135,126,115,115,102,83,79,89,92,89,91,113,121,122,122,129,134,136,141,145,144,143,143,144,146,148,149,146,148,150,148,145,144,147,150,145,147,146,143,145,152,156,155,151,149,146,147,149,149,148,146,139,139,137,133,128,127,128,130,138,141,146,148,146,145,152,161,151,150,151,153,152,149,151,157,155,151,157,156,146,151,157,146,143,139,143,154,159,155,152,154,151,151,151,149,146,143,140,139,140,144,147,146,145,149,157,165,164,162,165,165,158,157,159,156,151,157,160,158,154,153,152,150,149,145,141,139,140,143,145,146,144,144,143,142,143,145,147,148,133,130,129,129,128,126,128,133,136,136,133,133,141,152,156,154,151,139,129,131,135,136,133,132,135,139,143,144,141,139,138,138,138,135,134,134,131,123,108,97,89,94,103,114,123,129,131,131,129,133,138,141,142,144,147,149,143,135,125,123,128,134,135,132,128,128,126,127,132,138,138,133,128,125,122,121,122,123,122,120,116,123,126,123,121,123,124,122,111,117,120,120,127,134,132,123,122,121,123,127,128,128,132,137,142,135,132,137,142,141,140,140,142,142,143,147,151,150,142,135,136,135,135,127,113,105,116,134,135,133,136,140,140,144,145,138,130,132,132,131,131,135,140,143,146,156,168,175,175,172,170,171,193,190,188,188,191,199,213,225,223,221,216,210,208,210,214,216,215,217,210,206,200,171,144,143,161,159,128,101,101,96,91,104,117,112,106,103,100,93,81,72,68,77,91,103,108,108,
145,170,186,191,198,195,173,152,139,135,151,158,144,109,69,58,100,139,157,169,171,162,159,144,144,141,137,133,134,139,147,151,157,161,165,167,165,162,159,157,157,156,157,158,154,144,138,137,140,139,135,133,134,133,126,116,116,101,81,77,90,95,92,93,115,123,124,124,131,135,136,140,145,144,143,143,144,145,147,148,148,150,151,149,145,144,146,149,145,148,147,145,147,153,156,155,154,151,148,147,148,149,147,144,141,142,141,139,137,137,138,140,142,145,148,149,149,152,156,160,151,152,154,156,153,150,153,159,154,152,159,158,147,150,154,145,146,141,143,152,156,153,151,154,150,149,149,148,148,146,143,141,143,143,144,146,150,155,161,164,168,162,163,164,158,158,159,153,152,156,159,157,155,155,153,150,152,149,146,145,144,144,143,142,144,144,143,143,144,144,146,146,134,131,129,131,131,129,130,132,138,139,137,136,141,149,153,152,151,140,132,132,136,138,137,138,135,138,142,144,144,141,139,138,133,133,134,133,129,120,109,101,89,92,100,110,120,127,129,130,129,130,133,136,139,141,141,140,133,127,122,124,131,136,133,128,129,127,123,122,127,133,134,131,116,117,118,121,124,123,120,116,117,121,124,123,123,126,127,125,115,116,121,130,136,136,132,129,120,119,121,125,127,127,130,135,141,136,135,140,145,145,144,144,150,149,148,146,143,137,130,126,122,130,136,130,115,109,119,134,145,141,144,145,142,144,142,132,134,135,136,137,137,136,134,132,131,137,144,149,152,155,160,164,170,172,177,182,186,194,209,222,223,221,216,211,207,207,208,209,213,215,216,217,212,186,154,138,136,146,138,124,118,109,105,116,121,115,107,102,97,89,79,71,71,78,86,92,93,90,
116,136,162,177,188,198,188,163,132,113,121,145,160,140,85,52,61,104,142,161,160,157,155,133,123,122,118,113,109,110,116,121,139,145,155,164,168,166,160,155,154,153,155,156,154,147,142,140,142,141,138,134,133,131,126,119,117,100,78,76,92,98,94,95,116,126,127,128,134,138,137,141,146,145,144,143,143,144,145,146,149,150,151,148,145,144,145,147,146,148,148,148,150,154,156,155,156,153,149,147,148,148,146,143,145,146,146,146,145,145,146,147,147,151,152,150,152,159,161,158,153,154,157,158,156,153,155,160,152,153,160,159,149,148,149,144,150,144,143,149,153,151,150,152,149,148,147,148,149,149,146,143,145,142,141,146,154,161,164,163,168,160,160,161,158,159,159,153,154,156,157,155,156,157,155,150,151,151,150,150,149,147,143,140,143,143,143,144,144,144,143,143,134,131,130,133,136,134,132,132,139,142,142,141,141,145,148,148,150,142,136,135,137,139,142,144,140,141,143,146,146,143,138,134,127,130,132,132,128,120,112,107,91,92,96,105,116,125,129,130,130,128,128,130,134,135,133,130,127,119,114,118,126,131,130,127,129,126,121,118,123,130,132,130,115,115,117,119,121,121,118,116,117,119,120,120,123,126,125,123,119,115,119,131,134,125,118,118,117,116,118,122,123,124,128,133,135,136,140,145,148,146,144,143,151,148,141,133,125,120,119,120,127,135,135,121,107,111,131,149,152,150,154,154,152,155,153,142,140,142,144,146,144,138,130,125,133,135,138,142,146,152,159,164,162,166,171,175,176,180,195,210,219,218,215,212,206,201,198,198,203,204,213,221,219,207,181,152,122,127,130,126,119,113,114,120,122,119,114,106,97,85,75,69,78,81,85,87,87,85,
102,94,120,162,182,191,194,187,153,120,104,114,147,158,117,79,54,78,122,158,160,158,158,143,116,116,115,114,110,105,103,105,118,123,135,150,165,173,173,171,158,154,151,152,153,152,149,147,142,142,139,134,131,130,127,122,116,97,76,78,97,101,94,93,117,127,129,130,137,140,139,142,146,146,144,143,143,143,143,143,147,148,148,146,144,143,144,146,145,147,149,150,152,154,155,155,156,153,149,147,148,148,146,143,145,146,147,147,147,147,146,146,150,157,157,151,152,160,161,155,154,154,155,157,158,157,157,157,149,153,159,158,151,146,146,144,151,146,145,149,152,150,148,149,150,148,147,149,151,151,148,144,144,142,142,148,156,163,164,163,161,156,158,159,155,157,160,155,155,156,155,154,157,159,156,151,148,148,148,150,151,150,147,144,141,142,143,143,143,141,139,138,135,131,131,136,140,138,134,132,137,141,144,143,140,140,143,145,148,144,139,136,136,139,142,145,146,145,145,146,145,141,133,127,125,127,129,130,129,123,116,111,96,94,94,102,114,124,129,130,130,128,127,128,129,129,128,126,130,118,107,106,113,119,124,126,127,125,121,120,125,131,132,129,125,122,117,113,112,114,116,118,116,116,115,116,119,120,118,115,115,113,116,122,123,116,110,108,114,113,114,118,119,120,124,130,128,133,140,143,142,137,135,134,138,132,122,113,108,110,116,122,133,138,131,111,99,110,133,150,152,153,160,165,167,175,177,166,147,148,151,153,151,148,148,150,153,155,158,160,162,164,167,169,177,177,177,173,165,163,177,194,205,204,204,203,197,192,190,192,193,193,206,214,214,218,206,177,149,132,121,117,110,111,117,118,119,123,122,113,96,80,72,70,90,91,91,91,91,91,
95,69,85,136,167,182,196,202,185,149,110,88,115,154,144,120,78,61,88,137,162,166,162,157,137,129,121,118,114,108,105,106,105,105,110,123,142,158,168,171,165,159,152,148,151,154,152,149,142,142,138,133,131,130,127,122,111,93,75,81,101,103,92,89,116,126,129,130,137,141,140,143,146,146,145,144,143,142,142,142,143,143,144,143,142,143,144,145,145,146,148,151,152,153,154,155,154,151,148,147,148,148,145,143,142,143,143,145,146,146,146,146,149,158,159,152,149,155,157,152,155,153,150,152,157,159,156,152,148,153,155,155,152,146,144,147,149,147,147,151,153,151,148,146,152,151,150,150,151,151,147,145,144,146,148,153,158,161,163,163,156,155,159,159,151,151,156,155,157,157,155,154,156,159,157,153,147,146,146,147,148,149,147,146,139,140,141,141,140,138,135,134,135,131,132,137,141,139,135,132,133,137,141,142,138,136,139,143,144,144,141,138,137,138,140,141,146,145,144,144,143,138,130,124,126,125,125,128,131,128,121,114,100,95,92,98,111,122,128,129,129,129,128,126,124,123,125,127,133,119,106,101,103,106,112,118,121,121,120,122,127,133,132,127,125,121,113,106,103,105,109,113,111,110,111,114,117,117,115,112,108,113,115,114,117,121,119,114,112,110,111,114,115,116,121,126,129,132,133,127,119,117,120,124,119,114,108,105,108,114,120,124,127,130,123,107,98,105,120,129,148,152,161,167,173,186,190,180,160,157,154,151,149,154,168,182,171,173,175,176,175,174,175,176,184,182,181,175,163,156,168,186,191,188,183,177,167,161,165,174,183,188,203,208,206,216,216,196,189,163,141,129,114,108,111,114,117,122,121,106,84,72,73,80,102,100,98,96,95,95,
111,89,87,113,147,176,193,197,190,167,129,86,93,137,155,157,124,79,73,107,149,168,160,157,159,142,125,114,107,101,100,104,111,105,101,105,118,134,147,153,164,162,156,150,149,150,150,148,144,142,137,133,131,131,126,120,105,87,73,83,102,102,91,89,117,126,128,128,135,139,139,142,145,145,144,143,143,142,141,141,141,141,141,141,141,142,143,144,144,144,146,149,151,151,152,154,151,149,148,148,149,148,144,140,139,138,139,142,145,148,149,149,146,153,156,151,148,150,151,149,154,151,147,147,153,157,155,149,151,154,151,149,152,146,142,149,149,147,148,151,154,153,150,147,152,153,153,153,151,149,147,146,147,150,155,158,159,159,160,162,153,154,161,160,150,148,153,153,158,159,157,155,155,158,157,154,150,148,146,145,145,145,144,143,140,140,141,140,139,136,133,132,134,132,133,138,140,137,133,132,131,133,137,139,137,134,136,141,141,143,143,141,141,142,140,137,141,141,141,140,139,135,130,126,127,124,123,127,131,130,123,116,103,95,90,94,108,120,125,124,126,127,125,121,118,119,124,129,131,121,111,107,102,98,101,107,114,116,118,121,128,132,129,122,112,110,107,103,100,99,100,102,104,105,109,115,119,118,116,116,112,118,118,111,111,118,119,113,111,109,109,111,112,113,117,123,133,133,124,106,92,93,105,115,107,106,105,108,114,119,123,124,132,127,115,99,92,99,114,125,145,149,157,160,166,180,185,174,173,165,157,151,145,145,158,173,173,177,181,181,178,178,182,185,175,173,174,173,164,158,171,189,195,188,176,156,130,112,115,126,156,173,194,203,204,212,217,210,200,184,167,150,126,100,93,101,117,117,108,88,68,64,77,92,103,101,99,99,101,103,
136,122,103,106,137,170,187,195,184,177,155,108,89,114,145,171,164,131,104,93,126,165,165,168,171,157,144,134,121,107,101,103,122,116,108,106,112,123,134,141,146,155,160,156,149,146,147,148,147,143,137,132,132,130,123,114,98,82,69,81,101,101,92,93,118,127,127,126,132,135,135,139,144,144,144,143,143,142,141,140,142,141,140,140,141,142,142,142,144,142,143,147,149,149,150,154,150,149,148,149,149,146,140,136,139,138,138,140,144,148,149,149,145,146,147,148,149,149,149,148,150,151,148,145,147,152,153,151,156,156,147,144,151,146,140,149,149,148,148,150,153,154,153,150,151,154,156,154,151,148,148,149,149,152,156,158,157,156,155,155,151,151,158,160,153,152,156,154,158,160,159,155,154,156,157,156,151,149,147,146,145,143,141,139,142,142,141,140,138,135,133,132,133,132,134,138,138,134,132,132,132,132,134,137,136,133,134,139,139,142,145,146,147,148,143,136,137,138,138,137,133,130,127,126,125,124,124,127,129,128,122,118,107,97,90,94,107,119,123,122,123,120,116,112,112,116,122,126,129,123,117,113,104,94,96,104,112,114,117,120,126,129,126,119,105,106,106,104,100,97,96,96,99,102,109,118,120,117,116,118,120,120,117,112,108,107,106,105,111,109,108,110,110,110,114,120,131,131,120,97,78,78,92,104,105,105,104,105,107,113,121,126,134,124,109,95,88,95,115,134,141,144,150,151,155,170,175,164,164,162,165,170,164,151,143,144,160,170,181,185,183,181,183,187,174,167,164,163,157,157,175,197,207,205,196,172,132,96,85,91,128,155,179,192,201,206,210,216,198,190,172,157,138,102,82,93,114,107,93,75,62,65,81,96,101,100,100,103,107,111,
128,115,90,89,120,148,168,189,189,188,177,131,91,93,123,165,160,157,128,78,94,149,165,178,163,160,159,156,139,114,97,94,109,104,98,96,99,108,117,122,126,146,162,161,150,145,147,150,149,144,137,132,132,130,120,109,95,78,66,78,99,100,93,97,120,128,127,124,129,132,132,136,143,143,143,143,143,142,141,140,144,143,141,141,141,142,141,141,143,141,141,146,148,147,149,153,150,149,149,150,149,145,138,132,142,140,138,139,142,145,147,147,144,140,140,146,150,150,148,148,147,151,151,145,143,148,153,154,160,158,145,141,150,145,139,148,151,149,147,148,151,155,155,154,149,153,157,156,151,148,149,152,149,151,153,155,155,153,150,148,147,147,154,160,157,159,162,158,158,161,161,156,153,154,156,157,149,148,147,147,146,144,141,138,144,144,142,141,138,136,134,132,133,133,135,138,136,132,130,132,134,132,133,136,136,133,134,137,138,142,147,149,153,154,146,137,136,138,138,135,129,125,124,124,122,124,126,127,126,124,121,119,110,100,91,95,108,120,123,121,121,115,107,105,108,114,120,123,130,125,120,115,103,93,96,108,114,115,117,119,125,128,124,118,110,110,109,105,100,97,97,98,98,102,110,119,119,114,113,115,120,114,112,115,111,103,102,108,112,109,108,109,109,109,113,118,125,129,121,98,77,73,83,93,107,105,100,95,94,103,118,130,118,113,107,101,93,93,110,130,136,140,146,146,151,167,173,162,142,151,173,196,199,177,149,133,144,160,180,189,187,181,179,181,184,171,158,152,147,151,175,202,212,219,224,207,163,116,94,94,120,149,170,182,194,194,196,211,207,195,168,156,151,117,89,98,109,100,86,72,66,72,84,94,105,103,102,104,106,108,
140,118,88,62,84,128,151,169,182,183,180,149,116,87,95,164,179,163,141,98,70,107,166,184,177,177,161,151,153,133,98,83,82,78,81,88,91,93,103,115,130,131,141,152,153,144,140,143,149,151,142,142,134,120,118,111,89,81,76,79,101,107,91,98,125,125,123,123,127,133,135,134,141,145,148,147,142,138,137,139,146,145,141,138,140,144,143,140,140,142,144,146,146,146,148,149,146,145,144,144,143,141,138,136,136,135,135,137,140,143,144,145,141,143,142,146,153,149,143,147,150,148,147,148,146,143,147,153,156,150,146,146,147,146,145,147,153,151,149,149,151,154,156,157,158,157,155,155,155,155,153,152,157,154,154,157,157,152,146,144,148,148,148,149,152,156,162,166,164,159,154,156,160,161,157,151,149,149,150,151,151,148,143,140,144,145,146,143,139,135,134,135,129,141,143,138,137,135,132,134,135,135,135,134,133,132,132,132,137,139,144,150,153,151,144,138,136,138,139,136,130,125,121,119,126,125,124,125,125,125,123,121,114,108,102,103,110,118,122,122,114,105,99,100,106,111,116,120,127,129,127,118,107,100,98,98,110,115,119,121,123,126,125,122,121,112,105,103,98,94,98,107,109,103,106,118,122,115,113,118,113,111,110,111,113,113,110,107,109,105,105,108,109,109,113,119,126,116,102,92,83,79,81,85,99,102,97,90,95,112,119,116,107,98,97,103,100,95,112,137,144,151,152,149,151,158,158,152,137,160,177,197,218,202,158,130,129,152,173,188,199,196,185,181,189,173,153,140,130,125,150,191,212,215,219,216,192,151,116,98,112,135,161,186,201,197,190,192,198,178,165,164,154,127,102,92,99,95,82,67,67,82,96,100,100,98,96,96,98,100,
169,126,84,64,78,103,124,157,162,168,178,165,140,101,89,137,180,175,160,116,72,83,133,166,180,181,168,157,153,133,107,100,75,70,75,94,114,126,136,145,140,137,141,150,153,145,137,136,146,152,147,147,137,120,113,103,90,80,74,77,100,106,90,98,121,123,123,123,126,132,136,136,141,143,145,145,143,140,137,136,141,142,143,141,142,145,143,140,142,144,146,147,146,146,147,147,145,144,144,142,140,138,136,136,135,134,133,134,137,139,140,140,140,141,140,144,152,148,142,144,147,146,147,148,147,144,145,149,153,148,145,146,147,145,145,146,150,150,151,152,154,155,156,157,158,157,156,155,156,156,154,153,157,155,156,158,156,151,149,150,147,148,148,148,149,152,158,163,155,152,150,154,160,162,157,152,149,149,149,149,149,147,145,143,144,145,146,144,140,136,135,135,139,148,147,140,139,136,132,135,135,136,137,137,136,134,132,132,135,137,142,148,152,150,144,138,138,140,140,137,132,127,124,123,124,123,122,123,123,123,122,120,117,112,106,106,109,114,117,118,109,101,95,98,105,111,117,121,129,132,132,123,109,99,96,97,108,114,121,124,127,129,126,122,117,114,110,107,102,95,90,89,110,110,115,121,119,112,112,117,120,116,112,110,110,110,108,107,106,105,106,109,111,112,118,126,131,119,104,93,86,80,79,81,94,99,97,93,99,114,120,116,107,95,93,101,101,98,112,134,146,149,146,138,139,147,147,140,130,160,181,193,202,184,150,134,130,144,160,180,197,195,184,181,177,170,161,151,134,115,123,153,194,208,220,216,198,167,128,98,105,125,153,181,199,197,192,195,194,180,170,170,166,146,119,101,100,94,80,68,71,85,94,94,90,93,96,99,101,101,
186,128,83,69,77,84,101,145,162,169,179,175,159,124,104,129,170,177,172,138,89,69,93,126,176,188,190,183,173,151,128,119,106,98,99,118,138,147,146,145,141,136,137,146,151,147,140,138,135,145,145,149,142,125,116,101,90,76,69,74,99,104,88,96,116,121,124,124,125,131,136,138,140,140,141,143,143,141,137,133,136,141,144,144,144,144,143,140,143,145,147,148,147,146,146,146,145,146,145,142,137,134,135,136,134,132,131,132,134,136,137,137,138,139,138,142,151,147,140,142,144,144,146,148,147,144,144,146,148,145,144,146,147,145,144,146,145,149,154,157,157,156,157,158,159,158,156,156,157,157,156,155,155,154,155,155,151,148,150,155,147,149,150,148,147,149,155,161,154,152,151,155,160,161,156,150,147,147,147,147,146,145,146,147,145,146,146,144,141,138,136,136,149,156,152,144,142,138,133,136,134,136,139,141,140,138,134,132,132,134,139,145,149,148,143,138,139,139,139,136,132,127,124,123,123,122,121,121,122,123,122,121,121,118,113,109,107,108,110,111,104,97,93,97,106,113,119,124,131,135,136,128,112,98,93,94,103,111,120,125,129,131,127,122,113,113,114,111,105,95,85,78,107,114,120,120,114,111,113,117,124,119,113,108,106,106,107,107,108,109,112,114,115,117,125,133,135,120,103,94,90,87,84,83,85,91,93,92,99,112,115,109,100,91,93,107,110,105,114,131,145,149,145,135,134,141,139,130,137,167,183,186,186,167,138,126,144,148,153,168,187,187,175,171,162,163,164,163,147,121,119,140,178,202,219,217,208,192,156,120,108,119,145,177,195,196,193,195,186,181,174,174,179,174,150,124,100,91,78,73,83,98,101,96,86,91,97,103,106,106,
195,146,105,86,84,83,91,127,154,172,181,174,162,141,119,118,140,159,167,153,124,95,88,100,157,180,194,188,177,164,144,126,124,118,118,130,143,146,141,136,128,128,133,140,144,143,143,146,135,143,141,147,144,129,118,98,83,69,64,74,101,103,85,93,114,121,126,125,124,128,134,138,136,138,140,141,141,139,136,133,135,141,145,144,142,142,142,141,143,145,148,148,147,146,146,146,146,148,147,142,135,131,132,135,133,131,129,130,132,135,136,137,137,138,136,140,149,146,140,142,143,143,144,145,145,144,144,145,144,142,143,147,148,145,144,146,141,148,156,160,159,157,157,158,159,158,157,157,158,158,157,156,153,150,148,148,146,145,149,155,148,150,151,149,147,149,156,162,166,162,158,158,159,157,152,147,142,144,145,145,144,145,146,148,145,146,146,145,143,140,138,136,153,158,153,148,147,141,134,136,133,135,140,144,145,143,138,135,131,132,136,142,147,147,142,138,137,137,135,132,128,124,121,119,122,121,120,121,122,123,123,122,124,122,118,111,104,101,102,104,101,95,93,100,110,118,124,128,130,135,138,132,115,98,91,92,98,106,116,122,127,129,127,122,114,112,115,117,108,91,82,82,101,112,119,115,111,113,116,116,121,118,113,108,105,105,107,109,113,116,119,120,119,122,129,136,132,116,99,94,96,98,97,97,85,89,90,91,99,110,111,104,89,86,98,118,122,114,118,133,140,149,149,138,134,139,138,130,140,165,173,173,177,163,135,121,151,158,155,156,170,178,171,164,147,147,148,150,143,123,120,137,168,192,211,214,214,209,187,160,134,132,149,177,194,196,191,186,180,182,177,173,180,185,165,138,103,93,80,80,93,105,102,91,90,91,96,102,108,111,
211,184,147,105,86,82,80,96,122,161,180,171,160,148,121,88,106,133,155,160,151,130,109,102,136,163,182,179,175,176,161,134,126,122,119,121,123,124,127,129,131,137,144,145,139,135,140,148,151,153,143,145,144,131,116,92,75,62,61,77,103,102,82,92,115,123,129,127,124,127,132,135,132,136,139,140,137,134,135,136,139,144,145,142,139,140,141,141,141,144,147,148,148,147,147,147,146,147,145,140,132,128,129,132,130,128,127,127,130,133,134,135,135,137,135,138,145,143,139,143,144,144,142,141,142,144,145,145,141,141,143,147,147,145,144,147,139,147,155,160,159,157,157,159,159,158,157,157,158,158,157,155,153,147,142,143,145,146,149,152,149,151,152,151,150,153,160,165,177,171,163,158,156,153,149,145,138,140,143,145,146,146,146,146,145,146,146,146,145,143,140,137,150,153,151,150,151,144,135,136,132,135,139,144,148,147,143,139,132,133,136,141,145,145,141,137,136,135,133,131,128,124,119,117,120,119,118,119,121,122,123,122,127,125,120,111,101,96,96,98,99,95,95,104,115,122,127,130,128,132,137,133,117,98,90,90,97,104,112,117,123,128,128,125,122,117,123,132,118,90,79,87,105,113,116,112,112,116,117,113,119,118,116,111,107,105,106,108,112,117,120,121,122,125,131,135,129,112,96,94,102,108,110,110,91,90,89,92,103,115,114,106,82,83,100,121,124,116,122,139,140,153,153,138,130,138,143,139,144,168,174,170,171,158,131,117,140,159,159,147,154,171,175,170,161,154,148,150,149,134,128,138,161,178,198,212,217,214,203,192,175,162,168,187,196,197,188,170,168,174,173,169,173,174,154,127,109,99,88,88,96,101,92,80,88,86,86,94,105,113,
216,208,178,121,86,76,66,73,112,160,180,170,160,155,132,85,91,114,143,157,152,137,118,102,99,125,159,176,179,180,161,129,126,124,120,116,116,122,134,144,157,163,166,160,146,138,140,146,155,157,145,146,146,135,120,94,71,59,62,81,106,100,80,93,117,125,130,128,126,127,130,132,130,134,137,137,133,132,134,138,143,144,143,139,137,140,142,141,139,142,146,148,148,147,146,146,142,142,141,137,132,128,128,129,128,126,124,123,126,128,130,131,132,135,134,135,140,137,137,145,143,142,140,137,139,143,145,143,139,139,141,145,145,143,143,146,141,146,152,155,156,156,157,158,159,158,156,156,156,156,154,153,153,146,142,143,146,148,149,152,150,150,150,151,153,157,162,166,175,168,160,154,152,150,148,146,139,140,141,144,147,148,147,145,146,146,146,147,147,145,141,138,145,147,146,149,153,147,137,137,134,135,138,144,148,149,146,143,135,135,137,141,144,144,140,136,136,135,135,134,132,129,124,120,118,117,116,117,119,122,123,123,130,127,119,109,100,95,94,96,99,96,98,109,119,125,128,129,128,130,134,133,119,99,89,88,97,104,110,115,121,127,129,127,129,126,136,148,134,102,86,91,116,118,117,114,114,117,114,107,117,119,118,113,107,103,103,106,107,112,116,119,123,128,132,132,126,110,96,97,106,113,115,115,94,88,84,90,105,117,114,104,83,83,97,116,117,110,119,139,148,158,154,135,129,142,153,153,168,195,199,181,167,142,111,97,123,153,160,144,143,158,170,173,179,171,165,170,173,159,146,148,160,169,188,210,219,212,202,197,196,183,187,197,199,201,189,161,142,148,154,159,164,158,136,114,107,102,96,96,100,99,91,82,78,77,79,89,102,112,
212,212,198,149,103,75,59,71,123,164,178,174,165,163,151,104,87,92,123,152,152,139,120,99,67,82,124,164,172,165,149,128,127,129,132,136,144,156,167,174,171,172,170,162,153,145,141,141,145,153,147,148,146,135,121,96,73,61,65,85,107,98,79,96,118,125,130,129,128,129,131,131,131,132,133,132,131,132,135,137,143,143,141,138,138,142,143,141,140,143,146,148,147,145,144,143,138,138,138,137,135,134,132,132,130,128,124,123,124,126,127,128,129,133,132,131,133,131,134,146,138,139,137,135,137,142,142,139,137,137,139,142,141,139,141,145,144,145,147,149,152,154,157,158,159,157,155,155,154,154,152,150,150,146,144,146,147,147,149,152,151,149,147,148,152,158,161,163,166,161,155,151,150,150,149,147,144,142,140,143,149,152,150,147,146,146,147,148,149,147,142,139,143,143,141,145,153,147,139,140,138,138,138,142,147,149,147,145,139,138,139,141,144,143,139,135,134,135,136,138,139,136,130,126,120,118,117,118,121,124,125,126,133,128,119,109,101,97,96,97,101,100,104,115,125,129,129,129,132,130,133,133,121,101,88,86,95,101,108,113,119,125,127,126,129,132,142,150,145,128,114,109,122,121,118,116,115,113,108,104,111,113,114,109,102,98,100,104,106,111,115,119,125,131,131,127,119,107,98,101,111,116,115,113,99,89,82,89,106,116,108,94,86,85,97,115,116,107,111,127,141,150,146,130,130,147,158,154,169,194,196,178,164,137,100,79,102,134,151,146,140,145,159,175,178,175,175,184,190,173,155,153,164,165,176,195,205,199,186,177,180,177,191,200,198,206,198,165,130,125,129,144,153,142,122,107,103,103,102,101,97,91,85,82,72,77,85,96,105,110,
216,218,216,181,129,81,58,77,124,158,174,181,175,167,155,109,82,69,101,152,166,155,134,105,81,75,109,156,167,160,161,161,152,155,159,166,172,175,171,167,162,158,153,150,150,147,140,133,140,153,151,151,144,128,112,87,77,65,69,87,107,97,79,99,119,125,129,129,129,131,132,131,133,131,129,129,131,133,135,136,141,141,139,137,140,144,144,140,141,143,147,148,146,144,142,141,138,137,138,139,140,140,138,136,134,131,127,124,124,125,126,126,126,132,131,129,128,126,132,147,134,136,136,135,137,141,140,134,135,135,137,139,139,137,139,143,147,145,144,145,149,153,156,158,158,157,155,154,153,152,150,148,146,146,147,148,146,144,147,152,151,148,144,146,151,157,159,159,159,156,153,151,150,150,149,147,150,144,140,142,149,154,153,150,146,146,147,148,149,147,143,139,143,141,138,143,151,147,140,142,142,140,139,141,146,148,147,144,141,140,140,142,144,143,139,135,132,134,136,140,142,140,135,130,123,121,120,121,124,127,129,130,135,128,118,108,102,99,98,99,104,104,109,121,131,133,131,130,135,131,132,133,122,102,87,84,91,98,106,111,117,123,124,122,125,133,140,143,148,152,143,130,122,119,117,116,113,108,105,104,102,105,106,102,96,94,99,104,110,114,118,121,128,133,130,123,112,103,98,104,114,117,115,112,108,95,86,93,110,117,104,86,87,86,99,120,122,107,103,112,122,133,132,124,130,149,154,144,132,154,158,155,162,149,111,83,80,110,137,146,144,141,157,184,187,188,191,201,204,186,165,161,165,161,161,172,183,183,168,153,152,160,186,198,196,209,207,174,141,123,118,133,141,128,109,100,104,106,106,100,87,74,67,65,72,83,98,108,111,110,
219,220,224,205,147,91,71,72,117,146,163,183,184,173,159,116,82,86,99,123,146,150,135,118,96,106,129,153,164,162,166,174,161,169,169,160,158,167,172,170,160,157,153,149,145,139,131,124,130,142,149,137,150,140,122,97,86,65,66,89,100,96,92,91,113,126,128,124,126,128,128,130,131,129,127,126,129,131,133,134,134,138,140,140,141,142,141,138,137,138,144,150,151,147,146,149,148,143,140,145,149,147,138,130,133,132,131,127,124,121,121,122,124,132,133,124,119,125,133,135,133,133,134,137,140,139,136,132,131,136,136,136,138,133,133,142,143,147,141,141,153,151,147,158,151,157,146,149,155,149,148,145,139,147,152,148,145,147,150,151,152,150,147,146,148,150,152,153,154,154,151,146,146,148,148,146,152,144,141,148,150,147,147,151,151,150,149,150,150,148,144,141,143,138,133,135,141,145,145,142,137,137,137,138,140,143,145,147,145,145,145,146,146,144,140,137,135,136,136,136,138,142,142,139,137,135,131,126,123,124,129,133,135,128,117,108,102,100,101,102,105,108,116,126,131,129,127,127,132,136,138,134,121,104,90,83,98,102,108,113,116,117,115,114,126,130,136,143,151,158,156,151,139,124,124,112,102,105,101,101,103,95,88,89,92,96,101,106,113,115,116,120,129,134,123,107,97,94,98,111,117,113,109,111,106,100,96,99,110,112,98,80,90,102,108,116,122,108,97,109,109,123,132,126,126,143,148,131,110,132,154,172,182,161,118,86,91,95,119,141,154,152,150,175,188,190,191,201,212,199,173,158,163,154,150,159,170,173,168,162,145,153,167,185,197,201,198,195,152,123,114,117,120,114,101,107,109,109,104,92,75,68,78,92,97,109,123,130,128,124,
212,206,211,213,175,111,74,73,120,148,168,187,189,178,156,110,81,80,86,105,128,140,134,120,101,97,115,152,175,176,174,180,173,178,179,175,174,176,174,169,168,166,164,162,160,155,147,141,138,145,148,137,152,145,128,101,76,63,68,87,99,102,98,90,112,125,127,122,124,126,126,129,127,127,127,128,131,132,132,131,133,138,141,140,139,140,139,137,141,140,142,147,149,147,147,150,157,152,146,145,145,143,138,134,133,133,130,127,124,123,124,125,128,134,132,123,119,125,132,133,133,133,134,135,136,136,135,134,130,134,134,134,135,131,130,139,140,146,142,142,149,146,144,156,146,152,146,152,154,144,148,149,143,150,153,149,145,147,149,150,151,149,147,146,148,149,150,150,151,152,151,148,148,150,150,148,152,145,143,150,153,150,149,152,150,149,149,150,151,149,145,142,141,136,131,132,137,141,141,139,137,137,136,137,138,141,143,144,144,145,148,150,150,146,140,135,135,136,135,132,134,139,142,143,145,143,139,133,128,126,128,130,136,129,119,110,104,102,102,103,109,112,120,130,135,131,127,124,128,135,139,134,119,104,95,91,97,101,108,114,117,116,114,113,116,120,125,130,136,141,140,136,130,126,132,118,103,103,99,99,94,86,80,83,90,96,102,105,117,118,119,121,128,130,118,102,97,94,96,106,114,114,110,106,101,96,95,102,112,110,93,74,93,111,119,122,125,111,96,98,114,117,124,124,123,125,119,105,114,150,184,204,207,175,118,75,90,104,120,128,145,152,150,173,187,192,195,202,212,204,179,162,163,155,149,154,164,173,180,185,183,181,182,191,200,201,194,186,153,114,103,104,102,100,97,106,118,103,87,82,87,95,105,112,109,115,123,126,124,120,
220,217,212,214,198,144,95,84,114,140,163,181,185,176,152,106,71,64,68,84,108,134,144,136,109,90,96,138,175,183,180,182,186,182,177,175,176,179,181,182,180,178,176,175,172,165,157,151,147,147,149,138,151,145,130,101,69,64,71,88,100,107,102,88,111,123,125,119,122,124,124,127,124,125,127,130,132,131,129,126,132,138,141,139,135,136,137,137,145,141,139,142,145,147,148,149,158,157,154,149,145,142,140,140,136,135,132,128,125,125,127,129,131,133,130,122,120,126,130,130,130,131,132,132,131,132,133,134,129,132,130,130,132,128,127,136,135,141,140,140,143,139,139,151,141,146,145,153,148,135,146,156,149,153,154,150,146,146,149,150,149,147,145,145,146,147,147,147,146,149,150,149,150,153,153,151,153,148,147,153,156,153,150,152,149,149,150,151,151,149,146,143,139,133,128,126,130,134,135,135,137,136,136,136,137,138,139,140,141,145,150,154,154,148,139,132,134,136,134,128,128,134,141,145,149,147,144,139,133,130,128,129,136,131,121,112,106,103,104,105,111,114,123,133,136,131,125,123,124,131,134,127,111,97,92,92,96,101,108,114,117,116,114,112,108,114,119,122,124,127,124,120,120,126,139,123,103,104,100,98,91,82,77,82,93,101,105,107,117,120,120,121,127,128,115,99,94,94,95,99,108,112,107,97,98,93,92,100,106,101,87,75,98,122,132,130,130,114,94,92,115,118,124,124,109,89,79,77,120,167,209,228,226,192,127,75,95,118,123,115,136,145,136,156,184,197,201,201,209,206,183,163,158,152,148,151,158,169,183,195,205,202,200,201,203,201,193,185,150,100,89,92,84,87,93,100,101,85,72,77,92,106,112,113,117,119,124,128,130,130,
214,223,205,186,182,152,106,84,101,125,153,173,179,176,154,118,68,58,61,74,94,127,152,154,127,101,91,117,156,177,180,179,183,180,178,179,180,181,185,190,187,183,179,177,173,166,158,154,151,148,152,141,148,138,123,91,72,64,72,91,102,105,100,89,109,122,124,118,121,123,124,126,125,126,128,130,131,129,125,122,128,135,139,136,132,132,136,138,144,139,136,137,142,145,145,144,147,153,158,155,150,147,146,146,142,140,137,133,129,128,130,132,127,128,126,121,122,126,127,125,122,125,128,128,127,127,129,132,127,129,126,126,129,126,125,134,131,133,135,138,139,136,138,145,139,142,144,151,137,123,143,159,153,155,155,152,147,146,148,150,147,144,141,140,142,144,146,146,142,146,149,148,150,153,155,154,155,152,152,156,158,154,150,150,150,151,152,153,152,149,146,143,139,133,124,120,121,125,129,131,137,137,137,136,137,137,137,137,139,142,148,153,153,147,138,131,133,135,133,127,124,130,138,142,143,143,142,140,136,133,130,129,135,130,122,113,105,102,102,103,108,114,125,133,132,127,125,127,128,130,129,118,101,89,86,87,97,101,107,113,117,117,115,113,110,118,125,128,128,126,119,112,111,122,137,120,102,106,103,98,90,81,77,84,97,105,107,107,115,118,119,121,126,127,115,99,90,96,98,97,102,110,107,96,99,93,91,94,92,86,84,87,104,126,138,139,134,111,94,100,116,127,133,121,93,66,67,87,140,184,217,225,223,197,137,86,103,126,124,113,137,139,121,140,181,202,207,201,206,206,184,162,152,150,150,154,158,163,171,180,194,202,209,210,206,199,190,184,151,94,85,92,82,86,93,93,76,76,81,90,96,99,102,105,112,115,119,125,129,131,
205,218,201,178,171,144,101,82,89,110,150,176,185,183,161,136,83,65,66,76,84,114,149,159,148,126,102,99,124,156,172,173,170,176,186,191,186,177,172,173,172,167,164,166,166,162,159,159,149,146,157,148,147,132,116,82,74,60,68,94,104,100,96,94,106,120,123,118,121,124,123,126,129,129,128,128,128,125,122,119,123,130,134,131,128,130,135,138,138,136,133,134,138,141,140,136,140,149,156,153,149,149,151,152,148,146,143,139,135,132,132,133,122,122,122,122,124,126,124,121,115,119,124,126,126,125,126,127,125,126,123,123,127,126,126,135,132,130,133,139,141,141,143,144,142,141,143,148,126,113,140,159,153,154,154,152,149,147,147,150,146,142,138,136,138,142,145,148,140,144,146,145,146,150,153,154,158,155,154,157,158,154,149,146,151,153,155,155,153,149,145,142,142,135,125,117,115,119,124,129,137,137,138,139,139,137,136,135,136,138,142,146,146,142,136,130,130,133,132,127,124,128,134,138,137,138,139,139,138,135,132,129,131,128,121,111,103,98,98,99,104,114,126,132,128,123,127,135,135,132,124,111,98,89,87,88,99,102,107,112,116,118,118,118,117,126,135,139,139,133,122,112,107,112,124,108,97,106,102,96,84,77,76,86,100,107,108,107,113,117,120,122,126,127,115,100,90,102,107,104,107,117,119,113,101,95,93,93,83,74,84,103,114,127,137,145,137,107,96,117,132,140,131,106,81,69,88,123,168,199,214,210,211,196,148,103,114,124,116,112,139,133,111,135,172,200,209,201,204,206,188,165,149,146,147,151,154,154,154,156,166,179,195,204,206,199,184,169,156,99,89,92,82,88,92,87,77,85,98,106,105,103,108,116,123,126,129,131,131,131,
210,214,207,199,181,134,89,76,79,93,141,179,193,189,164,148,103,72,68,76,76,102,145,164,156,143,115,90,96,129,156,164,168,175,180,176,163,152,147,146,142,137,138,146,152,152,152,155,145,142,160,156,151,133,118,81,72,56,66,95,106,99,96,97,102,117,121,118,122,124,123,125,131,130,128,127,126,124,121,119,120,125,128,126,124,128,133,135,133,133,132,132,134,137,135,131,143,148,150,144,142,147,152,152,150,150,149,145,140,136,133,132,121,122,123,124,125,126,124,122,116,119,123,126,126,125,124,124,123,124,120,121,128,128,129,138,137,131,137,146,145,147,150,147,146,143,145,145,119,110,141,155,150,149,151,152,151,148,148,150,146,142,138,136,138,142,145,147,140,143,143,139,139,144,150,153,158,156,155,156,156,153,148,144,149,152,154,155,152,148,144,142,145,140,131,122,117,118,122,126,135,137,140,142,141,138,135,132,132,133,136,138,139,138,133,130,127,130,129,126,125,129,134,136,133,134,136,138,139,136,132,129,128,125,119,109,99,93,92,93,101,112,126,131,127,123,130,140,135,129,117,104,93,88,90,93,104,105,107,111,115,119,123,125,127,133,139,142,143,139,128,116,108,103,108,96,90,100,96,89,79,76,80,93,107,114,114,113,113,118,121,123,126,126,114,100,97,109,117,117,120,130,136,135,107,99,98,97,83,71,88,118,129,132,136,145,138,107,100,129,152,143,113,84,74,73,98,138,181,202,204,196,199,195,161,125,126,117,105,108,132,121,97,117,155,186,201,196,200,203,187,168,144,137,134,135,137,136,134,133,135,144,158,176,193,195,175,152,147,102,90,84,75,82,84,82,90,92,98,105,110,114,122,130,131,131,131,130,129,128,
209,205,206,205,183,139,99,80,75,75,123,170,194,193,168,161,129,80,65,73,69,93,142,167,154,149,127,97,89,111,144,164,178,180,174,157,143,139,139,138,130,125,128,137,141,138,135,137,139,133,155,159,157,142,127,87,72,63,75,99,108,105,99,94,97,113,119,118,122,124,122,123,130,129,128,127,127,125,122,119,119,123,123,121,122,126,130,131,130,133,132,129,130,132,132,129,142,145,144,138,139,147,149,146,147,149,151,149,145,139,134,131,126,126,127,127,126,126,127,128,125,125,126,127,128,127,125,123,122,123,119,121,129,131,133,143,140,134,144,152,147,148,154,149,148,145,148,146,119,114,144,149,145,144,147,152,152,148,148,150,148,145,142,141,142,143,144,144,141,143,140,134,132,138,146,150,155,154,152,153,153,152,148,144,143,147,151,153,150,146,144,142,148,146,141,133,125,121,121,123,132,136,140,144,143,139,133,129,128,129,131,134,135,135,132,129,125,126,125,122,125,132,137,138,128,129,132,135,138,137,133,129,126,124,118,108,96,89,88,88,99,108,121,129,128,126,130,137,133,127,116,100,88,86,92,100,108,107,107,109,114,121,128,133,140,139,137,137,141,142,135,127,114,102,102,92,87,94,88,83,79,79,87,101,114,118,117,116,109,115,120,123,127,128,117,103,107,115,122,124,128,135,141,143,122,107,99,97,84,75,98,135,146,143,137,141,138,114,105,127,139,124,95,81,82,76,96,143,185,197,192,179,181,180,158,134,123,107,101,112,133,124,95,100,131,164,183,183,187,188,174,159,139,132,126,124,122,118,116,116,117,124,132,143,157,163,151,134,123,101,95,85,78,85,85,87,94,96,101,110,117,120,126,132,126,120,113,109,110,112,
208,206,209,205,189,170,142,114,80,67,109,160,192,197,176,176,156,93,66,71,63,84,134,161,154,152,138,113,97,110,143,172,186,190,183,166,155,153,150,143,140,135,135,142,141,130,121,120,133,124,148,158,160,150,135,93,75,73,86,104,111,111,103,89,93,110,117,117,122,124,121,121,127,127,128,129,129,127,123,120,120,122,121,119,120,125,128,127,130,133,133,128,126,130,131,130,136,141,141,138,142,148,146,138,144,147,151,151,147,140,134,130,133,132,130,129,127,126,129,133,134,131,128,128,129,129,127,124,122,122,118,121,130,133,136,146,140,135,148,155,145,145,153,150,148,146,151,148,121,119,147,146,141,141,145,151,153,149,148,151,150,148,147,146,146,145,143,141,143,143,138,130,127,133,143,148,152,151,150,150,152,152,149,145,139,143,148,150,149,146,144,143,150,150,148,142,132,125,122,121,130,134,140,144,144,139,132,128,125,126,129,132,134,134,131,129,124,123,121,120,125,134,140,141,122,123,127,132,136,137,134,131,126,124,118,107,95,87,85,86,97,104,116,126,129,127,127,130,137,133,122,104,89,87,96,107,111,109,107,108,113,122,132,138,151,144,136,133,138,144,142,136,121,105,103,94,87,91,84,81,78,80,89,103,113,114,112,111,104,112,118,123,129,131,122,109,114,117,121,125,129,134,137,138,138,114,97,93,82,78,107,149,158,153,140,137,138,120,108,120,105,98,87,94,100,83,100,158,193,200,187,166,160,156,140,124,109,97,103,123,148,144,111,102,113,147,168,170,173,171,157,144,140,135,130,126,120,113,109,108,117,126,130,124,120,122,120,115,104,102,107,97,93,98,94,99,93,103,118,130,130,126,126,129,139,127,112,106,107,110,
213,208,214,213,197,189,183,167,111,82,78,114,158,185,185,172,143,105,69,62,67,73,105,152,162,147,135,116,100,124,167,188,202,193,193,186,171,169,167,151,149,137,138,151,153,138,126,125,125,127,145,163,163,152,133,114,92,85,92,104,104,99,95,89,94,104,115,120,121,122,126,129,125,125,126,127,127,125,121,118,125,119,116,119,121,121,123,127,121,128,132,128,127,129,128,123,124,130,136,139,141,142,139,134,145,142,139,140,142,142,138,133,134,138,140,136,129,127,130,136,137,127,123,128,131,127,123,122,113,119,125,128,128,131,137,142,141,140,142,145,148,149,152,155,156,144,151,154,132,119,132,145,142,142,152,149,146,146,140,146,154,148,147,147,143,145,145,138,143,142,131,119,123,140,150,148,148,154,156,152,150,151,149,143,140,146,150,150,148,144,140,135,144,149,155,154,145,135,126,122,133,137,142,145,147,145,136,127,123,125,128,131,133,135,133,130,121,118,116,119,126,131,132,131,123,115,115,125,133,132,129,128,128,125,122,101,87,88,86,92,93,106,111,114,124,131,136,144,144,145,141,121,98,96,105,106,107,104,103,109,120,133,142,146,156,155,138,135,148,142,136,155,136,114,103,104,96,85,83,84,83,92,98,100,107,117,119,115,115,117,119,125,133,136,128,118,116,119,128,129,124,129,136,134,117,104,97,88,75,87,128,164,151,152,139,134,143,131,104,92,73,90,116,132,115,87,102,148,167,175,174,161,151,143,127,109,98,93,106,136,149,136,118,111,120,132,151,159,158,162,163,153,145,138,137,141,129,105,93,96,114,122,122,108,96,94,95,95,96,100,99,98,103,113,116,113,105,115,123,123,120,121,124,126,133,129,124,120,119,119,
209,213,224,221,210,209,195,165,117,89,71,83,119,159,175,167,155,115,77,68,69,71,104,153,158,160,153,121,98,125,171,191,201,197,203,203,191,189,188,177,159,149,143,142,136,127,128,136,136,136,148,162,163,156,141,123,103,88,85,94,98,100,100,95,92,99,108,116,121,124,126,127,128,127,125,124,124,123,120,119,123,119,118,120,121,120,121,124,125,127,128,126,126,127,126,123,124,130,134,136,137,138,134,130,136,137,138,139,139,139,138,137,139,140,140,137,133,131,132,134,133,126,124,130,134,131,129,131,119,124,129,131,130,130,135,139,133,141,150,154,155,154,154,154,154,148,153,155,138,122,127,139,148,144,149,143,141,144,138,143,150,145,147,149,146,145,142,134,140,136,126,119,126,142,152,152,150,152,153,152,151,150,146,141,140,144,148,149,147,144,140,138,145,152,160,161,153,141,130,124,131,136,142,145,147,146,138,129,124,123,124,127,131,133,131,128,122,117,113,115,121,126,126,123,118,110,109,119,127,126,123,123,126,123,123,103,88,86,81,86,90,102,107,113,129,143,154,165,168,166,159,134,107,102,110,111,105,103,103,111,125,139,149,154,157,151,135,132,144,144,143,155,139,115,104,106,101,93,89,85,95,96,101,110,117,118,116,114,115,116,119,125,134,138,131,121,119,118,123,126,125,130,132,124,103,96,94,89,82,99,140,172,160,151,133,132,143,128,93,74,63,107,143,141,111,85,96,128,142,146,142,132,128,128,121,108,96,92,100,122,134,126,112,104,115,119,138,160,175,184,178,161,139,136,137,138,124,101,88,89,116,117,108,93,85,88,90,89,103,103,102,102,107,113,116,115,110,120,128,127,123,122,123,123,129,126,123,121,121,122,
158,182,211,215,207,208,187,143,119,97,70,60,85,135,166,163,160,117,75,66,66,66,97,147,155,159,155,131,110,129,168,191,196,196,205,211,205,203,204,199,184,173,157,139,125,124,139,155,155,151,156,162,162,159,148,131,108,86,77,86,96,102,102,95,92,93,99,109,120,126,126,125,131,127,123,121,120,120,120,120,119,119,120,122,122,119,119,121,128,124,122,124,126,125,123,123,125,130,133,134,134,134,131,127,127,132,137,138,136,135,137,140,143,142,140,138,137,136,134,133,128,124,125,133,137,136,137,141,128,132,135,134,132,131,135,138,136,149,159,158,155,155,154,152,152,152,154,156,146,126,121,134,151,144,145,136,135,141,138,144,141,138,145,151,149,146,141,131,140,131,122,122,133,145,153,156,153,150,148,152,153,149,143,139,137,139,143,145,145,142,140,140,147,156,167,170,163,149,135,126,130,137,143,147,149,148,142,134,126,122,119,123,129,132,130,128,123,116,110,111,119,123,120,115,113,105,104,111,116,116,117,120,124,122,123,105,88,83,76,81,90,103,111,121,141,158,170,181,184,181,171,144,115,110,118,119,108,105,105,114,129,146,157,163,159,149,137,135,142,148,151,153,135,114,105,109,107,101,94,86,104,99,104,119,126,120,114,114,115,116,118,125,135,141,136,127,121,118,121,122,120,122,120,109,90,86,85,82,82,105,143,167,160,144,128,133,144,125,86,62,69,115,148,138,105,82,92,119,136,139,136,127,124,126,120,110,100,97,100,111,119,116,106,98,93,101,131,168,187,186,169,148,134,137,140,136,121,102,90,87,109,105,95,85,84,91,92,89,105,101,99,103,108,111,113,115,125,134,142,140,135,131,130,128,121,120,119,120,122,124,
103,140,190,213,210,207,180,136,106,90,70,58,75,120,155,160,155,110,66,58,62,64,91,135,154,142,136,134,125,125,150,180,190,190,196,201,201,200,201,201,191,179,158,137,128,139,159,174,171,166,164,164,161,160,150,132,100,80,74,87,98,103,99,90,96,91,91,103,118,126,125,122,129,126,122,120,120,120,120,120,116,118,122,124,123,121,120,120,126,119,117,123,127,124,122,123,126,130,133,132,133,134,132,129,123,128,133,135,134,134,137,139,138,139,141,141,140,138,135,133,125,122,125,134,139,138,141,148,138,139,139,136,134,135,140,145,153,161,162,154,148,150,151,149,150,154,152,153,152,132,120,133,149,144,144,132,130,139,141,150,135,132,140,150,149,147,142,133,142,129,122,129,141,149,155,159,156,147,145,151,154,147,139,135,131,130,133,138,139,136,137,141,151,160,171,176,170,156,140,130,131,139,146,149,151,151,147,142,131,123,116,119,127,130,130,129,125,117,110,113,121,126,121,114,109,103,101,104,104,104,111,121,125,122,123,105,88,82,75,83,98,113,125,136,154,166,173,181,181,179,171,146,120,116,124,126,118,112,108,114,130,148,161,168,158,146,140,140,142,148,149,140,124,111,109,115,113,107,98,88,103,104,113,125,129,122,116,114,115,116,118,125,136,143,140,133,122,121,124,121,113,111,108,99,92,83,77,74,80,107,137,149,139,129,125,133,136,114,81,61,86,112,132,130,104,77,81,108,134,142,145,138,131,126,118,108,100,100,101,105,111,112,103,93,82,94,126,156,161,151,139,129,132,139,143,136,123,112,104,100,104,104,101,101,105,111,110,105,107,100,98,105,112,112,114,118,120,129,136,135,129,125,121,119,112,113,115,118,122,125,
80,104,154,197,211,208,179,138,91,74,62,61,73,104,139,154,151,107,63,54,62,65,85,118,151,142,135,132,122,112,128,157,187,189,189,189,194,197,197,197,180,169,151,139,145,164,179,185,176,172,168,164,161,163,153,132,94,78,75,89,98,102,100,92,102,92,88,99,115,123,123,121,124,122,121,121,122,122,121,120,115,118,123,125,125,125,123,122,121,115,115,124,128,125,121,121,124,127,129,129,130,133,133,131,125,126,127,130,133,135,135,135,129,135,140,143,140,136,134,133,125,122,125,134,139,139,142,148,145,143,140,136,136,141,150,156,167,167,161,151,145,148,149,146,149,152,148,150,154,138,126,136,146,146,150,134,127,135,141,154,136,131,138,148,148,144,141,135,139,127,124,135,149,155,158,161,156,147,143,150,153,146,136,131,123,119,121,129,131,128,132,141,155,163,173,178,173,159,144,134,133,141,149,151,152,153,153,151,138,126,117,118,125,129,131,133,128,120,114,117,127,132,129,122,109,104,101,99,95,96,110,126,130,124,123,104,87,82,80,92,115,129,138,144,156,163,168,175,177,177,172,150,125,121,129,130,124,116,109,113,128,147,162,169,155,144,142,145,144,143,136,124,113,112,120,125,118,110,103,93,104,117,129,131,129,126,121,115,116,116,118,124,136,145,143,137,121,125,131,125,110,106,109,107,99,83,71,71,85,113,133,135,116,117,125,129,116,92,73,62,94,112,125,118,96,72,75,97,122,133,140,134,122,113,106,99,92,96,99,102,108,110,104,94,99,99,111,122,118,115,121,126,131,138,142,136,128,123,121,118,116,119,122,124,127,129,128,125,115,107,105,113,119,118,118,120,114,122,127,126,122,119,115,112,110,111,114,119,124,127,
87,84,116,168,199,204,180,144,100,76,61,61,68,91,126,151,146,110,69,55,61,64,74,94,144,161,160,138,116,105,112,131,172,185,186,182,191,199,199,200,190,178,164,162,172,184,187,184,172,169,167,162,161,167,158,134,99,81,76,85,94,101,105,103,107,94,88,96,109,117,120,123,121,121,121,123,124,124,122,120,116,119,121,123,125,128,126,122,117,115,117,123,126,124,121,120,120,123,124,124,126,130,131,129,127,124,122,125,130,134,133,131,125,131,137,140,137,134,133,133,127,123,125,133,139,139,140,145,145,142,139,137,139,147,158,166,169,165,159,152,148,146,146,145,149,147,144,149,152,143,136,139,145,149,156,138,127,133,138,150,141,134,139,148,146,142,139,135,134,128,129,142,155,160,161,162,153,148,145,148,150,144,134,127,117,110,111,121,125,122,129,142,156,163,173,178,174,161,146,136,132,141,148,151,152,156,160,161,144,130,119,119,123,126,131,137,132,123,116,119,128,137,138,136,119,110,101,96,93,98,115,133,136,128,124,104,86,83,85,101,128,140,144,142,147,152,159,170,181,181,177,155,130,127,134,134,126,116,108,111,126,144,158,164,153,146,142,147,148,137,124,118,113,120,133,135,122,113,108,99,113,130,141,137,130,127,122,116,118,117,118,124,136,145,145,139,122,126,132,126,111,111,118,118,96,76,66,75,95,118,129,124,109,115,126,122,98,80,73,66,88,109,111,89,71,72,92,115,129,135,135,123,108,100,96,95,89,92,95,99,105,108,105,100,106,98,99,104,105,112,120,121,127,131,134,133,130,130,130,130,131,132,132,130,128,127,127,126,119,114,112,117,123,123,119,116,114,120,124,122,119,118,117,115,114,115,118,123,127,130,
97,88,112,156,187,200,191,166,129,99,73,61,61,82,119,145,143,120,85,65,64,64,68,79,123,155,166,149,127,104,92,98,133,164,176,173,185,198,200,201,202,191,183,183,188,186,179,173,169,168,165,159,160,169,160,135,106,83,73,80,90,101,110,111,108,95,87,93,103,110,118,125,123,122,122,123,124,124,122,121,120,120,118,119,124,129,126,120,116,119,121,121,121,123,122,119,117,120,120,119,121,126,128,127,126,122,118,120,126,131,131,129,129,130,132,133,134,133,132,132,130,124,124,133,140,140,140,143,140,139,137,138,142,152,163,170,167,160,154,150,144,137,139,146,150,140,142,150,151,147,144,139,141,148,156,141,131,136,136,144,141,133,138,148,147,143,141,137,137,137,141,151,160,164,162,159,150,149,148,146,146,143,133,123,114,105,106,117,122,120,129,145,155,163,173,180,176,164,147,136,128,137,145,148,151,158,166,170,148,133,121,119,121,123,130,140,136,126,116,115,124,136,145,148,138,121,104,99,101,110,127,143,140,131,126,105,87,84,88,106,130,144,146,140,138,140,148,161,178,179,174,154,131,130,140,142,126,117,109,111,124,139,148,151,147,141,133,137,143,125,109,117,121,131,143,140,124,115,111,103,118,128,137,136,129,122,118,116,120,119,118,123,135,145,145,139,125,122,121,116,109,113,119,116,90,72,71,90,109,121,121,113,109,110,114,104,84,81,83,73,77,87,82,68,66,78,105,132,139,136,126,111,99,95,95,95,92,88,86,89,91,93,95,97,96,94,100,106,110,119,123,116,123,123,126,130,132,132,131,132,132,130,128,126,123,120,119,118,116,115,116,119,126,129,123,115,111,115,117,114,112,114,115,114,120,120,122,125,129,131,
85,87,115,150,169,185,190,177,152,119,84,61,54,77,113,135,145,131,102,78,71,70,72,79,98,126,146,153,141,101,69,68,94,140,163,162,176,193,196,198,192,185,182,185,184,176,167,163,170,168,165,157,158,168,160,134,107,82,70,77,89,102,111,111,107,95,87,91,99,106,117,128,125,124,123,122,123,123,122,121,123,121,117,116,122,128,126,118,118,123,124,118,117,121,122,118,118,120,120,118,120,125,127,126,124,120,116,117,122,128,130,130,135,131,127,128,131,133,132,131,132,124,123,133,141,141,140,142,136,136,136,139,145,154,164,170,168,157,149,145,135,126,132,147,150,136,142,153,150,150,149,138,136,143,154,141,134,140,137,141,138,130,136,149,149,146,145,142,144,148,153,159,164,166,162,156,148,151,150,145,144,143,133,121,114,103,104,116,122,120,130,147,154,162,174,182,179,165,147,134,124,133,142,146,150,159,170,176,150,135,122,119,119,121,130,141,139,128,115,111,119,133,147,155,153,130,108,102,110,122,137,150,142,132,127,106,87,84,88,107,126,143,148,141,135,133,138,150,169,169,166,147,128,131,145,149,128,119,111,113,124,134,139,138,135,130,117,120,130,109,94,113,129,137,146,140,123,115,112,103,117,118,124,132,128,116,112,115,121,120,119,123,134,144,144,139,128,117,109,105,104,111,113,104,92,78,84,108,123,124,116,106,103,97,94,84,72,84,91,76,69,61,60,75,88,86,95,118,124,117,105,94,89,91,93,93,93,83,75,74,73,72,77,83,91,95,103,103,103,115,125,122,121,119,122,130,134,131,129,130,127,125,125,126,126,123,118,115,114,117,119,123,131,138,133,122,121,124,123,120,118,121,123,124,122,122,123,125,128,129,
92,85,98,119,131,173,170,179,163,143,119,86,67,67,87,128,155,155,131,91,72,78,79,68,78,107,139,148,135,100,76,93,92,98,142,152,157,191,201,197,187,188,187,187,184,168,158,164,169,167,156,153,165,167,150,135,113,90,67,78,87,97,116,101,108,103,96,92,92,100,112,123,125,123,121,121,123,124,124,124,125,117,116,122,123,118,115,117,121,120,119,119,119,119,117,116,121,120,117,113,117,123,125,122,123,118,114,116,120,122,122,121,140,132,125,123,124,127,129,132,128,124,122,127,135,140,139,135,133,130,134,146,157,161,162,164,161,150,138,131,126,124,128,134,136,137,146,152,148,147,145,138,135,145,149,144,141,144,144,140,137,132,135,146,151,145,139,138,147,159,167,167,167,167,159,147,149,149,148,148,149,147,138,128,113,105,103,114,124,129,135,142,151,161,173,179,177,166,150,136,124,125,130,139,148,157,165,172,151,149,136,117,111,122,137,144,142,128,113,108,111,123,141,157,150,134,120,117,119,125,138,152,144,137,124,108,92,86,94,106,123,134,141,140,132,120,122,139,153,158,153,136,122,126,142,155,127,119,112,113,121,129,133,133,124,113,108,100,100,98,94,112,138,142,149,140,118,109,111,109,122,118,121,122,118,118,118,112,125,118,114,121,136,146,146,142,130,113,95,91,103,112,105,92,86,105,114,122,133,122,104,103,94,92,76,71,84,83,69,66,71,66,70,86,96,95,95,99,104,103,100,97,99,101,99,95,83,76,69,67,69,72,77,82,97,99,104,110,115,115,111,107,108,110,117,128,132,128,126,127,125,123,122,122,122,119,114,109,109,116,124,126,127,128,128,126,121,124,122,117,116,119,120,118,119,118,115,114,119,126,
86,90,93,102,116,165,176,177,169,149,123,88,70,69,78,108,152,164,153,115,88,82,76,63,62,95,129,144,139,114,94,105,94,92,115,137,159,192,209,210,191,190,186,187,186,173,164,169,169,162,155,155,164,167,150,127,118,91,63,78,90,92,107,105,106,105,102,96,92,95,106,115,121,120,118,118,120,123,125,127,124,117,116,122,123,117,112,113,120,119,118,118,118,117,114,112,116,116,113,111,115,120,121,118,119,117,115,115,116,118,120,121,132,130,126,123,124,126,128,128,125,121,119,124,132,136,135,131,133,131,135,147,156,159,159,159,155,143,130,123,120,119,120,124,128,128,138,147,146,146,145,138,139,146,148,145,145,149,147,141,137,132,134,144,150,146,142,142,154,163,170,169,168,166,157,147,150,150,149,148,150,149,141,131,118,110,109,118,128,131,136,142,150,159,171,178,177,168,151,136,121,120,124,131,139,146,153,160,150,150,140,122,115,125,141,150,144,129,114,107,111,120,134,146,139,124,112,113,119,125,134,144,141,134,124,109,95,90,100,112,124,133,136,133,128,117,114,123,143,144,137,123,114,118,129,138,119,114,110,112,119,125,127,127,119,101,87,75,77,82,87,112,132,136,143,135,113,100,101,104,117,114,118,119,113,115,119,116,115,109,107,116,133,145,148,146,129,111,93,91,101,107,102,94,94,114,124,128,130,114,94,93,80,72,66,78,96,94,78,70,69,74,87,101,104,95,87,85,90,97,102,103,103,101,96,91,78,72,67,72,80,87,92,95,103,104,106,108,109,107,102,98,105,106,114,125,130,127,123,122,123,123,123,122,120,117,112,108,110,117,122,123,122,121,119,116,116,118,117,113,111,114,115,113,116,116,116,116,120,125,
76,94,86,89,109,158,181,171,172,159,137,98,75,71,75,99,132,158,164,133,99,86,80,71,53,81,106,122,128,118,109,111,77,72,82,128,172,193,206,204,195,192,185,185,188,178,170,174,169,156,154,158,161,165,152,121,115,99,70,71,86,93,102,104,105,109,109,102,94,92,97,103,114,115,116,117,119,122,126,129,124,119,118,123,123,117,111,110,118,118,118,118,117,114,110,107,111,110,109,109,112,116,116,113,116,116,116,113,112,114,118,120,123,128,128,124,123,127,128,125,123,120,117,121,128,132,131,128,133,132,137,148,156,158,155,153,149,136,123,117,117,116,116,116,116,114,122,132,134,139,140,134,141,145,147,145,147,152,150,143,137,132,133,140,146,145,145,149,163,170,173,171,167,164,156,147,153,153,151,150,151,151,145,137,125,119,119,126,132,133,136,141,147,157,168,175,177,170,153,137,120,117,118,123,128,132,139,146,149,151,144,127,119,128,146,159,149,133,115,107,109,116,124,130,124,112,104,108,117,122,128,134,135,131,122,110,98,95,106,120,128,136,134,128,126,120,113,114,135,132,123,112,108,110,115,117,107,106,106,109,114,117,116,114,100,83,72,63,67,70,72,95,123,130,137,130,106,86,86,95,105,101,102,100,96,102,114,117,109,104,103,113,129,142,147,146,128,110,94,95,102,104,102,102,111,125,130,127,119,102,88,89,84,68,74,100,111,99,81,67,73,89,108,116,109,93,80,73,81,93,104,107,104,100,97,94,80,73,71,82,98,107,109,108,105,104,103,102,101,98,93,90,105,106,113,125,132,131,126,121,121,122,123,122,119,114,110,108,105,111,117,119,120,121,120,116,116,117,116,112,110,110,108,105,98,100,103,106,112,118,
71,92,79,88,117,154,179,165,157,157,144,103,73,64,67,91,112,149,168,145,110,92,85,79,62,74,77,88,102,110,114,107,80,73,73,133,186,191,198,195,198,193,184,183,188,182,174,176,169,154,157,161,156,163,156,126,103,111,86,64,79,100,104,100,106,112,113,107,99,94,92,91,108,111,115,118,120,122,125,128,125,120,118,121,122,117,113,112,115,116,117,118,117,114,109,105,108,107,106,108,111,113,112,109,115,116,114,112,111,114,116,116,119,127,129,124,122,127,130,127,124,121,118,121,126,130,129,127,133,134,140,150,158,159,155,150,145,133,121,117,120,122,120,117,114,108,111,116,119,127,133,130,137,142,145,145,146,150,151,148,138,134,134,138,143,145,150,155,170,174,175,171,167,163,156,149,157,157,155,152,153,153,148,141,133,129,129,133,135,134,136,139,145,154,165,172,176,172,155,138,123,118,116,119,122,123,129,136,146,149,144,128,119,127,147,163,156,138,118,107,107,113,116,117,111,103,100,104,110,116,122,128,131,128,122,111,99,97,109,123,130,138,134,124,122,120,114,113,128,123,114,106,102,102,103,103,101,103,106,110,113,112,107,102,81,66,59,55,58,56,52,72,112,128,138,129,101,72,69,86,97,89,85,85,85,98,114,118,113,109,107,114,127,138,143,143,130,112,100,103,108,108,110,117,129,130,125,114,103,93,89,92,91,75,91,119,114,91,75,66,85,105,123,121,105,88,78,73,84,96,106,105,100,99,102,104,87,78,76,90,107,115,112,107,100,99,97,96,94,93,91,90,102,104,111,123,133,134,128,122,118,121,124,122,118,113,110,110,106,112,118,120,122,124,122,118,116,116,115,113,110,105,99,94,87,90,92,97,106,116,
77,84,68,86,125,145,168,167,164,168,163,129,99,81,69,81,102,146,179,168,136,109,88,73,87,87,74,85,105,122,136,121,107,95,89,144,191,191,199,201,198,193,183,182,187,184,176,177,172,159,162,162,152,160,162,140,103,110,93,69,80,100,101,103,109,114,115,111,106,100,93,85,105,109,115,120,123,124,124,124,125,120,116,117,118,116,115,115,113,114,116,119,119,116,111,108,109,107,106,109,111,112,110,108,115,115,112,110,113,117,115,110,116,122,124,120,119,125,129,129,127,124,121,123,127,131,131,129,134,137,143,152,160,161,156,150,143,133,122,121,127,132,130,125,124,114,110,109,108,116,126,125,129,137,144,145,144,147,152,155,144,142,141,142,145,149,156,163,174,175,174,169,165,161,157,152,160,160,158,155,155,155,151,146,142,140,139,139,137,134,134,136,143,154,166,172,176,173,158,141,127,119,116,118,118,116,120,128,139,142,139,125,115,121,141,158,157,140,118,105,106,111,112,110,103,101,100,100,101,106,116,125,129,127,122,111,99,97,110,125,129,138,132,118,114,112,109,111,117,113,107,102,97,96,98,101,102,103,107,111,113,108,98,90,70,54,47,42,42,38,35,58,101,127,142,129,98,65,60,81,100,90,89,94,101,114,124,123,121,117,114,118,128,136,141,142,131,117,108,112,116,116,121,130,138,127,114,102,92,90,90,88,78,73,96,117,101,77,74,77,91,110,125,120,100,84,77,76,89,99,106,103,98,99,104,109,93,84,81,93,107,112,106,99,97,97,95,94,93,93,93,94,95,98,106,117,128,132,127,120,117,119,122,121,117,113,112,112,117,121,124,124,123,122,118,112,110,110,110,111,109,102,93,88,83,82,80,81,89,100,
87,73,59,78,123,132,153,174,189,188,186,162,137,109,77,73,93,139,182,189,169,139,103,74,93,90,77,97,118,135,153,133,112,101,110,159,193,196,199,199,195,193,185,183,189,187,180,179,177,169,167,161,153,161,165,153,118,99,87,81,87,92,93,111,111,116,117,114,111,109,100,89,104,107,112,119,124,125,123,121,125,120,115,113,114,115,115,115,114,116,118,121,122,120,116,113,112,109,107,110,112,111,109,108,112,114,112,110,113,117,113,105,114,114,115,115,117,121,125,129,130,127,124,125,129,132,133,133,136,140,146,153,160,163,157,149,140,133,126,125,133,140,139,134,134,124,118,111,103,106,113,113,121,130,139,142,142,145,154,161,153,153,152,151,151,155,163,169,176,174,171,166,162,159,156,154,159,160,160,158,158,158,156,151,150,150,148,144,138,133,133,134,143,158,171,175,177,175,162,146,129,120,115,117,115,108,110,117,128,132,131,121,111,113,129,143,147,133,115,103,104,110,111,107,102,102,100,95,92,96,107,118,122,121,118,109,98,96,110,126,135,141,135,122,114,108,106,113,111,108,104,101,99,99,105,111,101,101,102,105,106,98,84,72,56,46,48,47,44,33,26,47,94,129,143,128,101,72,66,87,105,97,100,111,120,130,131,123,124,121,119,121,128,136,141,143,132,121,115,117,122,125,130,136,134,117,104,97,90,89,87,78,72,81,100,106,87,71,77,90,92,107,120,116,98,81,76,79,91,99,104,103,101,102,105,107,102,95,92,100,109,111,105,100,99,98,97,95,93,93,95,97,94,99,107,116,126,131,128,121,114,116,117,116,115,114,114,115,118,122,124,124,124,123,118,111,106,103,104,108,108,103,97,94,89,86,81,78,81,89,
89,65,60,72,117,120,138,179,199,198,199,179,152,117,83,83,106,140,177,192,190,172,137,104,93,94,87,115,130,140,163,142,129,116,142,177,195,203,196,190,190,192,188,187,194,192,186,185,184,179,170,159,157,163,165,159,134,91,80,82,86,91,91,109,110,118,121,117,114,114,109,100,104,104,106,113,121,125,124,121,126,122,117,115,115,116,115,113,118,119,121,123,124,123,120,117,116,111,109,111,113,110,108,108,107,112,113,110,111,114,110,101,113,108,108,115,119,119,122,128,130,127,125,126,129,133,134,134,139,144,149,154,160,162,156,147,138,135,130,129,137,145,145,140,142,136,133,124,109,104,104,101,112,119,128,135,138,144,152,160,159,161,161,158,156,159,165,171,177,173,168,163,158,155,154,154,155,158,160,159,161,162,160,156,158,159,156,148,139,133,133,134,145,163,177,180,180,178,167,153,132,121,115,116,111,101,100,107,117,123,126,120,110,107,115,125,127,120,108,101,104,110,111,106,103,102,98,91,86,89,98,105,109,110,109,101,92,92,108,125,141,144,139,131,124,113,110,118,113,107,102,101,101,103,109,117,106,102,100,102,102,93,75,60,45,41,50,54,49,34,25,48,96,133,144,126,111,91,86,104,109,102,105,114,121,128,129,121,124,122,119,121,126,134,139,142,133,127,121,121,126,131,135,136,122,104,96,93,87,89,87,73,77,95,103,93,80,74,82,97,100,106,113,112,96,81,81,90,97,100,102,102,104,108,110,109,111,105,103,107,111,110,106,105,97,97,96,94,92,92,94,96,97,104,111,116,123,128,127,122,112,111,110,111,113,115,116,116,118,121,123,124,125,124,119,112,103,97,95,98,101,100,98,98,102,101,98,95,97,101,
86,61,66,71,114,116,129,179,210,214,220,198,162,125,105,121,137,156,176,188,196,192,166,137,126,129,126,155,163,167,194,177,178,154,177,190,191,205,197,189,187,192,191,191,198,197,191,190,188,186,170,158,162,166,163,160,141,92,80,76,79,95,95,100,109,119,124,119,115,117,115,109,105,102,102,108,119,125,125,122,129,126,122,119,119,119,116,113,122,122,123,125,126,125,122,119,119,113,109,112,113,110,108,109,102,111,115,111,109,111,107,100,113,105,105,117,123,120,121,128,129,127,125,126,129,132,134,135,142,146,150,153,158,161,154,145,139,137,134,133,139,148,148,144,152,149,151,142,123,110,105,99,106,110,118,127,135,142,149,156,161,164,164,161,157,159,165,169,178,173,166,161,156,153,152,153,151,155,159,160,162,165,164,160,163,164,160,150,139,134,133,134,147,167,183,184,182,181,171,158,134,123,116,117,110,97,94,100,109,116,122,120,110,104,106,112,112,109,103,100,104,111,111,106,103,101,95,87,84,86,91,95,96,99,99,94,86,88,105,123,141,141,137,135,131,118,113,121,114,105,97,96,98,100,106,112,117,110,106,106,107,96,76,59,46,38,43,42,37,27,29,60,101,138,144,126,120,110,105,119,115,106,105,108,111,120,126,123,124,122,119,120,124,130,136,139,135,131,126,123,128,136,138,135,114,95,89,88,82,87,90,77,77,100,99,81,77,80,87,100,111,109,109,107,94,82,87,102,105,103,100,99,104,112,117,116,112,108,106,107,107,104,102,103,92,93,93,91,90,90,92,95,97,104,110,114,118,123,122,118,110,107,105,107,111,115,117,117,125,127,127,125,124,122,114,106,98,90,84,85,88,89,91,94,93,96,97,99,102,104,
98,81,68,78,97,111,143,184,209,213,215,209,193,177,176,183,193,199,205,207,209,210,204,197,196,200,205,210,214,214,213,212,210,211,210,206,205,205,199,192,196,199,195,192,196,194,190,194,191,183,193,190,185,186,176,171,162,134,105,95,98,103,104,104,109,121,130,128,121,117,117,118,116,103,97,106,117,121,123,127,134,129,125,124,127,128,124,120,127,129,130,129,126,123,123,124,124,115,110,113,111,104,104,110,110,108,107,108,108,107,105,105,115,110,106,110,119,125,124,121,125,124,126,129,130,129,131,135,141,147,152,154,160,164,156,144,140,133,135,139,138,141,148,150,152,155,154,147,139,129,114,101,96,102,107,112,123,137,145,147,157,159,160,159,158,160,168,174,176,167,157,154,153,151,151,151,153,154,157,162,166,167,165,162,161,163,161,152,141,136,136,137,155,165,180,185,182,183,176,160,142,133,123,117,111,103,96,94,102,104,106,109,110,107,103,99,104,102,100,101,106,112,114,113,110,105,93,82,84,90,86,76,81,84,84,85,86,85,97,120,136,140,143,140,129,118,112,112,110,102,93,91,97,105,109,109,113,107,107,106,101,97,87,70,60,57,55,54,56,64,80,94,117,132,142,136,118,105,99,98,96,94,100,103,102,110,121,123,117,117,117,118,121,125,130,133,131,134,133,130,134,138,131,120,99,88,82,84,85,81,81,84,94,96,90,79,77,86,97,101,108,119,121,107,94,94,102,106,104,100,96,97,102,107,108,107,111,101,92,91,94,95,93,91,79,80,81,81,83,86,91,95,96,95,96,103,112,116,113,109,103,105,107,108,108,111,116,121,123,126,128,126,122,118,117,117,112,93,77,74,73,72,78,88,96,94,94,95,98,100,
98,94,75,68,98,146,184,205,211,214,219,222,218,213,215,221,214,219,222,223,225,227,223,217,220,221,221,221,218,215,212,209,205,205,203,201,204,209,210,207,203,208,208,207,211,207,203,206,211,210,223,221,217,222,213,205,208,201,189,180,177,171,152,133,123,126,126,123,121,123,125,125,116,106,104,112,120,123,125,130,134,129,126,126,129,130,127,123,125,128,129,129,127,125,124,124,123,114,110,114,114,110,109,113,110,109,108,108,108,108,110,111,114,110,107,111,119,124,124,122,124,123,125,129,130,129,129,132,140,147,152,155,160,163,155,144,140,134,136,141,140,143,150,151,156,158,157,154,150,141,124,110,102,102,104,109,118,129,139,144,147,153,157,156,157,164,171,175,173,164,155,153,152,151,151,152,150,152,157,163,168,170,167,164,162,163,163,158,148,140,138,139,148,159,176,184,182,183,177,163,143,133,123,117,113,107,103,102,98,98,99,101,102,102,100,98,95,94,94,98,105,113,117,119,113,110,100,88,85,87,81,71,72,79,82,85,86,85,97,119,132,138,143,142,132,121,114,111,115,107,99,96,101,108,114,117,110,103,102,102,101,103,98,85,84,78,76,86,98,103,102,100,119,133,142,134,118,105,100,100,97,93,96,101,104,114,125,126,116,116,115,116,119,123,129,132,129,134,136,135,137,136,124,110,92,85,82,85,86,81,81,85,95,91,84,78,80,91,102,108,116,123,123,112,104,104,105,104,98,97,97,100,104,107,107,105,100,92,86,87,89,87,82,78,82,85,87,87,85,85,87,90,97,96,97,103,111,113,109,104,97,99,102,104,106,108,110,111,110,115,121,125,125,121,116,113,112,95,77,68,63,64,71,81,99,100,102,105,106,106,
79,106,117,121,152,193,210,207,211,210,211,215,216,215,215,217,210,212,213,214,216,218,217,214,218,218,217,216,214,213,212,211,212,211,208,206,209,216,220,221,218,224,222,220,222,219,218,223,221,219,232,230,226,233,226,219,222,227,224,214,210,206,187,164,152,145,134,128,130,135,133,127,118,112,110,114,117,118,123,130,132,129,127,128,132,133,130,126,123,125,128,128,127,126,126,126,122,115,112,116,118,116,114,115,113,114,114,111,109,110,113,115,114,111,110,114,120,124,124,122,123,123,126,130,132,129,128,130,139,146,152,155,159,160,153,144,140,135,138,144,143,146,152,152,158,159,159,160,159,152,137,123,114,105,100,105,111,117,127,138,138,148,152,150,154,166,173,172,167,159,152,150,149,148,148,150,146,151,159,167,173,174,171,168,161,161,164,167,160,147,140,140,139,151,172,182,181,182,178,165,146,136,125,120,118,115,113,112,103,101,99,99,99,99,98,97,89,88,89,95,103,111,118,123,119,119,112,100,92,87,78,69,72,82,89,91,90,86,96,116,129,136,144,144,136,125,116,112,114,107,99,96,99,106,114,119,108,100,98,100,104,113,114,103,93,88,84,85,88,91,97,103,123,134,141,132,116,105,102,102,93,86,88,95,104,117,126,124,116,114,112,113,116,121,127,131,126,134,139,140,138,129,111,93,82,80,82,87,86,82,82,86,95,84,75,77,87,99,110,117,123,126,124,117,113,112,107,100,94,97,101,105,107,106,105,103,95,87,83,86,89,87,83,82,91,92,91,88,85,85,88,92,100,98,98,103,109,110,104,98,94,95,96,98,100,103,106,108,114,116,121,126,127,121,110,102,94,85,71,60,57,64,76,85,99,104,111,116,117,115,
105,140,174,193,205,206,201,201,215,212,210,208,206,203,200,199,201,201,202,204,207,209,209,208,202,202,203,204,207,210,212,214,218,218,218,218,219,222,223,223,220,223,216,210,211,210,213,222,229,218,226,228,225,228,224,225,219,222,220,212,209,209,202,190,175,164,152,149,155,155,142,127,123,119,116,116,115,115,123,132,130,128,127,129,132,133,131,128,122,123,126,127,128,127,127,127,124,119,116,118,120,120,116,114,116,121,123,119,114,113,114,115,117,116,117,119,121,123,123,122,126,125,127,133,135,132,130,130,139,145,152,154,156,156,150,143,140,135,141,147,146,147,152,151,155,157,159,161,161,156,146,138,128,111,100,103,106,106,116,130,134,144,148,143,149,165,173,168,164,157,150,148,146,144,145,147,145,152,163,174,179,179,174,170,159,159,167,175,172,156,144,141,134,146,167,180,180,182,179,168,149,138,128,125,124,122,119,118,112,110,107,104,102,99,96,93,89,88,89,94,100,108,117,124,125,128,126,115,103,93,82,74,87,98,103,100,95,88,94,112,128,136,144,143,137,128,119,113,111,106,99,95,96,103,111,117,109,101,99,103,108,119,121,112,99,93,86,81,81,87,102,115,126,136,139,129,113,103,101,102,90,81,84,94,106,120,126,121,116,113,110,110,114,120,126,129,127,134,139,139,133,119,96,77,74,77,83,88,87,83,84,88,91,77,70,80,96,108,117,123,125,126,122,117,114,112,106,98,98,102,106,107,106,104,101,100,94,85,80,85,91,93,95,98,100,96,89,84,84,89,97,102,102,100,100,104,108,107,100,93,97,98,97,94,93,97,106,113,124,124,126,130,130,121,106,93,70,70,67,60,60,69,81,89,91,99,111,120,124,123,
175,190,202,206,203,193,191,202,200,201,201,199,196,195,195,195,196,196,197,201,204,206,206,206,205,205,206,207,209,211,214,215,215,217,220,222,219,214,209,207,209,212,207,201,203,202,204,211,212,192,203,217,221,220,217,225,220,219,218,217,212,204,198,196,187,180,173,176,182,175,150,125,124,123,123,123,122,121,125,131,129,127,127,128,131,132,131,129,123,123,124,126,127,128,127,127,129,126,122,120,121,121,117,112,117,124,129,126,121,120,118,116,121,123,124,125,123,122,122,122,129,127,129,134,137,135,133,134,139,145,151,152,152,150,146,142,140,136,142,149,147,147,149,147,151,154,158,159,156,152,151,151,141,119,104,104,104,101,108,122,128,138,141,138,146,165,172,167,164,157,151,147,144,141,141,143,144,154,168,180,185,183,176,171,158,160,169,181,181,166,150,142,135,143,162,176,179,181,179,169,148,138,129,127,128,124,119,116,116,115,113,111,107,102,95,91,92,89,89,93,98,104,116,127,128,133,134,127,114,101,91,84,101,111,112,105,97,89,93,108,128,136,143,141,136,130,122,115,112,108,102,99,99,105,111,116,109,103,103,105,108,116,117,108,98,88,83,90,102,110,112,111,127,135,136,125,109,101,99,100,92,85,89,101,112,124,128,121,116,112,109,109,113,119,124,127,128,132,136,134,124,107,85,68,71,77,85,90,89,85,86,90,87,76,73,87,106,116,121,125,126,125,121,115,111,109,105,102,105,106,106,104,100,97,95,94,87,79,77,85,91,92,94,99,99,93,87,86,91,99,105,108,103,100,100,103,107,106,100,93,100,102,102,96,90,90,98,107,118,122,129,136,134,120,99,82,58,65,69,67,66,70,76,79,81,90,103,115,123,126,
198,204,199,190,192,193,190,190,180,186,191,190,189,191,194,196,193,191,191,195,198,198,199,200,208,209,210,211,213,214,215,215,217,215,213,209,198,184,174,170,175,180,180,181,185,181,174,176,166,147,163,189,205,210,208,217,217,211,208,207,202,194,192,196,196,193,192,194,195,182,152,125,123,123,125,127,127,126,125,124,130,128,127,127,129,130,130,129,125,124,123,124,125,127,127,127,131,132,129,123,121,123,121,116,116,125,131,130,129,129,126,120,123,127,130,129,125,122,122,124,132,128,128,132,136,137,136,137,141,145,149,150,147,144,142,141,140,136,143,150,146,144,144,140,147,150,155,155,151,148,151,157,148,128,111,108,107,103,107,118,121,129,134,137,149,165,171,166,162,156,150,146,141,137,136,138,140,153,171,185,190,186,178,172,159,162,169,178,181,173,158,146,138,141,155,170,176,180,179,170,147,137,128,127,127,124,117,113,118,118,119,118,116,110,103,98,92,87,86,90,93,100,115,131,131,136,139,134,122,109,100,94,104,114,114,106,99,91,92,103,125,134,141,139,136,132,125,116,110,106,102,100,101,104,107,108,106,102,104,105,104,108,109,100,89,86,86,91,95,96,99,102,124,130,131,120,106,98,97,99,94,89,94,103,110,119,123,118,115,111,107,108,113,119,123,124,127,129,130,127,116,100,80,67,75,81,87,91,90,88,89,91,86,81,83,96,112,122,125,125,127,125,121,116,111,108,108,108,107,105,101,96,93,90,88,87,81,75,78,89,94,88,85,88,90,89,90,95,102,107,108,107,103,100,99,103,108,108,103,97,100,102,102,95,86,83,87,93,109,120,135,142,134,110,82,63,53,60,69,74,74,73,74,76,79,85,94,106,117,123,
184,193,190,183,187,189,184,180,183,190,194,193,192,194,195,194,190,185,183,184,186,186,188,191,196,199,202,205,208,208,208,207,206,198,187,174,157,141,132,132,131,136,137,139,144,137,125,121,125,111,126,150,176,199,202,205,204,203,198,192,190,191,193,194,194,194,194,196,197,188,167,147,142,135,127,124,125,127,125,122,132,130,128,126,127,128,129,130,129,126,123,122,123,125,126,126,131,136,134,125,122,126,127,124,119,128,133,131,132,134,131,124,121,127,132,131,126,122,123,126,133,127,124,128,133,135,137,140,142,145,148,147,142,138,138,139,140,136,143,149,145,140,139,134,142,144,148,151,148,144,146,152,150,133,118,114,112,110,112,117,117,123,131,141,154,165,165,161,154,149,143,139,134,129,128,131,134,149,170,186,192,187,179,172,158,162,163,165,171,173,162,147,140,138,148,163,172,179,179,170,150,138,128,126,128,125,119,116,119,120,121,122,120,116,110,105,91,86,83,85,86,93,111,130,139,141,143,140,129,117,107,102,106,115,115,109,104,96,93,99,118,129,139,139,138,136,128,117,105,102,98,98,101,102,100,97,102,101,105,105,100,103,105,99,93,96,98,93,84,82,92,105,117,124,125,115,103,97,97,98,97,93,97,102,103,110,117,116,112,109,105,107,112,117,120,120,124,124,125,122,112,97,82,72,82,86,90,91,91,91,92,92,89,92,96,104,115,126,129,127,127,124,120,116,114,112,110,110,105,100,94,91,89,88,86,84,80,75,78,90,93,84,78,81,87,92,98,103,105,105,106,106,103,99,98,102,108,111,107,103,101,98,91,84,79,79,84,88,106,121,138,142,127,100,73,57,59,61,70,80,82,78,78,83,88,88,91,99,110,119,
193,193,185,177,172,167,173,188,182,187,190,188,187,189,187,183,176,168,162,162,162,162,165,170,187,190,194,198,199,198,196,194,180,168,152,136,120,109,108,113,124,126,122,122,126,119,104,99,95,84,92,106,136,176,186,182,180,188,190,183,181,185,180,170,178,181,184,190,197,199,192,182,170,154,134,122,123,129,131,129,135,132,129,126,126,127,129,130,131,127,123,121,122,125,126,126,130,137,137,127,123,129,133,131,125,132,134,131,132,136,132,123,119,126,132,132,126,122,124,128,132,125,121,124,129,133,137,140,143,146,147,145,139,135,135,139,139,136,143,149,143,138,135,129,138,138,142,146,146,142,142,145,150,136,122,117,116,115,116,118,117,121,132,146,159,163,159,154,146,141,136,132,127,122,121,124,130,146,168,186,192,188,179,173,157,159,157,153,160,169,162,146,141,135,142,158,170,179,179,171,154,141,129,127,129,128,124,121,118,118,118,118,117,113,108,103,93,85,81,81,81,87,106,126,146,147,148,144,134,122,112,107,109,118,120,115,111,102,95,98,112,125,137,140,141,139,129,117,105,101,97,99,103,103,98,92,100,101,106,105,99,102,107,103,91,89,90,92,93,93,95,99,112,119,121,112,101,97,97,99,103,100,103,104,100,106,117,118,110,107,104,106,111,116,118,117,120,121,121,120,112,98,85,77,87,89,91,92,92,93,93,93,93,100,105,108,116,128,132,129,126,121,117,116,116,114,111,109,102,97,91,89,90,90,88,85,80,73,74,84,86,78,75,80,89,97,104,105,101,100,104,108,102,99,97,102,109,113,111,107,103,93,79,70,71,79,88,94,103,119,135,137,122,99,80,70,73,70,74,85,86,80,79,86,98,93,91,96,106,115,
185,185,187,185,173,163,168,181,175,185,191,189,187,186,178,167,142,117,102,110,120,126,140,158,177,177,188,189,181,186,186,169,143,124,107,100,95,96,115,138,144,151,152,145,140,143,146,145,132,135,127,103,93,119,149,155,164,153,162,172,179,173,150,143,160,180,193,199,208,214,216,221,206,178,143,123,125,133,132,127,132,133,132,129,130,133,133,128,127,126,125,123,121,122,124,126,129,133,128,125,133,136,129,125,126,130,134,134,131,128,124,120,119,123,133,135,127,124,127,126,120,119,129,125,124,130,129,138,139,144,150,148,135,125,130,141,144,146,147,145,140,135,132,131,129,128,129,132,133,131,131,133,140,127,115,114,116,117,119,121,124,127,136,148,158,161,158,155,140,138,133,127,122,118,117,117,123,142,169,185,188,191,182,163,153,144,138,143,150,153,151,149,138,129,127,141,163,177,177,172,158,146,132,128,132,133,126,118,119,114,109,109,111,110,103,97,92,86,83,83,78,79,98,122,139,150,154,145,135,130,124,117,118,120,120,114,104,96,95,96,110,118,132,140,142,144,133,113,101,98,94,94,97,100,101,100,100,101,102,102,102,101,102,102,91,98,109,116,114,105,100,100,108,118,117,109,106,102,96,96,101,98,96,96,99,106,114,121,111,104,101,106,112,116,118,120,116,117,117,114,107,99,90,84,92,92,93,94,94,95,96,96,99,103,107,112,125,136,136,128,127,120,114,113,117,117,111,104,99,92,85,84,86,87,86,85,74,68,67,73,77,76,79,85,99,102,103,100,100,103,105,105,103,103,102,102,107,112,111,106,101,83,70,70,79,97,108,104,111,112,121,128,119,97,81,79,86,97,100,97,101,98,86,80,103,115,121,112,104,105,
184,183,182,180,169,158,161,172,168,178,186,188,185,173,148,124,83,63,52,60,71,81,102,126,142,154,163,162,162,168,157,131,104,85,72,77,91,107,129,150,153,157,158,154,151,152,156,158,172,157,160,169,150,114,93,88,107,115,140,143,128,115,117,142,164,186,200,203,212,219,221,224,224,211,185,153,131,124,127,131,128,129,128,126,127,131,131,128,130,129,128,127,126,125,123,122,126,132,128,125,130,131,128,128,126,129,132,131,131,130,126,121,118,121,131,133,125,122,124,122,116,115,125,122,121,126,123,131,141,144,147,144,132,124,129,139,141,144,146,144,138,131,127,126,125,123,123,125,124,121,120,122,126,117,110,110,112,114,120,126,128,133,143,154,161,159,153,147,138,137,135,130,124,117,112,109,119,139,167,183,187,190,181,161,150,137,128,130,135,135,137,141,134,126,123,136,158,173,175,171,159,147,134,129,132,132,124,116,113,106,100,99,103,105,101,96,92,86,84,84,79,77,92,112,127,140,148,145,139,137,133,127,122,123,120,113,102,95,94,96,106,116,132,140,139,140,130,112,104,98,92,92,97,102,103,103,102,102,102,102,102,102,103,104,99,101,105,107,103,98,98,102,109,115,112,107,109,107,103,103,101,95,90,90,97,106,115,120,109,103,99,104,110,114,117,120,117,116,115,111,105,98,91,87,93,93,94,95,97,98,99,100,102,105,110,119,130,136,133,127,124,120,116,115,115,112,106,101,92,85,79,80,86,89,86,82,77,69,63,65,68,72,83,95,101,104,104,101,101,105,106,105,104,104,102,102,106,111,110,106,102,88,77,75,84,107,124,124,114,113,117,121,113,94,81,78,82,99,109,107,102,90,80,81,89,104,115,116,115,117,
180,176,173,169,160,150,151,157,170,176,182,181,171,146,106,73,65,50,39,39,41,43,56,73,99,127,141,136,138,138,117,93,73,59,55,74,101,123,140,153,142,142,142,142,139,136,137,141,147,149,161,171,168,151,118,83,69,93,120,106,79,79,105,146,163,187,200,200,208,218,221,224,232,234,224,195,161,139,130,128,128,129,128,127,127,130,130,128,131,130,129,129,129,126,120,115,121,128,126,122,125,124,123,126,126,128,128,127,129,131,128,122,118,120,129,131,123,120,121,117,110,110,120,117,117,121,117,123,145,146,147,143,133,127,130,137,134,137,140,138,131,125,121,120,124,121,119,120,118,115,114,116,113,109,106,105,105,109,117,125,127,135,147,158,161,157,147,138,132,132,131,128,122,114,106,102,113,134,164,181,185,189,181,162,152,132,118,118,118,115,121,134,132,125,123,133,153,170,175,173,162,150,137,132,133,131,122,113,104,99,95,97,103,104,99,93,90,86,85,86,81,75,84,99,113,127,139,141,141,142,139,135,129,127,121,111,100,93,92,94,101,112,130,139,136,135,130,116,110,101,92,91,98,105,107,106,104,103,102,101,101,102,104,105,101,101,103,103,99,96,99,105,108,110,105,103,110,112,108,108,102,97,91,92,100,110,116,118,106,100,97,102,110,114,117,119,118,116,112,107,102,97,93,90,93,94,96,97,100,101,103,104,105,107,115,127,136,135,129,125,121,120,119,117,114,108,102,98,90,84,78,81,89,95,93,88,81,70,62,61,64,70,84,98,101,103,102,101,102,106,107,104,106,106,103,102,105,110,110,107,102,92,83,77,86,113,134,134,120,116,115,115,109,96,86,83,98,102,97,89,81,72,73,84,92,106,118,120,120,122,
180,175,169,165,159,151,149,152,171,175,174,164,144,114,78,51,54,47,44,44,42,38,40,45,60,98,117,114,114,101,80,71,57,57,69,94,119,134,140,143,141,138,138,141,138,129,125,128,130,147,152,142,150,173,158,112,66,82,90,61,47,71,100,126,149,173,185,186,195,208,216,220,225,232,234,226,208,184,152,127,131,131,130,129,131,132,131,129,130,127,126,126,127,125,118,112,117,123,122,120,123,119,115,118,126,127,125,123,127,132,130,122,118,118,126,129,122,118,118,112,106,105,115,114,115,120,114,119,142,145,145,141,133,126,124,125,122,126,129,128,124,120,119,120,124,120,117,117,115,112,113,116,111,109,105,101,100,103,110,117,119,131,146,155,158,153,143,135,131,129,126,121,116,111,105,102,105,128,161,179,184,189,182,163,150,127,110,108,105,100,111,131,137,132,129,136,152,169,176,176,165,154,141,135,134,131,122,114,100,97,97,103,110,109,99,90,88,85,85,88,83,77,80,88,103,115,128,135,138,140,139,136,136,132,123,110,98,91,90,92,96,108,126,135,132,134,134,127,120,108,96,93,100,108,110,109,106,103,100,98,99,101,103,104,95,98,104,108,106,102,103,107,106,105,98,98,108,110,104,103,104,105,106,107,111,116,116,113,101,97,98,105,113,116,117,118,118,115,109,104,99,96,94,94,95,95,97,98,100,102,103,104,107,108,118,133,139,133,126,124,120,119,119,118,115,109,102,97,90,85,79,78,86,95,98,97,83,71,63,65,69,73,81,91,99,100,100,99,102,107,107,104,108,107,104,102,104,109,111,109,108,100,90,83,91,117,134,129,122,118,114,113,110,103,96,92,108,96,78,70,72,70,73,84,96,106,112,109,102,100,
186,181,175,171,166,161,158,159,164,167,162,142,114,86,66,55,48,46,46,46,46,42,36,31,37,61,75,84,89,74,56,58,47,61,86,109,125,130,131,132,143,140,143,149,146,135,127,126,139,139,144,146,149,157,149,129,85,72,63,47,50,71,84,100,124,146,158,162,175,192,207,220,219,225,231,236,237,223,187,153,137,132,127,128,131,132,131,129,129,125,122,123,125,124,120,116,117,121,120,121,125,119,111,111,124,125,123,119,123,130,128,120,116,114,120,122,116,114,113,106,102,100,109,110,115,122,117,122,135,139,140,136,126,117,111,108,112,114,117,119,119,121,123,125,122,117,112,110,107,104,105,108,113,109,103,97,95,98,102,105,114,128,144,151,152,149,141,133,135,128,118,110,106,104,102,102,97,122,156,176,182,186,180,162,139,117,101,101,100,98,112,134,143,141,137,140,153,169,177,177,168,157,144,138,136,133,125,118,104,100,98,103,110,110,101,91,86,84,85,88,86,81,80,84,97,106,118,125,131,135,136,136,141,136,125,111,98,90,88,89,95,103,119,129,130,135,140,136,127,115,101,97,103,109,111,110,108,105,100,98,99,101,102,103,93,98,106,112,111,106,105,109,104,102,95,94,101,100,94,94,106,115,124,126,124,121,115,109,102,100,102,111,119,120,118,117,117,113,107,101,97,95,96,97,96,97,98,99,100,102,103,103,107,110,120,133,137,129,122,122,120,117,116,116,116,112,104,98,85,81,72,67,73,86,97,100,84,71,63,67,75,79,84,89,98,101,102,102,104,109,109,107,109,109,105,101,103,108,112,111,119,109,100,97,105,126,133,123,119,117,114,111,110,109,104,99,94,89,82,83,88,81,74,79,93,101,107,103,95,90,
185,181,175,171,167,164,162,161,159,159,148,122,89,66,58,59,68,69,69,68,70,74,70,63,49,46,47,58,69,62,51,51,53,74,99,115,120,120,120,121,130,131,135,142,144,137,129,123,120,115,121,131,133,135,134,127,94,59,49,57,63,60,58,78,95,111,122,130,146,165,188,210,216,224,230,233,238,236,218,196,152,139,126,124,128,130,129,128,128,125,123,123,125,125,124,122,118,121,120,122,126,119,110,110,119,122,120,115,116,124,122,114,111,108,111,113,108,107,107,100,99,95,103,105,114,126,124,129,134,138,137,128,115,106,100,96,103,104,107,112,118,123,125,126,120,113,106,101,96,91,92,95,108,105,99,92,88,91,95,96,111,127,143,149,148,146,139,131,130,120,106,95,90,90,92,93,91,117,152,173,178,182,175,158,131,114,103,106,108,111,125,143,146,146,143,142,152,167,176,176,169,158,145,139,137,136,130,124,114,105,96,96,103,107,103,97,88,85,85,88,89,86,85,86,93,98,106,113,120,127,133,136,140,135,125,112,100,92,89,88,95,98,111,123,128,135,139,134,124,114,102,99,104,110,112,111,111,106,101,99,99,101,101,100,95,99,106,111,109,105,106,110,105,103,96,92,94,89,85,90,107,121,132,133,129,126,121,115,111,108,111,119,124,122,118,115,114,111,105,100,97,96,96,97,98,99,99,101,102,103,104,105,110,114,123,130,131,125,120,119,118,115,111,111,113,111,105,99,84,78,65,57,64,83,97,101,84,71,63,67,75,82,90,97,101,106,108,107,108,110,112,111,110,109,105,101,102,108,113,114,120,109,105,109,118,131,132,120,115,116,112,106,104,107,105,100,93,100,102,99,93,78,67,70,74,84,93,96,93,91,
178,175,171,165,161,159,157,157,154,145,126,99,74,63,66,75,88,97,103,105,113,126,132,129,90,72,59,54,50,51,52,49,63,83,106,118,121,121,117,113,121,125,130,135,139,140,133,125,110,108,106,103,105,118,120,107,83,51,44,52,57,48,40,55,69,76,82,92,107,122,149,181,199,214,225,228,232,237,231,220,185,160,134,124,125,127,127,125,126,126,126,126,126,126,126,126,115,119,118,120,122,115,110,116,112,119,118,110,109,116,115,107,109,103,104,106,102,103,103,96,94,88,96,99,112,128,129,136,135,137,130,114,98,91,90,90,94,94,98,106,116,121,120,117,110,102,93,87,81,76,77,80,98,100,95,85,78,79,84,87,104,123,141,146,145,143,136,127,120,110,96,87,84,86,87,88,92,119,154,173,177,179,171,154,133,121,113,116,120,125,134,145,147,150,148,145,152,166,175,176,168,157,144,138,137,137,133,129,122,110,97,95,102,108,107,103,92,88,86,88,91,91,90,90,91,92,95,99,106,115,124,130,136,131,123,113,103,96,92,90,96,94,105,119,127,132,131,122,113,106,99,98,103,109,112,113,110,105,99,97,97,98,96,94,92,97,105,112,111,107,108,112,108,107,99,91,88,82,83,95,112,122,128,127,128,133,135,131,125,121,120,124,126,123,117,114,111,108,104,100,98,96,97,97,100,101,102,104,106,108,109,110,115,122,127,126,124,121,118,115,115,112,109,106,105,103,101,99,87,75,58,51,64,88,101,102,79,71,66,70,75,80,91,102,105,111,115,112,109,109,111,112,110,109,105,100,101,108,115,117,115,104,106,118,125,131,130,122,115,117,112,100,96,100,101,98,102,111,109,99,91,79,67,66,58,60,64,68,72,73,
175,174,170,163,158,156,155,155,141,125,101,79,69,73,88,102,112,125,133,131,133,142,146,143,123,106,88,61,33,35,48,46,58,78,102,118,127,129,122,113,113,117,120,122,129,134,129,118,115,102,97,101,107,116,117,108,85,66,58,50,55,61,52,52,52,53,54,63,75,85,113,149,177,197,217,226,234,240,233,220,216,183,146,127,126,126,125,123,124,125,127,127,126,125,125,126,111,116,116,116,116,110,110,120,108,116,116,107,104,110,109,102,108,102,102,103,100,102,102,96,91,84,90,94,109,128,132,140,133,132,120,97,79,75,79,83,87,87,91,102,114,118,113,107,94,86,77,71,66,62,63,67,91,96,94,81,69,69,76,81,95,116,137,144,143,141,134,125,115,107,97,91,91,93,94,95,96,123,158,176,178,179,171,152,135,126,120,120,124,128,133,137,147,151,150,147,153,167,176,177,166,156,143,136,136,137,135,132,126,113,102,101,108,114,112,106,96,90,87,88,92,93,93,92,92,89,88,89,95,104,114,122,131,128,122,114,105,99,94,93,97,92,101,117,126,129,124,111,102,98,95,96,101,108,113,115,107,102,96,94,94,94,91,88,85,93,106,116,117,113,111,113,111,110,101,91,85,79,85,102,117,122,122,119,126,139,147,147,137,130,126,126,127,122,117,114,109,107,104,101,98,97,96,96,102,103,105,107,109,112,113,114,119,127,130,124,119,119,117,113,111,110,108,103,98,96,97,99,86,71,53,47,64,91,102,99,74,71,72,76,76,77,87,99,107,114,118,114,107,106,108,110,109,109,105,100,101,108,115,118,114,104,110,125,130,130,130,127,118,120,113,97,90,94,97,95,100,107,105,100,104,98,80,67,71,63,56,56,61,63,
180,175,170,162,156,158,152,136,117,83,70,67,74,95,113,133,133,129,131,139,141,138,140,146,140,132,118,94,64,42,39,46,63,76,91,111,130,131,118,111,112,110,113,119,123,122,119,119,113,112,111,110,112,112,108,102,72,72,75,81,90,95,92,85,87,84,83,78,61,54,79,114,152,181,220,230,231,236,229,232,217,202,161,130,127,123,116,120,123,119,123,130,128,119,116,121,116,114,111,114,113,102,100,115,113,113,104,107,108,105,110,104,97,108,111,97,89,101,104,88,86,85,87,94,105,118,129,134,135,127,112,94,77,70,71,74,75,79,87,97,103,103,99,96,85,81,76,75,79,83,87,89,95,101,102,96,88,87,89,91,116,134,146,145,145,147,135,117,105,105,106,108,106,106,112,119,130,136,156,175,179,175,165,152,132,130,127,126,128,132,137,140,147,148,149,150,153,162,173,181,173,159,146,140,138,135,133,134,130,121,108,102,106,115,116,113,98,93,90,93,96,95,94,95,93,92,90,87,87,92,102,110,116,119,119,115,110,106,100,93,96,97,104,115,124,125,116,108,100,92,88,92,99,104,106,108,102,97,87,85,91,89,85,89,86,92,104,118,126,126,123,122,113,109,105,102,98,93,93,96,109,109,109,111,122,139,152,158,149,137,131,129,123,121,117,108,109,105,101,101,99,97,98,100,103,105,110,114,116,116,117,119,128,125,124,128,129,125,120,117,117,118,115,105,94,89,93,98,87,76,52,37,55,89,98,84,68,75,84,88,85,84,91,101,106,111,113,111,109,108,108,106,107,107,103,98,99,106,111,112,106,105,110,121,131,134,133,133,126,118,106,89,79,86,93,88,81,91,100,107,115,117,106,91,88,72,59,60,66,68,
180,172,165,157,153,153,143,122,91,68,70,79,90,108,119,133,134,129,131,137,140,138,140,146,140,141,138,126,99,69,48,40,48,65,85,106,125,127,120,118,114,112,113,117,118,114,110,109,105,106,107,106,106,104,97,89,76,87,103,119,133,142,142,139,140,144,147,145,133,114,95,84,112,154,206,217,217,229,235,243,224,210,164,121,115,123,122,121,118,114,116,123,123,116,113,117,111,108,104,106,106,96,97,111,111,113,104,106,105,101,107,102,105,111,111,95,80,84,87,76,78,86,94,98,100,107,121,132,133,129,120,108,97,92,93,96,95,94,95,98,101,102,99,96,103,101,99,102,109,119,126,130,122,120,118,115,113,112,115,118,132,144,151,148,146,145,135,121,109,107,106,106,104,106,113,121,130,136,156,174,177,174,164,150,132,131,129,129,132,135,139,140,142,143,144,146,151,160,172,181,175,163,150,144,141,137,134,134,131,123,110,103,105,112,113,109,98,96,95,97,96,93,92,93,94,94,92,89,87,90,97,102,112,117,120,118,115,110,102,95,96,97,104,115,125,127,121,114,105,96,89,91,97,101,105,107,107,102,90,85,88,85,81,86,86,98,116,128,129,125,121,120,112,108,105,102,97,92,92,95,107,109,109,111,120,135,146,151,144,135,131,129,122,118,115,106,107,104,102,102,99,96,95,98,102,108,115,117,116,116,120,125,132,124,119,122,127,125,119,114,117,120,118,107,93,87,92,100,90,77,53,40,53,79,87,77,68,81,95,98,92,89,92,98,101,106,109,108,107,108,108,106,106,106,101,97,98,104,110,112,103,102,107,119,130,133,132,132,127,119,109,94,83,87,91,83,71,84,100,111,120,122,110,95,88,73,62,66,79,86,
173,162,154,149,146,144,130,106,72,58,74,92,107,122,126,134,133,128,127,132,134,133,137,143,129,129,130,126,110,83,57,41,49,66,83,97,110,110,106,110,118,115,115,117,115,108,102,100,104,107,109,107,106,104,96,88,90,106,124,136,145,151,152,149,154,163,169,170,173,166,138,106,91,128,184,206,212,228,232,234,224,214,166,111,98,113,120,117,116,111,110,115,117,113,111,111,112,108,102,101,101,92,92,105,114,116,106,104,98,91,96,93,94,97,99,90,77,79,87,85,92,100,109,110,109,112,123,134,131,131,129,125,120,117,118,120,118,116,114,114,117,117,114,110,108,107,107,112,119,129,137,141,139,129,123,126,129,130,133,138,149,153,155,152,148,143,136,129,124,122,119,117,113,110,113,119,127,134,154,171,175,172,162,146,126,124,123,125,129,132,135,136,134,136,138,141,147,158,171,180,178,167,154,147,142,138,134,133,133,125,113,105,105,110,109,106,99,98,99,100,97,91,89,91,93,94,94,92,89,88,91,94,104,111,117,118,117,113,104,96,96,97,103,114,125,129,125,119,109,100,92,92,95,99,103,106,109,105,92,85,86,82,81,88,92,111,131,138,132,123,119,118,112,109,106,103,98,92,91,94,104,107,109,111,118,130,139,142,138,132,131,127,117,113,111,104,106,103,102,102,98,94,95,98,104,112,120,120,117,117,124,131,134,121,112,115,123,124,117,111,117,120,118,107,93,87,92,100,90,75,53,43,51,67,74,72,77,94,105,102,93,91,94,96,95,100,104,104,104,107,107,106,104,102,97,92,93,100,107,110,101,100,106,119,129,133,132,132,128,121,115,103,92,92,92,81,67,78,89,97,105,110,106,97,88,75,66,72,87,98,
166,157,152,149,143,139,124,102,75,64,82,100,113,127,130,136,131,126,123,124,124,124,128,134,149,145,143,141,132,110,82,61,51,62,70,80,94,101,106,115,117,115,115,116,113,105,99,97,106,108,106,102,103,106,104,98,116,126,136,140,144,150,151,148,148,158,162,159,160,163,152,136,73,74,113,153,185,215,225,228,221,213,174,121,96,102,113,115,118,113,110,111,113,112,108,106,111,108,101,99,97,87,84,94,109,112,104,102,96,89,96,94,87,87,94,98,94,98,109,113,121,121,121,121,123,126,131,135,133,134,135,134,132,131,132,133,134,135,136,138,142,144,141,135,131,130,130,131,133,136,138,139,136,126,121,128,132,131,136,145,155,154,155,155,151,144,138,136,135,133,132,130,122,112,107,106,120,129,150,167,171,170,160,144,139,134,129,127,128,130,131,131,127,129,132,136,143,155,170,180,179,168,153,143,136,133,131,130,133,127,117,108,107,109,109,106,100,99,100,102,100,94,89,88,91,93,95,95,93,91,90,90,95,103,110,114,114,111,104,97,96,97,102,112,122,126,124,120,109,101,94,94,96,98,101,104,108,105,94,86,85,83,85,95,106,124,140,139,129,122,119,117,113,110,107,105,100,93,91,93,98,104,109,112,119,127,134,135,134,131,130,123,110,107,109,105,105,103,102,100,97,94,98,105,110,117,122,120,118,120,126,130,127,116,109,113,120,121,116,111,117,116,112,103,93,89,93,99,86,70,52,45,50,60,68,72,93,104,106,94,86,90,95,94,93,97,101,101,103,106,106,104,98,96,90,83,85,93,102,105,102,102,108,120,130,133,132,131,126,121,118,112,103,102,98,86,72,75,77,78,85,98,108,111,91,83,75,74,77,81,
166,161,160,156,144,135,122,105,81,73,90,105,115,127,128,132,130,125,120,118,117,117,121,125,140,141,146,156,164,156,134,114,87,84,73,69,78,87,94,104,106,105,108,110,107,100,95,95,99,98,90,83,88,101,107,105,116,124,131,136,147,159,162,157,141,147,153,155,155,154,152,151,104,57,67,113,153,187,209,226,222,213,190,150,113,99,109,119,120,117,112,109,109,109,104,99,103,102,96,94,93,83,78,85,95,102,98,102,103,101,111,111,106,101,108,117,118,121,128,130,135,134,130,124,121,123,129,135,135,135,135,135,135,137,139,141,144,146,146,146,149,154,153,150,154,154,154,152,149,144,140,137,133,128,128,135,137,134,141,152,156,154,154,156,152,143,137,136,129,127,125,123,115,105,99,98,112,123,145,163,168,169,160,142,132,124,113,105,103,104,104,103,124,125,128,132,140,153,168,178,177,166,149,134,126,125,126,126,131,127,120,112,109,111,111,108,103,98,97,102,104,100,92,87,87,90,94,97,97,95,94,93,92,99,105,108,110,109,105,99,95,96,101,109,117,121,119,116,105,99,95,96,98,99,100,103,108,107,97,88,85,83,87,101,119,132,137,128,119,118,118,116,115,112,110,108,102,95,92,93,93,100,108,114,120,127,132,133,133,131,128,117,103,103,108,106,107,104,102,99,95,95,105,115,119,120,119,117,118,124,126,124,115,110,109,114,118,117,114,113,116,111,104,97,94,93,95,96,85,69,53,48,51,56,64,72,97,101,96,85,83,91,95,92,94,98,100,100,102,105,104,101,93,89,81,74,76,86,95,100,102,102,108,120,129,131,129,127,121,116,117,116,110,109,104,93,80,81,81,84,93,108,120,126,128,126,120,109,97,88,
164,162,164,158,140,126,115,102,80,74,94,109,118,128,125,127,130,125,120,116,114,115,118,121,117,117,122,137,157,169,166,156,133,117,88,68,68,72,75,81,91,93,97,101,99,94,90,91,93,87,74,66,77,98,109,108,107,115,123,131,146,160,158,148,143,138,139,148,155,154,155,158,142,77,79,127,154,171,193,218,221,210,199,173,127,98,105,121,120,120,115,108,105,105,100,92,97,98,94,93,95,88,82,87,94,101,99,107,110,110,120,118,121,114,118,127,127,129,133,132,135,140,139,126,111,110,124,139,135,134,134,134,137,140,145,147,151,152,147,138,136,142,147,147,150,152,153,152,146,140,134,131,134,135,139,143,141,139,147,158,156,155,156,156,151,142,134,130,120,115,111,108,105,101,101,104,107,120,143,161,167,169,160,142,137,129,118,113,115,119,123,124,124,125,127,131,138,151,166,176,175,164,146,127,119,119,122,122,128,127,122,114,111,112,113,111,104,98,97,102,107,103,93,87,85,88,93,97,99,99,97,96,93,99,105,107,108,109,106,101,95,97,101,107,114,116,115,112,101,97,95,97,99,99,100,102,110,110,101,90,84,80,85,100,124,133,131,116,107,112,117,114,116,113,112,110,104,96,92,93,88,98,108,115,121,128,132,133,133,131,127,113,99,101,108,106,108,106,103,98,94,96,109,123,125,123,117,113,119,127,126,120,106,107,111,116,118,115,114,115,115,107,98,93,94,96,96,95,88,72,56,49,50,54,62,70,89,90,87,84,87,95,95,91,97,99,100,100,102,104,102,98,89,85,76,68,69,80,92,97,101,100,106,118,127,128,125,123,116,110,112,114,111,111,108,98,89,92,98,106,113,118,119,118,116,121,120,108,92,81,